beginning max_mode=1 variables=8
evaluation=1 objective=1.1764 qs=3.76347418279e-26 aspect=5 mean_iota=2.58228211809e-30 solver_iterations=1545
evaluation=2 objective=1.1764 qs=1.8947159253e-14 aspect=5 mean_iota=3.59680684932e-23 solver_iterations=1545
evaluation=3 objective=1.17640000001 qs=5.66258774886e-12 aspect=5 mean_iota=-1.22154979659e-13 solver_iterations=1545
evaluation=4 objective=1.19223619151 qs=6.74119912969e-26 aspect=4.99211300658 mean_iota=4.79571508753e-31 solver_iterations=1446
evaluation=5 objective=1.17640000001 qs=5.66258783953e-12 aspect=5 mean_iota=1.22154979723e-13 solver_iterations=1545
evaluation=6 objective=1.1764 qs=1.86113747183e-14 aspect=5 mean_iota=5.28239498008e-23 solver_iterations=1545
evaluation=7 objective=1.17640000001 qs=5.51510396178e-12 aspect=5 mean_iota=-1.21223211347e-13 solver_iterations=1545
evaluation=8 objective=1.19223619151 qs=3.52398505741e-26 aspect=4.99211300658 mean_iota=2.47338976646e-32 solver_iterations=1453
evaluation=9 objective=1.17640000001 qs=5.51510401867e-12 aspect=5 mean_iota=1.21223211386e-13 solver_iterations=1545
 iter   nfev              cost        optimality       radius
    0      9             0.5882       12.47043156 0.2828427125
evaluation=10 objective=89.2453660079 qs=84.8829283687 aspect=3.95401914956 mean_iota=1.4137927183e-09 solver_iterations=1433
evaluation=11 objective=0.299011275291 qs=0.10089840872 aspect=6.14735286414 mean_iota=1.24415402006e-12 solver_iterations=1076
evaluation=12 objective=0.299011275291 qs=0.10089840872 aspect=6.14735286414 mean_iota=9.92163674468e-13 solver_iterations=1076
evaluation=13 objective=0.298753635116 qs=0.10059237552 aspect=6.14751676575 mean_iota=-7.54991030907e-08 solver_iterations=1075
evaluation=14 objective=0.295724304501 qs=0.100285187925 aspect=6.13798230522 mean_iota=-2.66376486783e-11 solver_iterations=1090
evaluation=15 objective=0.299276387672 qs=0.10121186869 aspect=6.14718897564 mean_iota=8.99637649692e-08 solver_iterations=1076
evaluation=16 objective=0.299011275291 qs=0.10089840872 aspect=6.14735286414 mean_iota=1.24521264421e-12 solver_iterations=1076
evaluation=17 objective=0.298755689063 qs=0.100594417605 aspect=6.14751676575 mean_iota=-8.96209989525e-08 solver_iterations=1076
evaluation=18 objective=0.295725955675 qs=0.100286839146 aspect=6.13798230522 mean_iota=2.91096281869e-11 solver_iterations=1080
evaluation=19 objective=0.299274258082 qs=0.101209726417 aspect=6.14718897564 mean_iota=7.48649361402e-08 solver_iterations=1076
evaluation=20 objective=0.299011275291 qs=0.10089840872 aspect=6.14735286414 mean_iota=1.24415402006e-12 solver_iterations=1076
accepted mode=1 iteration=1 objective=0.299011275291
    1     19       0.1495056376       3.337922772 0.1414213562
evaluation=21 objective=0.183708667032 qs=0.00683597268438 aspect=5.97826881197 mean_iota=-5.35493465498e-07 solver_iterations=969
evaluation=22 objective=0.183708665093 qs=0.0068359731496 aspect=5.97826881196 mean_iota=-5.32630064147e-07 solver_iterations=969
evaluation=23 objective=0.18368645619 qs=0.00681547159926 aspect=5.97831015445 mean_iota=-6.37131429165e-07 solver_iterations=969
evaluation=24 objective=0.184159993298 qs=0.00679342695664 aspect=5.96892127487 mean_iota=-8.08554228663e-07 solver_iterations=1035
evaluation=25 objective=0.183733081741 qs=0.00685875286248 aspect=5.97822718791 mean_iota=-3.25633661719e-07 solver_iterations=969
evaluation=26 objective=0.183708627142 qs=0.00683593535787 aspect=5.97826881197 mean_iota=-5.32441534306e-07 solver_iterations=969
evaluation=27 objective=0.183686344577 qs=0.00681548301019 aspect=5.97831015383 mean_iota=-4.90641896292e-07 solver_iterations=969
evaluation=28 objective=0.184160112489 qs=0.006794001728 aspect=5.96892127211 mean_iota=-2.6599209982e-07 solver_iterations=1116
evaluation=29 objective=0.183732519105 qs=0.00685786414987 aspect=5.97822719006 mean_iota=-7.13931136731e-07 solver_iterations=969
evaluation=30 objective=0.183708667032 qs=0.00683597268438 aspect=5.97826881197 mean_iota=-5.35493465498e-07 solver_iterations=969
accepted mode=1 iteration=2 objective=0.183708667032
    2     28      0.09185433352      0.3477148674 0.1414213562
evaluation=31 objective=0.178733483503 qs=0.000206325587878 aspect=5.99818048178 mean_iota=-0.00252082465692 solver_iterations=1430
evaluation=32 objective=0.17873454904 qs=0.000206343545074 aspect=5.99818050703 mean_iota=-0.00252206444168 solver_iterations=1430
evaluation=33 objective=0.178724051511 qs=0.000209884204707 aspect=5.99818407219 mean_iota=-0.00250546707973 solver_iterations=1430
evaluation=34 objective=0.178849530614 qs=0.000206600637269 aspect=5.98872729914 mean_iota=-0.00251136812175 solver_iterations=1028
evaluation=35 objective=0.178733090785 qs=0.000209479945816 aspect=5.99817569325 mean_iota=-0.002516606471 solver_iterations=1430
evaluation=36 objective=0.178734773408 qs=0.00020657991077 aspect=5.99818048178 mean_iota=-0.00252205013578 solver_iterations=1430
evaluation=37 objective=0.178734049657 qs=0.000206377424459 aspect=5.99818251132 mean_iota=-0.00252144202098 solver_iterations=1430
evaluation=38 objective=0.178851277101 qs=0.000204558347819 aspect=5.98872390443 mean_iota=-0.00251576115258 solver_iterations=1083
evaluation=39 objective=0.178736896903 qs=0.000208332050555 aspect=5.99817348411 mean_iota=-0.00252245939416 solver_iterations=1430
evaluation=40 objective=0.178733483503 qs=0.000206325587878 aspect=5.99818048178 mean_iota=-0.00252082465692 solver_iterations=1430
accepted mode=1 iteration=3 objective=0.178733483503
    3     37      0.08936674175      0.1927633825 0.1414213562
evaluation=41 objective=1.32655970828 qs=0.809959625528 aspect=6.45042369706 mean_iota=-0.14010586132 solver_iterations=1508
evaluation=42 objective=0.19999395519 qs=0.0157512737333 aspect=6.05177729449 mean_iota=-0.00610068438282 solver_iterations=1396
evaluation=43 objective=0.175858796481 qs=0.000642561453915 aspect=6.00343915219 mean_iota=0.00142574462953 solver_iterations=1422
evaluation=44 objective=0.175860380212 qs=0.000643352057643 aspect=6.00343911993 mean_iota=0.00142479694943 solver_iterations=1422
evaluation=45 objective=0.175859270251 qs=0.000643512781831 aspect=6.00344972592 mean_iota=0.00142640209873 solver_iterations=1422
evaluation=46 objective=0.175890925633 qs=0.000642664922576 aspect=5.99397614491 mean_iota=0.00141670616184 solver_iterations=970
evaluation=47 objective=0.175852963792 qs=0.000645887389327 aspect=6.00344288383 mean_iota=0.0014367157124 solver_iterations=1422
evaluation=48 objective=0.175860369102 qs=0.000643481873207 aspect=6.00343915219 mean_iota=0.0014249655542 solver_iterations=1422
evaluation=49 objective=0.175857045191 qs=0.000640345120126 aspect=6.00344939436 mean_iota=0.00142527339804 solver_iterations=1422
evaluation=50 objective=0.175884517516 qs=0.000640611210477 aspect=5.993979626 mean_iota=0.00142185747201 solver_iterations=1035
evaluation=51 objective=0.175858828411 qs=0.000642564167465 aspect=6.00343905468 mean_iota=0.0014257089281 solver_iterations=1422
evaluation=52 objective=0.175858796481 qs=0.000642561453915 aspect=6.00343915219 mean_iota=0.00142574462953 solver_iterations=1422
accepted mode=1 iteration=4 objective=0.175858796481
    4     48      0.08792939824      0.15504440460.008838834765
evaluation=53 objective=0.170770139882 qs=0.00085301064989 aspect=6.00409490908 mean_iota=0.00781028524243 solver_iterations=1151
evaluation=54 objective=0.170771435089 qs=0.000853788507593 aspect=6.00409488455 mean_iota=0.0078096574373 solver_iterations=1151
evaluation=55 objective=0.170770267369 qs=0.000854522079358 aspect=6.00410181876 mean_iota=0.00781203271736 solver_iterations=1151
evaluation=56 objective=0.170807102462 qs=0.000854095726188 aspect=5.99459415261 mean_iota=0.00778187382145 solver_iterations=1061
evaluation=57 objective=0.170748331407 qs=0.000860175861747 aspect=6.00413186633 mean_iota=0.00784580163988 solver_iterations=1151
evaluation=58 objective=0.170769517191 qs=0.000852121812296 aspect=6.00409490908 mean_iota=0.00780996239796 solver_iterations=1151
evaluation=59 objective=0.170770322034 qs=0.000852460084272 aspect=6.00410120923 mean_iota=0.00780945906933 solver_iterations=1151
evaluation=60 objective=0.170800250296 qs=0.000852710975626 aspect=5.99459867648 mean_iota=0.00778844627501 solver_iterations=1092
evaluation=61 objective=0.170781994177 qs=0.00085237502196 aspect=6.00406310735 mean_iota=0.00779482012749 solver_iterations=1151
evaluation=62 objective=0.170770139882 qs=0.00085301064989 aspect=6.00409490908 mean_iota=0.00781028524243 solver_iterations=1151
accepted mode=1 iteration=5 objective=0.170770139882
    5     57      0.08538506994      0.27872409520.01767766953
evaluation=63 objective=0.151859552849 qs=0.00374374405485 aspect=6.01718300028 mean_iota=0.0355256142525 solver_iterations=1561
evaluation=64 objective=0.15185967755 qs=0.00374383645621 aspect=6.01718299769 mean_iota=0.035525572132 solver_iterations=1561
evaluation=65 objective=0.151861963485 qs=0.00374667509546 aspect=6.01718871248 mean_iota=0.0355265463609 solver_iterations=1560
evaluation=66 objective=0.1517105621 qs=0.00374389228193 aspect=6.0075268368 mean_iota=0.0354092869746 solver_iterations=1618
evaluation=67 objective=0.151793184446 qs=0.00377257383995 aspect=6.0173541752 mean_iota=0.035657128063 solver_iterations=1552
evaluation=68 objective=0.151855657148 qs=0.003740183032 aspect=6.01718300028 mean_iota=0.0355260494936 solver_iterations=1561
evaluation=69 objective=0.15185834878 qs=0.0037424279694 aspect=6.01718872448 mean_iota=0.0355257244485 solver_iterations=1560
evaluation=70 objective=0.151704185303 qs=0.00374589156504 aspect=6.00752618102 mean_iota=0.0354201638973 solver_iterations=1570
evaluation=71 objective=0.151919912327 qs=0.00374047038616 aspect=6.01701116906 mean_iota=0.0354352303338 solver_iterations=1552
evaluation=72 objective=0.151859552849 qs=0.00374374405485 aspect=6.01718300028 mean_iota=0.0355256142525 solver_iterations=1561
accepted mode=1 iteration=6 objective=0.151859552849
    6     66      0.07592977642       0.4875426810.03535533906
evaluation=73 objective=0.100129484279 qs=0.0139308079072 aspect=6.06303953799 mean_iota=0.133251516095 solver_iterations=1425
evaluation=74 objective=0.100137452462 qs=0.013937523101 aspect=6.063039335 mean_iota=0.133249286654 solver_iterations=1425
evaluation=75 objective=0.100128087751 qs=0.0139298384627 aspect=6.06304227271 mean_iota=0.13325286202 solver_iterations=1416
evaluation=76 objective=0.0991754236949 qs=0.0139454370744 aspect=6.05277613001 mean_iota=0.132868206704 solver_iterations=1421
evaluation=77 objective=0.100059354667 qs=0.014011965525 aspect=6.06374541582 mean_iota=0.133671672542 solver_iterations=1422
evaluation=78 objective=0.100114244724 qs=0.0139170829028 aspect=6.06303953799 mean_iota=0.133254157012 solver_iterations=1425
evaluation=79 objective=0.100131401196 qs=0.0139320838671 aspect=6.06304305139 mean_iota=0.133251170883 solver_iterations=1425
evaluation=80 objective=0.0991628150586 qs=0.0139265340818 aspect=6.05272147299 mean_iota=0.13284720572 solver_iterations=1421
evaluation=81 objective=0.1002097308 qs=0.0138995840616 aspect=6.0622782115 mean_iota=0.132891011791 solver_iterations=1423
evaluation=82 objective=0.100129484279 qs=0.0139308079072 aspect=6.06303953799 mean_iota=0.133251516095 solver_iterations=1425
accepted mode=1 iteration=7 objective=0.100129484279
    7     75      0.05006474214       1.0059218650.07071067812
evaluation=83 objective=0.0423011275343 qs=0.0194849338898 aspect=6.09998238096 mean_iota=0.306775810265 solver_iterations=1327
evaluation=84 objective=0.0423484104133 qs=0.0195272315618 aspect=6.09998415417 mean_iota=0.306755363189 solver_iterations=1327
evaluation=85 objective=0.0423158180036 qs=0.0195008810031 aspect=6.09997440533 mean_iota=0.306774317052 solver_iterations=1300
evaluation=86 objective=0.0401150030333 qs=0.0193040310662 aspect=6.08852198204 mean_iota=0.306092885814 solver_iterations=1277
evaluation=87 objective=0.0429234011477 qs=0.0199171859767 aspect=6.10182306301 mean_iota=0.307579899435 solver_iterations=1305
evaluation=88 objective=0.0422557252978 qs=0.0194441437342 aspect=6.09998238096 mean_iota=0.306796179127 solver_iterations=1329
evaluation=89 objective=0.0423069074292 qs=0.0194915937726 aspect=6.0999760327 mean_iota=0.306774090678 solver_iterations=1300
evaluation=90 objective=0.0404944506718 qs=0.0197151746988 aspect=6.08802012278 mean_iota=0.305843379695 solver_iterations=1319
evaluation=91 objective=0.042230631961 qs=0.0196985433469 aspect=6.09763746431 mean_iota=0.305986780687 solver_iterations=1305
evaluation=92 objective=0.0423011275343 qs=0.0194849338898 aspect=6.09998238096 mean_iota=0.306775810265 solver_iterations=1327
accepted mode=1 iteration=8 objective=0.0423011275343
    8     84      0.02115056377        2.11172111 0.1414213562
evaluation=93 objective=0.214700179856 qs=0.201866788238 aspect=6.10495088286 mean_iota=0.377353736343 solver_iterations=1185
evaluation=94 objective=0.0196885662438 qs=0.0145248245329 aspect=6.01225297055 mean_iota=0.349193175304 solver_iterations=1331
evaluation=95 objective=0.0197303141586 qs=0.014561295323 aspect=6.01225598329 mean_iota=0.349156442006 solver_iterations=1331
evaluation=96 objective=0.0196947329654 qs=0.0145311665617 aspect=6.01223535265 mean_iota=0.349191366703 solver_iterations=1332
evaluation=97 objective=0.0196242231526 qs=0.0145154009314 aspect=6.00069332248 mean_iota=0.348527337218 solver_iterations=1311
evaluation=98 objective=0.0198955215533 qs=0.0147978702674 aspect=6.01432320329 mean_iota=0.350053612435 solver_iterations=1297
evaluation=99 objective=0.0196356463001 qs=0.0144768790396 aspect=6.01225297055 mean_iota=0.349228310934 solver_iterations=1331
evaluation=100 objective=0.0196944967124 qs=0.0145306929932 aspect=6.0122412942 mean_iota=0.349190717872 solver_iterations=1318
evaluation=101 objective=0.0198041839485 qs=0.0146328185781 aspect=5.99990919026 mean_iota=0.348087851346 solver_iterations=1311
evaluation=102 objective=0.019846771845 qs=0.0146198701099 aspect=6.0093910027 mean_iota=0.34831519824 solver_iterations=1306
evaluation=103 objective=0.0196885662438 qs=0.0145248245329 aspect=6.01225297055 mean_iota=0.349193175304 solver_iterations=1331
accepted mode=1 iteration=9 objective=0.0196885662438
    9     94     0.009844283122      0.23854822150.07071067812
evaluation=104 objective=0.0211768148445 qs=0.020223817992 aspect=6.01133505801 mean_iota=0.391285660161 solver_iterations=1199
evaluation=105 objective=0.0150878393084 qs=0.0123335514279 aspect=6.00518441387 mean_iota=0.367775391496 solver_iterations=1286
evaluation=106 objective=0.0151203724126 qs=0.0123611791298 aspect=6.00518851322 mean_iota=0.367728854868 solver_iterations=1287
evaluation=107 objective=0.0150909284075 qs=0.0123366018107 aspect=6.00515984551 mean_iota=0.367772587742 solver_iterations=1292
evaluation=108 objective=0.0152545641131 qs=0.0124173557328 aspect=5.99352358796 mean_iota=0.367129739291 solver_iterations=1286
evaluation=109 objective=0.0152088188503 qs=0.0125184992442 aspect=6.00736075575 mean_iota=0.368656656898 solver_iterations=1292
evaluation=110 objective=0.0150416658549 qs=0.0122919926528 aspect=6.00518441387 mean_iota=0.367819591273 solver_iterations=1287
evaluation=111 objective=0.015089849897 qs=0.0123353654391 aspect=6.00516919715 mean_iota=0.367772001199 solver_iterations=1295
evaluation=112 objective=0.0152942643164 qs=0.0123867428457 aspect=5.99258908808 mean_iota=0.366590264414 solver_iterations=1304
evaluation=113 objective=0.0152006058557 qs=0.0123727664719 aspect=6.00206204031 mean_iota=0.366862561469 solver_iterations=1292
evaluation=114 objective=0.0150878393084 qs=0.0123335514279 aspect=6.00518441387 mean_iota=0.367775391496 solver_iterations=1286
accepted mode=1 iteration=10 objective=0.0150878393084
   10    104     0.007543919654     0.078167649450.03535533906
evaluation=115 objective=0.0109124701185 qs=0.00999398509906 aspect=6.00342113125 mean_iota=0.389887197401 solver_iterations=1240
evaluation=116 objective=0.0109446747916 qs=0.010022184933 aspect=6.00342954724 mean_iota=0.389821728606 solver_iterations=1240
evaluation=117 objective=0.0110000930993 qs=0.0100815864503 aspect=6.00337974531 mean_iota=0.389882165241 solver_iterations=1242
evaluation=118 objective=0.011035409785 qs=0.0100235616841 aspect=5.99166355429 mean_iota=0.389302251325 solver_iterations=1366
evaluation=119 objective=0.0112241647078 qs=0.0103409886998 aspect=6.00568078509 mean_iota=0.390829729368 solver_iterations=1232
evaluation=120 objective=0.0109263411375 qs=0.0100112755454 aspect=6.00342113125 mean_iota=0.389944027997 solver_iterations=1240
evaluation=121 objective=0.0108707079523 qs=0.00995161696397 aspect=6.00341526666 mean_iota=0.389876471954 solver_iterations=1239
evaluation=122 objective=0.011253832051 qs=0.010176251173 aspect=5.99051917534 mean_iota=0.388572387273 solver_iterations=1243
evaluation=123 objective=0.0111576991609 qs=0.0101956293841 aspect=5.99997855224 mean_iota=0.38898275775 solver_iterations=1226
evaluation=124 objective=0.0109124701185 qs=0.00999398509906 aspect=6.00342113125 mean_iota=0.389887197401 solver_iterations=1240
accepted mode=1 iteration=11 objective=0.0109124701185
   11    113     0.005456235059      0.85198581910.07071067812
evaluation=125 objective=0.0185019236894 qs=0.0118056440704 aspect=6.07792504347 mean_iota=0.395020664155 solver_iterations=1191
evaluation=126 objective=0.00974275796621 qs=0.00926101880567 aspect=6.00408640658 mean_iota=0.398435203647 solver_iterations=1232
evaluation=127 objective=0.00974584488589 qs=0.0092609554963 aspect=6.00409509179 mean_iota=0.398363927971 solver_iterations=1232
evaluation=128 objective=0.0097544586085 qs=0.00927292085295 aspect=6.00403895628 mean_iota=0.398430934473 solver_iterations=1230
evaluation=129 objective=0.00992054210772 qs=0.0093712821149 aspect=5.99224342054 mean_iota=0.397884497113 solver_iterations=1211
evaluation=130 objective=0.00991930239638 qs=0.00945349197331 aspect=6.00642491522 mean_iota=0.399395852663 solver_iterations=1246
evaluation=131 objective=0.00973367429877 qs=0.00925449710022 aspect=6.00408640658 mean_iota=0.398494687173 solver_iterations=1233
evaluation=132 objective=0.00975063990164 qs=0.00926820047897 aspect=6.00409431309 mean_iota=0.398420472133 solver_iterations=1226
evaluation=133 objective=0.00998336358638 qs=0.00937636965146 aspect=5.99103731258 mean_iota=0.397050835108 solver_iterations=1216
evaluation=134 objective=0.00983868632072 qs=0.00933304566662 aspect=6.00048330299 mean_iota=0.39751873953 solver_iterations=1235
evaluation=135 objective=0.00974275796621 qs=0.00926101880567 aspect=6.00408640658 mean_iota=0.398435203647 solver_iterations=1232
accepted mode=1 iteration=12 objective=0.00974275796621
   12    123     0.004871378983     0.050298118330.02475189192
evaluation=136 objective=0.00975694271255 qs=0.00934958484883 aspect=6.01004772566 mean_iota=0.402495684164 solver_iterations=1204
evaluation=137 objective=0.00965784296841 qs=0.00931305300774 aspect=6.00272064202 mean_iota=0.401631873594 solver_iterations=1210
evaluation=138 objective=0.00965959741007 qs=0.0093120701691 aspect=6.00272959758 mean_iota=0.401558835774 solver_iterations=1210
evaluation=139 objective=0.00966742191366 qs=0.00932271587064 aspect=6.00267228526 mean_iota=0.40162705972 solver_iterations=1205
evaluation=140 objective=0.00988421992673 qs=0.00944293543275 aspect=5.99084564145 mean_iota=0.401092799954 solver_iterations=1200
evaluation=141 objective=0.00981504515231 qs=0.00948628480417 aspect=6.00509264512 mean_iota=0.402598123266 solver_iterations=1219
evaluation=142 objective=0.00965558693672 qs=0.00931301076323 aspect=6.00272064202 mean_iota=0.401692234421 solver_iterations=1211
evaluation=143 objective=0.00966359117885 qs=0.00931816721374 aspect=6.00273228474 mean_iota=0.401616350058 solver_iterations=1217
evaluation=144 objective=0.00991967644817 qs=0.00942068958444 aspect=5.98961547372 mean_iota=0.400222526004 solver_iterations=1207
evaluation=145 objective=0.00974736656266 qs=0.00937436101533 aspect=5.99905530591 mean_iota=0.40070976671 solver_iterations=1216
evaluation=146 objective=0.00965784296841 qs=0.00931305300774 aspect=6.00272064202 mean_iota=0.401631873594 solver_iterations=1210
accepted mode=1 iteration=13 objective=0.00965784296841
   13    133     0.004828921484     0.014689812360.007875757543
evaluation=147 objective=0.00963300453547 qs=0.00933070913355 aspect=6.00420234928 mean_iota=0.403128851181 solver_iterations=1232
evaluation=148 objective=0.00963330500377 qs=0.00932844075402 aspect=6.00421185252 mean_iota=0.403055250132 solver_iterations=1232
evaluation=149 objective=0.00964914700484 qs=0.0093470366298 aspect=6.00415776252 mean_iota=0.403123288653 solver_iterations=1233
evaluation=150 objective=0.00980042992503 qs=0.00943913447681 aspect=5.99227820648 mean_iota=0.402631368705 solver_iterations=1239
evaluation=151 objective=0.00983931587496 qs=0.00954279639548 aspect=6.00662524752 mean_iota=0.404105800593 solver_iterations=1230
evaluation=152 objective=0.00963303914684 qs=0.00933264207201 aspect=6.00420234928 mean_iota=0.403185204866 solver_iterations=1232
evaluation=153 objective=0.00964486469528 qs=0.00934163106075 aspect=6.00423038118 mean_iota=0.40310806377 solver_iterations=1226
evaluation=154 objective=0.00988486863656 qs=0.00946753130821 aspect=5.9910161306 mean_iota=0.401652590945 solver_iterations=1245
evaluation=155 objective=0.00972984158559 qs=0.00941278210767 aspect=6.00044157224 mean_iota=0.402199312039 solver_iterations=1229
evaluation=156 objective=0.00963300453547 qs=0.00933070913355 aspect=6.00420234928 mean_iota=0.403128851181 solver_iterations=1232
accepted mode=1 iteration=14 objective=0.00963300453547
   14    142     0.004816502268     0.067318180440.007875757543
evaluation=157 objective=0.009627405258 qs=0.00936335571395 aspect=6.00272093383 mean_iota=0.403979823248 solver_iterations=1239
evaluation=158 objective=0.00962913202204 qs=0.00936267182743 aspect=6.00273009809 mean_iota=0.40390631307 solver_iterations=1239
evaluation=159 objective=0.0096375156012 qs=0.00937353272005 aspect=6.00267325368 mean_iota=0.403973877702 solver_iterations=1236
evaluation=160 objective=0.00986322584576 qs=0.00950514274118 aspect=5.99079696433 mean_iota=0.403465574126 solver_iterations=1190
evaluation=161 objective=0.00978269138805 qs=0.00952975244469 aspect=6.00514292028 mean_iota=0.404950438069 solver_iterations=1239
evaluation=162 objective=0.00962994985597 qs=0.00936776485377 aspect=6.00272093383 mean_iota=0.404038122876 solver_iterations=1237
evaluation=163 objective=0.00963059254001 qs=0.00936585525449 aspect=6.00273805019 mean_iota=0.403961285379 solver_iterations=1231
evaluation=164 objective=0.00988355540664 qs=0.00946870742927 aspect=5.98953755564 mean_iota=0.402524725026 solver_iterations=1226
evaluation=165 objective=0.00970879364342 qs=0.00942028120886 aspect=5.99897155646 mean_iota=0.403045509785 solver_iterations=1231
evaluation=166 objective=0.009627405258 qs=0.00936335571395 aspect=6.00272093383 mean_iota=0.403979823248 solver_iterations=1239
accepted mode=1 iteration=15 objective=0.009627405258
   15    151     0.004813702629     0.017875294780.007875757543
evaluation=167 objective=0.0096257959666 qs=0.00935649095702 aspect=6.00243990735 mean_iota=0.403771880525 solver_iterations=1223
evaluation=168 objective=0.00962672030491 qs=0.00935496830626 aspect=6.00244907331 mean_iota=0.403698035744 solver_iterations=1223
evaluation=169 objective=0.00963603858771 qs=0.00936678881998 aspect=6.00239332091 mean_iota=0.40376664598 solver_iterations=1241
evaluation=170 objective=0.00986482492999 qs=0.00949477591748 aspect=5.99052727683 mean_iota=0.403257344049 solver_iterations=1191
evaluation=171 objective=0.00978448967724 qs=0.00952826154388 aspect=6.00485201505 mean_iota=0.404745948627 solver_iterations=1248
evaluation=172 objective=0.00962796710106 qs=0.00936055775129 aspect=6.00243990735 mean_iota=0.403830392649 solver_iterations=1223
evaluation=173 objective=0.00963030393009 qs=0.00936024365727 aspect=6.00246135901 mean_iota=0.403751862117 solver_iterations=1226
evaluation=174 objective=0.00989174001502 qs=0.00946409906535 aspect=5.98927284861 mean_iota=0.402320374078 solver_iterations=1234
evaluation=175 objective=0.00971158646875 qs=0.00941555723268 aspect=5.99870215443 mean_iota=0.402843519215 solver_iterations=1236
evaluation=176 objective=0.0096257959666 qs=0.00935649095702 aspect=6.00243990735 mean_iota=0.403771880525 solver_iterations=1223
accepted mode=1 iteration=16 objective=0.0096257959666
   16    160     0.004812897983    0.0069891940980.007875757543
evaluation=177 objective=0.00962531487585 qs=0.009354612843 aspect=6.00248019583 mean_iota=0.403734986581 solver_iterations=1247
evaluation=178 objective=0.00962642085366 qs=0.00935325489248 aspect=6.00248940519 mean_iota=0.403660819391 solver_iterations=1237
evaluation=179 objective=0.00963521092221 qs=0.00936455507233 aspect=6.00243274057 mean_iota=0.403729240239 solver_iterations=1243
evaluation=180 objective=0.0098641198965 qs=0.00949352478009 aspect=5.99055965066 mean_iota=0.403222785668 solver_iterations=1225
evaluation=181 objective=0.0097836823933 qs=0.00952576682465 aspect=6.00489934037 mean_iota=0.404705817035 solver_iterations=1246
evaluation=182 objective=0.00962721684001 qs=0.00935838543223 aspect=6.00248019583 mean_iota=0.403792593161 solver_iterations=1232
evaluation=183 objective=0.00963007691413 qs=0.00935867151532 aspect=6.00249855286 mean_iota=0.403716184956 solver_iterations=1232
evaluation=184 objective=0.00989192743654 qs=0.00946337471095 aspect=5.98930003599 mean_iota=0.402278163304 solver_iterations=1223
evaluation=185 objective=0.00971164119631 qs=0.00941424241397 aspect=5.99873243235 mean_iota=0.402801393819 solver_iterations=1237
evaluation=186 objective=0.00962531487585 qs=0.009354612843 aspect=6.00248019583 mean_iota=0.403734986581 solver_iterations=1247
accepted mode=1 iteration=17 objective=0.00962531487585
   17    169     0.004812657438    0.0042098884230.007875757543
evaluation=187 objective=0.00962317491549 qs=0.00935069763168 aspect=6.00265530643 mean_iota=0.403708080789 solver_iterations=1224
evaluation=188 objective=0.00962386265614 qs=0.0093489416372 aspect=6.00266462919 mean_iota=0.403634769473 solver_iterations=1224
evaluation=189 objective=0.00963379808858 qs=0.00936134699984 aspect=6.00260826719 mean_iota=0.403701287443 solver_iterations=1224
evaluation=190 objective=0.00985487255161 qs=0.00948681682454 aspect=5.99071838494 mean_iota=0.403209903249 solver_iterations=1236
evaluation=191 objective=0.00978838171719 qs=0.00952771371304 aspect=6.00509107826 mean_iota=0.404678481593 solver_iterations=1231
evaluation=192 objective=0.00962449132909 qs=0.00935385365396 aspect=6.00265530643 mean_iota=0.403764636656 solver_iterations=1223
evaluation=193 objective=0.00962955365086 qs=0.00935632296616 aspect=6.00267521667 mean_iota=0.403688228163 solver_iterations=1227
evaluation=194 objective=0.00989205443754 qs=0.00946486408121 aspect=5.9894473391 mean_iota=0.402228345485 solver_iterations=1276
evaluation=195 objective=0.00971144933957 qs=0.00941327830179 aspect=5.99887833184 mean_iota=0.402768839322 solver_iterations=1232
evaluation=196 objective=0.00962317491549 qs=0.00935069763168 aspect=6.00265530643 mean_iota=0.403708080789 solver_iterations=1224
accepted mode=1 iteration=18 objective=0.00962317491549
   18    178     0.004811587458     0.010710700130.007875757543
evaluation=197 objective=0.00962308925372 qs=0.00935345275752 aspect=6.00250691418 mean_iota=0.403771880038 solver_iterations=1225
evaluation=198 objective=0.00962389068626 qs=0.00935182128421 aspect=6.00251615448 mean_iota=0.403698516366 solver_iterations=1225
evaluation=199 objective=0.0096340739964 qs=0.00936445828756 aspect=6.00246176426 mean_iota=0.403765609788 solver_iterations=1227
evaluation=200 objective=0.00986182545996 qs=0.00949324907885 aspect=5.99057016317 mean_iota=0.403277124693 solver_iterations=1229
evaluation=201 objective=0.00978654615814 qs=0.00952944349221 aspect=6.00494464032 mean_iota=0.404747026584 solver_iterations=1234
evaluation=202 objective=0.00962534537911 qs=0.00935751859235 aspect=6.00250691418 mean_iota=0.403827734603 solver_iterations=1224
evaluation=203 objective=0.00962807811139 qs=0.00935763774484 aspect=6.00253260336 mean_iota=0.403751114291 solver_iterations=1228
evaluation=204 objective=0.00989138574511 qs=0.0094632487981 aspect=5.98930092923 mean_iota=0.402289358236 solver_iterations=1279
evaluation=205 objective=0.00970993715951 qs=0.00941371195261 aspect=5.99872592879 mean_iota=0.402836027573 solver_iterations=1236
evaluation=206 objective=0.00962308925372 qs=0.00935345275752 aspect=6.00250691418 mean_iota=0.403771880038 solver_iterations=1225
accepted mode=1 iteration=19 objective=0.00962308925372
   19    187     0.004811544627    0.0064477301070.0003878084324
evaluation=207 objective=0.00962218617685 qs=0.00935529906415 aspect=6.00251932946 mean_iota=0.403858745657 solver_iterations=1224
evaluation=208 objective=0.00962309575377 qs=0.00935378985123 aspect=6.00252857195 mean_iota=0.403785431661 solver_iterations=1224
evaluation=209 objective=0.00963238550044 qs=0.00936551660347 aspect=6.00247369169 mean_iota=0.403852252591 solver_iterations=1223
evaluation=210 objective=0.00986113918517 qs=0.0094956272668 aspect=5.99057993894 mean_iota=0.40336346286 solver_iterations=1229
evaluation=211 objective=0.00978397002376 qs=0.00952932574856 aspect=6.00495920637 mean_iota=0.404832582705 solver_iterations=1233
evaluation=212 objective=0.00962404034472 qs=0.00935895911774 aspect=6.00251932946 mean_iota=0.403914782996 solver_iterations=1224
evaluation=213 objective=0.00962757668752 qs=0.00935990427357 aspect=6.00254345743 mean_iota=0.403838216736 solver_iterations=1227
evaluation=214 objective=0.00988980689674 qs=0.00946489408958 aspect=5.9893101016 mean_iota=0.402375049521 solver_iterations=1277
evaluation=215 objective=0.00970770313328 qs=0.00941442445168 aspect=5.99873666359 mean_iota=0.402921280414 solver_iterations=1236
evaluation=216 objective=0.00962218617685 qs=0.00935529906415 aspect=6.00251932946 mean_iota=0.403858745657 solver_iterations=1224
accepted mode=1 iteration=20 objective=0.00962218617685
   20    196     0.004811093088    0.0017149131590.0003878084324
evaluation=217 objective=0.00962217441061 qs=0.00935592128501 aspect=6.002528513 mean_iota=0.403879834132 solver_iterations=1222
evaluation=218 objective=0.00962311259048 qs=0.00935444359543 aspect=6.00253775835 mean_iota=0.403806520521 solver_iterations=1222
evaluation=219 objective=0.00963218940298 qs=0.00936595477912 aspect=6.00248246163 mean_iota=0.403873251781 solver_iterations=1223
evaluation=220 objective=0.00986096186109 qs=0.0094962883928 aspect=5.99058963729 mean_iota=0.403383184963 solver_iterations=1233
evaluation=221 objective=0.00978298139616 qs=0.00952886852217 aspect=6.00496744323 mean_iota=0.404852809444 solver_iterations=1230
evaluation=222 objective=0.00962399167828 qs=0.0093595489197 aspect=6.002528513 mean_iota=0.403936084519 solver_iterations=1222
evaluation=223 objective=0.00962746160934 qs=0.00936044265189 aspect=6.00255135215 mean_iota=0.403859691463 solver_iterations=1223
evaluation=224 objective=0.0098893147119 qs=0.00946542663566 aspect=5.98931995613 mean_iota=0.402398160913 solver_iterations=1276
evaluation=225 objective=0.00970707855885 qs=0.00941453617949 aspect=5.99874782206 mean_iota=0.402942027384 solver_iterations=1234
evaluation=226 objective=0.00962217441061 qs=0.00935592128501 aspect=6.002528513 mean_iota=0.403879834132 solver_iterations=1222
accepted mode=1 iteration=21 objective=0.00962217441061
   21    205     0.004811087205    0.0018088585239.695210809e-05
evaluation=227 objective=0.00962215396206 qs=0.00935475843153 aspect=6.00251891993 mean_iota=0.403842940461 solver_iterations=1223
evaluation=228 objective=0.0096230249585 qs=0.00935320770109 aspect=6.00252816745 mean_iota=0.403769607929 solver_iterations=1223
evaluation=229 objective=0.00963214454675 qs=0.00936476737235 aspect=6.00247281353 mean_iota=0.403836387544 solver_iterations=1223
evaluation=230 objective=0.00986077166405 qs=0.0094946951523 aspect=5.99058123733 mean_iota=0.403345768658 solver_iterations=1235
evaluation=231 objective=0.00978311125544 qs=0.00952798379291 aspect=6.0049566088 mean_iota=0.404815814418 solver_iterations=1230
evaluation=232 objective=0.00962386414966 qs=0.00935828505948 aspect=6.00251891993 mean_iota=0.403899250558 solver_iterations=1223
evaluation=233 objective=0.00962780222595 qs=0.00935963670916 aspect=6.00254161648 mean_iota=0.403822679379 solver_iterations=1224
evaluation=234 objective=0.00988984291391 qs=0.00946451017998 aspect=5.98931196283 mean_iota=0.402362012719 solver_iterations=1267
evaluation=235 objective=0.00970756437655 qs=0.00941375072178 aspect=5.99873996341 mean_iota=0.402905382059 solver_iterations=1231
evaluation=236 objective=0.00962215396206 qs=0.00935475843153 aspect=6.00251891993 mean_iota=0.403842940461 solver_iterations=1223
accepted mode=1 iteration=22 objective=0.00962215396206
   22    214     0.004811076981    0.0018627977872.423802702e-05
evaluation=237 objective=0.00962215079953 qs=0.00935501914189 aspect=6.00252288245 mean_iota=0.403851726971 solver_iterations=1223
evaluation=238 objective=0.00962302761508 qs=0.00935347553092 aspect=6.00253212526 mean_iota=0.403778396324 solver_iterations=1223
evaluation=239 objective=0.00963221274536 qs=0.00936510043824 aspect=6.00247680832 mean_iota=0.403845194905 solver_iterations=1222
evaluation=240 objective=0.0098609872162 qs=0.00949527618944 aspect=5.99058539787 mean_iota=0.403354391166 solver_iterations=1234
evaluation=241 objective=0.00978296845446 qs=0.00952807358642 aspect=6.00496039787 mean_iota=0.404824713479 solver_iterations=1229
evaluation=242 objective=0.00962388618563 qs=0.00935857004882 aspect=6.00252288245 mean_iota=0.403908039244 solver_iterations=1223
evaluation=243 objective=0.00962761970572 qs=0.00935971780429 aspect=6.00254565486 mean_iota=0.403831464421 solver_iterations=1224
evaluation=244 objective=0.00988935111581 qs=0.00946442301584 aspect=5.98931617476 mean_iota=0.402370933711 solver_iterations=1267
evaluation=245 objective=0.00970742555646 qs=0.00941392662216 aspect=5.9987441071 mean_iota=0.4029142847 solver_iterations=1231
evaluation=246 objective=0.00962215079953 qs=0.00935501914189 aspect=6.00252288245 mean_iota=0.403851726971 solver_iterations=1223
accepted mode=1 iteration=23 objective=0.00962215079953
   23    223       0.0048110754   0.00035528856816.059506756e-06
evaluation=247 objective=0.00962215143404 qs=0.00935506654815 aspect=6.00252233571 mean_iota=0.403853089817 solver_iterations=1223
evaluation=248 objective=0.00962215097932 qs=0.00935503358217 aspect=6.00252259768 mean_iota=0.403852124037 solver_iterations=1223
evaluation=249 objective=0.00962215089662 qs=0.00935502297055 aspect=6.00252275414 mean_iota=0.403851822468 solver_iterations=1223
evaluation=250 objective=0.00962215087476 qs=0.00935502013797 aspect=6.00252284337 mean_iota=0.403851749379 solver_iterations=1223
evaluation=251 objective=0.00962215086738 qs=0.00935501943812 aspect=6.00252287294 mean_iota=0.403851732558 solver_iterations=1223
evaluation=252 objective=0.00962215086525 qs=0.00935501927017 aspect=6.00252288015 mean_iota=0.40385172855 solver_iterations=1223
evaluation=253 objective=0.00962215086446 qs=0.00935501922909 aspect=6.00252288188 mean_iota=0.403851727572 solver_iterations=1223
evaluation=254 objective=0.00962215086437 qs=0.00935501921889 aspect=6.0025228823 mean_iota=0.403851727326 solver_iterations=1223
evaluation=255 objective=0.00962215086428 qs=0.00935501921635 aspect=6.00252288241 mean_iota=0.403851727267 solver_iterations=1223
evaluation=256 objective=0.00962215086434 qs=0.00935501921572 aspect=6.00252288244 mean_iota=0.403851727249 solver_iterations=1223
evaluation=257 objective=0.00962215086421 qs=0.0093550192155 aspect=6.00252288244 mean_iota=0.403851727247 solver_iterations=1223
evaluation=258 objective=0.00962215086436 qs=0.00935501921551 aspect=6.00252288244 mean_iota=0.403851727244 solver_iterations=1223
evaluation=259 objective=0.00962215086435 qs=0.00935501921551 aspect=6.00252288245 mean_iota=0.403851727244 solver_iterations=1223
evaluation=260 objective=0.00962215086425 qs=0.00935501921547 aspect=6.00252288245 mean_iota=0.403851727246 solver_iterations=1223
evaluation=261 objective=0.00962215086429 qs=0.00935501921549 aspect=6.00252288245 mean_iota=0.403851727245 solver_iterations=1223
evaluation=262 objective=0.0096221508642 qs=0.00935501921548 aspect=6.00252288245 mean_iota=0.403851727247 solver_iterations=1223
evaluation=263 objective=0.00962215086422 qs=0.00935501921548 aspect=6.00252288245 mean_iota=0.403851727247 solver_iterations=1223
evaluation=264 objective=0.00962215086441 qs=0.00935501921552 aspect=6.00252288245 mean_iota=0.403851727242 solver_iterations=1223
evaluation=265 objective=0.00962215086426 qs=0.0093550192155 aspect=6.00252288245 mean_iota=0.403851727247 solver_iterations=1223
finished max_mode=1 status=The step size satisfies xtol. objective=0.00962215079953 evaluations=241 iterations=23
beginning max_mode=2 variables=24
evaluation=1 objective=0.00961206940773 qs=0.00934116178118 aspect=6.00252288245 mean_iota=0.403735231612 solver_iterations=1551
evaluation=2 objective=0.00961304270126 qs=0.00933970504126 aspect=6.00253212526 mean_iota=0.403662129831 solver_iterations=1552
evaluation=3 objective=0.00961208341511 qs=0.0093411752584 aspect=6.00252288499 mean_iota=0.403735215709 solver_iterations=1551
evaluation=4 objective=0.00961214416124 qs=0.00934123628735 aspect=6.00252290089 mean_iota=0.40373522687 solver_iterations=1551
evaluation=5 objective=0.00962210988504 qs=0.00935123648921 aspect=6.00247680832 mean_iota=0.403729203573 solver_iterations=1545
evaluation=6 objective=0.0098507104468 qs=0.00948099922279 aspect=5.99058539787 mean_iota=0.403234664014 solver_iterations=1591
evaluation=7 objective=0.009772885683 qs=0.00951441476889 aspect=6.00496039787 mean_iota=0.404707342708 solver_iterations=1535
evaluation=8 objective=0.00961206706442 qs=0.00934116182767 aspect=6.00252298502 mean_iota=0.403735320989 solver_iterations=1551
evaluation=9 objective=0.00961217595953 qs=0.00934126831943 aspect=6.00252288623 mean_iota=0.403735231782 solver_iterations=1551
evaluation=10 objective=0.00961200327369 qs=0.00934109560629 aspect=6.0025228019 mean_iota=0.403735217863 solver_iterations=1551
evaluation=11 objective=0.00961207274756 qs=0.00934116316762 aspect=6.00252328425 mean_iota=0.403735233892 solver_iterations=1551
evaluation=12 objective=0.00961209769626 qs=0.00934118832557 aspect=6.00252296583 mean_iota=0.403735190929 solver_iterations=1551
evaluation=13 objective=0.0096120114727 qs=0.00934110384593 aspect=6.00252277968 mean_iota=0.403735215665 solver_iterations=1551
evaluation=14 objective=0.00961370095911 qs=0.00934461751033 aspect=6.00252288245 mean_iota=0.403791406201 solver_iterations=1553
evaluation=15 objective=0.00961214130291 qs=0.00934123408236 aspect=6.00252288245 mean_iota=0.403735244093 solver_iterations=1551
evaluation=16 objective=0.00961193641648 qs=0.00934102837466 aspect=6.00252290596 mean_iota=0.403735222493 solver_iterations=1551
evaluation=17 objective=0.00961752290397 qs=0.00934583544182 aspect=6.00254565486 mean_iota=0.403714819513 solver_iterations=1552
evaluation=18 objective=0.00988014228712 qs=0.00945116919503 aspect=5.98931617476 mean_iota=0.40225657952 solver_iterations=1549
evaluation=19 objective=0.00969817944741 qs=0.00940071250419 aspect=5.9987441071 mean_iota=0.402798555984 solver_iterations=1547
evaluation=20 objective=0.00961206057954 qs=0.00934115096545 aspect=6.00252276753 mean_iota=0.403735152689 solver_iterations=1551
evaluation=21 objective=0.00961213799061 qs=0.00934123037403 aspect=6.00252288727 mean_iota=0.403735232666 solver_iterations=1551
evaluation=22 objective=0.00961209959586 qs=0.00934119210507 aspect=6.00252280675 mean_iota=0.403735224044 solver_iterations=1551
evaluation=23 objective=0.00961204654505 qs=0.00934113756534 aspect=6.00252313251 mean_iota=0.403735228804 solver_iterations=1551
evaluation=24 objective=0.00961206148509 qs=0.0093411517435 aspect=6.00252325236 mean_iota=0.403735223977 solver_iterations=1551
evaluation=25 objective=0.00961202977368 qs=0.00934112027994 aspect=6.00252299756 mean_iota=0.403735192069 solver_iterations=1551
 iter   nfev              cost        optimality       radius
    0     25     0.004806034704      0.6652411414 0.3535985239
evaluation=26 rejected_equilibrium=1 failed_stage=0 fsqr=1 fsqz=1 fsql=1 penalty_objective=12056.93949
evaluation=27 objective=0.00427217295531 qs=0.00384102063297 aspect=6.01689587903 mean_iota=0.407930136951 solver_iterations=1773
evaluation=28 objective=0.00428313512203 qs=0.00385012778148 aspect=6.01690074206 mean_iota=0.407860302375 solver_iterations=1768
evaluation=29 objective=0.00427061060047 qs=0.00383943335897 aspect=6.0168960828 mean_iota=0.407929389924 solver_iterations=1773
evaluation=30 objective=0.00427198057942 qs=0.00384080349915 aspect=6.01689631716 mean_iota=0.407929724663 solver_iterations=1774
evaluation=31 objective=0.00424679207253 qs=0.00381688927554 aspect=6.01685824621 mean_iota=0.407929277917 solver_iterations=1797
evaluation=32 objective=0.00428600639521 qs=0.0041030216523 aspect=6.00509086875 mean_iota=0.407467330762 solver_iterations=1871
evaluation=33 objective=0.0043277364383 qs=0.00383430256982 aspect=6.01924772146 mean_iota=0.408911308137 solver_iterations=1787
evaluation=34 objective=0.00427726994916 qs=0.00384605514546 aspect=6.01690557328 mean_iota=0.407941127918 solver_iterations=1777
evaluation=35 objective=0.00427154200115 qs=0.00384038073463 aspect=6.01689631955 mean_iota=0.407930383102 solver_iterations=1772
evaluation=36 objective=0.00427211782695 qs=0.00384104156412 aspect=6.0168931134 mean_iota=0.407929416653 solver_iterations=1775
evaluation=37 objective=0.00427249161772 qs=0.00384090255036 aspect=6.0169088624 mean_iota=0.407930226193 solver_iterations=1775
evaluation=38 objective=0.00427801406334 qs=0.00384659188318 aspect=6.01688284983 mean_iota=0.407900761938 solver_iterations=1742
evaluation=39 objective=0.00427201119025 qs=0.00384087257104 aspect=6.01689510282 mean_iota=0.407929618078 solver_iterations=1775
evaluation=40 objective=0.00427080946403 qs=0.00384085350629 aspect=6.01689587903 mean_iota=0.407979799111 solver_iterations=1776
evaluation=41 objective=0.00427248016782 qs=0.00384134869919 aspect=6.01689587903 mean_iota=0.407931000857 solver_iterations=1774
evaluation=42 objective=0.00427251462633 qs=0.00384134245008 aspect=6.01689645816 mean_iota=0.407930125192 solver_iterations=1762
evaluation=43 objective=0.00425458439499 qs=0.00382149694072 aspect=6.01693804895 mean_iota=0.407909096308 solver_iterations=1883
evaluation=44 objective=0.00398399095484 qs=0.00378935933042 aspect=6.00343518093 mean_iota=0.406478492821 solver_iterations=1803
evaluation=45 objective=0.00411107415308 qs=0.00377446790154 aspect=6.01299338173 mean_iota=0.407047074353 solver_iterations=1712
evaluation=46 objective=0.00426832988297 qs=0.00383726454319 aspect=6.01688887363 mean_iota=0.407923937432 solver_iterations=1747
evaluation=47 objective=0.00427179516323 qs=0.00384063469555 aspect=6.01689620561 mean_iota=0.407930256684 solver_iterations=1774
evaluation=48 objective=0.00427208382713 qs=0.00384094462012 aspect=6.01689548884 mean_iota=0.407930134064 solver_iterations=1774
evaluation=49 objective=0.00427310871566 qs=0.00384046638551 aspect=6.01693799735 mean_iota=0.407927445343 solver_iterations=1793
evaluation=50 objective=0.00427495283281 qs=0.00384013447231 aspect=6.01700029161 mean_iota=0.407924883206 solver_iterations=1771
evaluation=51 objective=0.00427307736977 qs=0.00384142347646 aspect=6.01690778428 mean_iota=0.407926031134 solver_iterations=1770
evaluation=52 objective=0.00427217295531 qs=0.00384102063297 aspect=6.01689587903 mean_iota=0.407930136951 solver_iterations=1773
accepted mode=2 iteration=1 objective=0.00427217295531
    1     51     0.002136086478      0.42266882450.03702131185
evaluation=53 objective=0.00140776358444 qs=0.00091844963179 aspect=6.02210943332 mean_iota=0.420697790097 solver_iterations=2108
evaluation=54 objective=0.00139213522479 qs=0.00090302744274 aspect=6.02210672608 mean_iota=0.420632806663 solver_iterations=2108
evaluation=55 objective=0.00140364029793 qs=0.000914321720743 aspect=6.02210954592 mean_iota=0.420697536059 solver_iterations=2108
evaluation=56 objective=0.00141506997827 qs=0.000925681505063 aspect=6.02211116272 mean_iota=0.420696388016 solver_iterations=2108
evaluation=57 objective=0.00132782940133 qs=0.000840517102472 aspect=6.02206391989 mean_iota=0.42070408662 solver_iterations=2110
evaluation=58 objective=0.00138654016759 qs=0.00127429354319 aspect=6.01059190104 mean_iota=0.42024136416 solver_iterations=2102
evaluation=59 objective=0.00137249624576 qs=0.000790563353878 aspect=6.02406737226 mean_iota=0.421641488538 solver_iterations=2115
evaluation=60 objective=0.00145891890037 qs=0.00096905364752 aspect=6.0221216531 mean_iota=0.420705490533 solver_iterations=2111
evaluation=61 objective=0.0014077145154 qs=0.000918400058312 aspect=6.0221094444 mean_iota=0.420697800484 solver_iterations=2108
evaluation=62 objective=0.00140762224113 qs=0.000918662043137 aspect=6.02210147658 mean_iota=0.420696369732 solver_iterations=2108
evaluation=63 objective=0.00140808823266 qs=0.000917942864317 aspect=6.02212823053 mean_iota=0.420697697744 solver_iterations=2108
evaluation=64 objective=0.00140167507 qs=0.000918707270989 aspect=6.02196852021 mean_iota=0.42059322747 solver_iterations=2107
evaluation=65 objective=0.00140708246603 qs=0.000917931416027 aspect=6.0221058253 mean_iota=0.420695368723 solver_iterations=2109
evaluation=66 objective=0.00139790389591 qs=0.000908523197002 aspect=6.02210943332 mean_iota=0.420744081501 solver_iterations=2109
evaluation=67 objective=0.00140763787931 qs=0.000918322954722 aspect=6.02210943332 mean_iota=0.420698486193 solver_iterations=2109
evaluation=68 objective=0.00141735658774 qs=0.000927999643196 aspect=6.02211044244 mean_iota=0.420696620159 solver_iterations=2108
evaluation=69 objective=0.00140391319693 qs=0.00091244906174 aspect=6.02215839907 mean_iota=0.420685190258 solver_iterations=2111
evaluation=70 objective=0.000845579564479 qs=0.000777262261434 aspect=6.00824071259 mean_iota=0.419361283305 solver_iterations=2128
evaluation=71 objective=0.001112647121 qs=0.000786528706798 aspect=6.01805862719 mean_iota=0.419933681074 solver_iterations=2105
evaluation=72 objective=0.00142026697913 qs=0.000930917407789 aspect=6.02211030718 mean_iota=0.420695620458 solver_iterations=2111
evaluation=73 objective=0.00140767127086 qs=0.000918348300112 aspect=6.02210963538 mean_iota=0.420697849651 solver_iterations=2108
evaluation=74 objective=0.00140596957537 qs=0.00091683331826 aspect=6.02210542905 mean_iota=0.420697326049 solver_iterations=2108
evaluation=75 objective=0.00141458257199 qs=0.000922331312215 aspect=6.02217591357 mean_iota=0.420692904718 solver_iterations=2110
evaluation=76 objective=0.00142294155078 qs=0.000918739381296 aspect=6.02244408185 mean_iota=0.420682172416 solver_iterations=2110
evaluation=77 objective=0.00141004718921 qs=0.000920281947169 aspect=6.02211971986 mean_iota=0.420695151265 solver_iterations=2109
evaluation=78 objective=0.00140776358444 qs=0.00091844963179 aspect=6.02210943332 mean_iota=0.420697790097 solver_iterations=2108
accepted mode=2 iteration=2 objective=0.00140776358444
    2     76    0.0007038817922      0.67034174820.07404262371
evaluation=79 objective=0.00427429362677 qs=0.00372163455393 aspect=5.97649905359 mean_iota=0.419396186568 solver_iterations=1991
evaluation=80 objective=0.000402849535744 qs=0.00040056665724 aspect=5.99952372703 mean_iota=0.418566109294 solver_iterations=1941
evaluation=81 objective=0.000400510178019 qs=0.000398035622412 aspect=5.99951933629 mean_iota=0.418502162222 solver_iterations=1941
evaluation=82 objective=0.00040018239488 qs=0.000397898600754 aspect=5.99952359011 mean_iota=0.418565835525 solver_iterations=1941
evaluation=83 objective=0.000407173458437 qs=0.000404887565568 aspect=5.99952658236 mean_iota=0.418564113998 solver_iterations=1941
evaluation=84 objective=0.000382459844161 qs=0.000380144435847 aspect=5.99948366091 mean_iota=0.418568636225 solver_iterations=1992
evaluation=85 objective=0.000746612732192 qs=0.00060586455668 aspect=5.98828686344 mean_iota=0.418115694419 solver_iterations=2082
evaluation=86 objective=0.000466311862203 qs=0.000464452691442 aspect=6.00127241467 mean_iota=0.419509967692 solver_iterations=1952
evaluation=87 objective=0.000441527689633 qs=0.000439275290545 aspect=5.99953936259 mean_iota=0.418571640008 solver_iterations=2006
evaluation=88 objective=0.000402678443572 qs=0.00040039639942 aspect=5.99952394699 mean_iota=0.418566327206 solver_iterations=1941
evaluation=89 objective=0.00040291348759 qs=0.000400624556146 aspect=5.99951952416 mean_iota=0.418565400958 solver_iterations=1941
evaluation=90 objective=0.000402431664844 qs=0.000400169388954 aspect=5.99954469083 mean_iota=0.418566483536 solver_iterations=1940
evaluation=91 objective=0.000401776545824 qs=0.000399020116559 aspect=5.99940103863 mean_iota=0.418451557384 solver_iterations=1955
evaluation=92 objective=0.000403070127781 qs=0.000400776808291 aspect=5.99952044403 mean_iota=0.418563564982 solver_iterations=1941
evaluation=93 objective=0.000399302916726 qs=0.00039715183515 aspect=5.99952372703 mean_iota=0.41861282819 solver_iterations=1939
evaluation=94 objective=0.000399842738007 qs=0.000397562173041 aspect=5.99952372703 mean_iota=0.418566916255 solver_iterations=1941
evaluation=95 objective=0.000416486825492 qs=0.000414201841661 aspect=5.99952334606 mean_iota=0.418565501881 solver_iterations=2005
evaluation=96 objective=0.000415376661678 qs=0.000413105431649 aspect=5.9995621973 mean_iota=0.418557932449 solver_iterations=2012
evaluation=97 objective=0.00060896410893 qs=0.000399723083738 aspect=5.98580057981 mean_iota=0.417240019646 solver_iterations=1950
evaluation=98 objective=0.000411659209745 qs=0.000387454051571 aspect=5.99558266846 mean_iota=0.417833818974 solver_iterations=2010
evaluation=99 objective=0.000412912282829 qs=0.000410639644325 aspect=5.99953335476 mean_iota=0.418566514483 solver_iterations=2006
evaluation=100 objective=0.000401963750911 qs=0.000399681738743 aspect=5.99952406546 mean_iota=0.418566299026 solver_iterations=1941
evaluation=101 objective=0.000402330434345 qs=0.000400044833633 aspect=5.99952146008 mean_iota=0.418565914835 solver_iterations=1941
evaluation=102 objective=0.000405362859076 qs=0.000403139937433 aspect=5.99960240723 mean_iota=0.418563044317 solver_iterations=2006
evaluation=103 objective=0.000402604206334 qs=0.000400474808866 aspect=5.99982518394 mean_iota=0.418551263719 solver_iterations=1937
evaluation=104 objective=0.000404296812549 qs=0.000402018855972 aspect=5.99953805513 mean_iota=0.418563141095 solver_iterations=2006
evaluation=105 objective=0.000402849535744 qs=0.00040056665724 aspect=5.99952372703 mean_iota=0.418566109294 solver_iterations=1941
accepted mode=2 iteration=3 objective=0.000402849535744
    3    102    0.0002014247679      0.52552635340.02352444344
evaluation=106 objective=0.000539006835773 qs=0.00047833167842 aspect=5.9928677114 mean_iota=0.416868607868 solver_iterations=2266
evaluation=107 objective=0.000283470340186 qs=0.000281553562292 aspect=5.99999472368 mean_iota=0.418615532574 solver_iterations=2002
evaluation=108 objective=0.000289110632867 qs=0.000287016041123 aspect=5.99999068153 mean_iota=0.418552759553 solver_iterations=2002
evaluation=109 objective=0.000283432529456 qs=0.000281515082051 aspect=5.99999434985 mean_iota=0.418615292276 solver_iterations=2002
evaluation=110 objective=0.000285129277316 qs=0.00028320729293 aspect=5.99999832294 mean_iota=0.4186136445 solver_iterations=2002
evaluation=111 objective=0.00029895458665 qs=0.000297035040273 aspect=5.99994788366 mean_iota=0.418615503606 solver_iterations=1951
evaluation=112 objective=0.000519752617779 qs=0.000391122471529 aspect=5.98880769961 mean_iota=0.41816627206 solver_iterations=1988
evaluation=113 objective=0.000465460472752 qs=0.000462341623867 aspect=6.00171088106 mean_iota=0.419562124585 solver_iterations=2039
evaluation=114 objective=0.000296578830477 qs=0.000294676141076 aspect=6.00001124107 mean_iota=0.418620665726 solver_iterations=2000
evaluation=115 objective=0.000283458360557 qs=0.000281542063106 aspect=5.9999949682 mean_iota=0.418615705186 solver_iterations=2002
evaluation=116 objective=0.000283477000728 qs=0.000281558884192 aspect=5.99999173466 mean_iota=0.418615063821 solver_iterations=2002
evaluation=117 objective=0.000283488027148 qs=0.000281571772774 aspect=6.00001244757 mean_iota=0.418615767566 solver_iterations=2002
evaluation=118 objective=0.000283506840095 qs=0.000281250285929 aspect=5.99987741571 mean_iota=0.418502826911 solver_iterations=1980
evaluation=119 objective=0.00028350524774 qs=0.000281581760084 aspect=5.99999165745 mean_iota=0.418613126517 solver_iterations=2002
evaluation=120 objective=0.000285412552224 qs=0.000283623386422 aspect=5.99999472368 mean_iota=0.418662413381 solver_iterations=2000
evaluation=121 objective=0.000283457776221 qs=0.000281543021778 aspect=5.99999472368 mean_iota=0.418616263535 solver_iterations=2002
evaluation=122 objective=0.000284550913299 qs=0.000282632851756 aspect=5.99999465126 mean_iota=0.41861506934 solver_iterations=2001
evaluation=123 objective=0.00029999213196 qs=0.000298052024282 aspect=6.00002110251 mean_iota=0.418607282383 solver_iterations=1951
evaluation=124 objective=0.000564059058208 qs=0.000367330640147 aspect=5.98623894206 mean_iota=0.417286754272 solver_iterations=1961
evaluation=125 objective=0.000357297685595 qs=0.000337038209284 aspect=5.99602665289 mean_iota=0.417885292208 solver_iterations=2036
evaluation=126 objective=0.000288237428143 qs=0.000286322849324 aspect=6.00000604068 mean_iota=0.418616330123 solver_iterations=2001
evaluation=127 objective=0.000283429918533 qs=0.000281513600647 aspect=5.99999508235 mean_iota=0.418615697395 solver_iterations=2002
evaluation=128 objective=0.000283458708707 qs=0.000281541157921 aspect=5.9999915885 mean_iota=0.418615268967 solver_iterations=2002
evaluation=129 objective=0.000283444645672 qs=0.000281507919552 aspect=6.00008378745 mean_iota=0.418610861496 solver_iterations=2002
evaluation=130 objective=0.000283490959135 qs=0.000281451746561 aspect=6.0002767079 mean_iota=0.418599055563 solver_iterations=2007
evaluation=131 objective=0.000283427230671 qs=0.000281500106398 aspect=6.00000991106 mean_iota=0.418611826364 solver_iterations=2002
evaluation=132 objective=0.000283470340186 qs=0.000281553562292 aspect=5.99999472368 mean_iota=0.418615532574 solver_iterations=2002
accepted mode=2 iteration=4 objective=0.000283470340186
    4    128    0.0001417351701     0.011085058170.01176222172
evaluation=133 objective=0.00028115244652 qs=0.000271585765305 aspect=5.99727208939 mean_iota=0.418542198595 solver_iterations=1922
evaluation=134 objective=0.000277293096149 qs=0.000267519536947 aspect=5.99726818806 mean_iota=0.418479880682 solver_iterations=1919
evaluation=135 objective=0.000282267075468 qs=0.000272697589491 aspect=5.99727162861 mean_iota=0.418542098934 solver_iterations=1922
evaluation=136 objective=0.000292089894638 qs=0.000282543545728 aspect=5.99727677765 mean_iota=0.418540407945 solver_iterations=1914
evaluation=137 objective=0.00031023964435 qs=0.000300500017236 aspect=5.99724272975 mean_iota=0.418538121796 solver_iterations=1906
evaluation=138 objective=0.000491302900495 qs=0.000297446453312 aspect=5.986208014 mean_iota=0.418092758737 solver_iterations=2048
evaluation=139 objective=0.000581056816967 qs=0.000579691679376 aspect=5.99894536397 mean_iota=0.419497127824 solver_iterations=1930
evaluation=140 objective=0.000317965799128 qs=0.000308510625552 aspect=5.99728933553 mean_iota=0.418548286631 solver_iterations=1908
evaluation=141 objective=0.000281492473755 qs=0.000271926652883 aspect=5.99727219074 mean_iota=0.418542304048 solver_iterations=1922
evaluation=142 objective=0.00028188588803 qs=0.000272231598952 aspect=5.99725704608 mean_iota=0.418540379212 solver_iterations=1925
evaluation=143 objective=0.000281849561888 qs=0.00027239303722 aspect=5.99729180422 mean_iota=0.418543222629 solver_iterations=1924
evaluation=144 objective=0.000287329025248 qs=0.000276767564995 aspect=5.99715036145 mean_iota=0.418437623488 solver_iterations=1861
evaluation=145 objective=0.000282396503716 qs=0.000272795410133 aspect=5.99726750416 mean_iota=0.41853898663 solver_iterations=1919
evaluation=146 objective=0.000271627010663 qs=0.000262191043139 aspect=5.99727208939 mean_iota=0.4185877425 solver_iterations=1924
evaluation=147 objective=0.000279382659828 qs=0.000269817209359 aspect=5.99727208939 mean_iota=0.41854262078 solver_iterations=1922
evaluation=148 objective=0.000292485527285 qs=0.000282911969846 aspect=5.99727106628 mean_iota=0.418541755108 solver_iterations=1911
evaluation=149 objective=0.000360809729522 qs=0.000351297205621 aspect=5.99728594149 mean_iota=0.418534936763 solver_iterations=1913
evaluation=150 objective=0.00072924091076 qs=0.000449204843697 aspect=5.98349577691 mean_iota=0.417234735583 solver_iterations=1949
evaluation=151 objective=0.00044252366995 qs=0.000392190564529 aspect=5.99324613255 mean_iota=0.417827816803 solver_iterations=1867
evaluation=152 objective=0.000313654768061 qs=0.000304134825786 aspect=5.9972790892 mean_iota=0.418545150626 solver_iterations=1903
evaluation=153 objective=0.00028145290914 qs=0.000271887090684 aspect=5.99727220654 mean_iota=0.418542275311 solver_iterations=1922
evaluation=154 objective=0.000280571516349 qs=0.000270962525752 aspect=5.99726479247 mean_iota=0.418541360098 solver_iterations=1924
evaluation=155 objective=0.000276844922865 qs=0.000267572654879 aspect=5.99733342611 mean_iota=0.418529744359 solver_iterations=1918
evaluation=156 objective=0.000281567156806 qs=0.00027336839955 aspect=5.99755026987 mean_iota=0.418517576459 solver_iterations=1896
evaluation=157 objective=0.000280939350829 qs=0.000271426675466 aspect=5.99728536202 mean_iota=0.41853595902 solver_iterations=1916
evaluation=158 objective=0.00028115244652 qs=0.000271585765305 aspect=5.99727208939 mean_iota=0.418542198595 solver_iterations=1922
accepted mode=2 iteration=5 objective=0.00028115244652
    5    153    0.0001405762233       0.3732782430.00294055543
evaluation=159 objective=0.000191346881116 qs=0.000190415136494 aspect=5.99978807775 mean_iota=0.419058281581 solver_iterations=2043
evaluation=160 objective=0.000196965832772 qs=0.000195909921998 aspect=5.99978232942 mean_iota=0.418995743912 solver_iterations=2043
evaluation=161 objective=0.000191782996204 qs=0.000190851087785 aspect=5.99978760431 mean_iota=0.419058301275 solver_iterations=2043
evaluation=162 objective=0.000194325237151 qs=0.000193391521945 aspect=5.99979292208 mean_iota=0.419056160003 solver_iterations=2044
evaluation=163 objective=0.000207400824641 qs=0.000206452449225 aspect=5.99976497384 mean_iota=0.41905494015 solver_iterations=2050
evaluation=164 objective=0.000430047572719 qs=0.000301479564845 aspect=5.98874727512 mean_iota=0.418605657649 solver_iterations=2051
evaluation=165 objective=0.000382611955214 qs=0.000380497905476 aspect=6.00145392622 mean_iota=0.420012176931 solver_iterations=2089
evaluation=166 objective=0.000203410107964 qs=0.000202497722296 aspect=5.99980570171 mean_iota=0.419064781394 solver_iterations=2044
evaluation=167 objective=0.000191357323693 qs=0.000190425845036 aspect=5.99978810115 mean_iota=0.419058417538 solver_iterations=2043
evaluation=168 objective=0.000191435980748 qs=0.000190490035005 aspect=5.99976548263 mean_iota=0.419056099928 solver_iterations=2043
evaluation=169 objective=0.000191382179592 qs=0.000190461665806 aspect=5.99980604931 mean_iota=0.419060374056 solver_iterations=2044
evaluation=170 objective=0.000191544317794 qs=0.000190330396021 aspect=5.9996683544 mean_iota=0.418949317855 solver_iterations=2089
evaluation=171 objective=0.000191358262287 qs=0.000190418688641 aspect=5.99978419004 mean_iota=0.419055013382 solver_iterations=2043
evaluation=172 objective=0.00019343731225 qs=0.000192589307191 aspect=5.99978807775 mean_iota=0.419103844869 solver_iterations=2043
evaluation=173 objective=0.000191631691077 qs=0.000190700724233 aspect=5.99978807775 mean_iota=0.419058694628 solver_iterations=2043
evaluation=174 objective=0.00019159485929 qs=0.000190661078055 aspect=5.99978649122 mean_iota=0.419057558895 solver_iterations=2044
evaluation=175 objective=0.000212541286281 qs=0.000211603902885 aspect=5.99979978551 mean_iota=0.419052742086 solver_iterations=2055
evaluation=176 objective=0.000483948542171 qs=0.00028307371894 aspect=5.98600622188 mean_iota=0.417753002645 solver_iterations=2132
evaluation=177 objective=0.000269734460767 qs=0.000248826620509 aspect=5.99574008032 mean_iota=0.418338396988 solver_iterations=2086
evaluation=178 objective=0.000196733430541 qs=0.000195810198807 aspect=5.99979285514 mean_iota=0.419061744841 solver_iterations=2044
evaluation=179 objective=0.00019152524731 qs=0.000190593759317 aspect=5.99978825723 mean_iota=0.419058377468 solver_iterations=2043
evaluation=180 objective=0.000191500533872 qs=0.000190558044322 aspect=5.99977269569 mean_iota=0.41905616617 solver_iterations=2043
evaluation=181 objective=0.000191285020619 qs=0.000190344643316 aspect=5.99984301464 mean_iota=0.419043060661 solver_iterations=2045
evaluation=182 objective=0.000191375121129 qs=0.000190437935756 aspect=6.00006238601 mean_iota=0.419033928905 solver_iterations=2045
evaluation=183 objective=0.000191286779419 qs=0.000190347404553 aspect=5.99980291578 mean_iota=0.419051035999 solver_iterations=2044
evaluation=184 objective=0.000191346881116 qs=0.000190415136494 aspect=5.99978807775 mean_iota=0.419058281581 solver_iterations=2043
accepted mode=2 iteration=6 objective=0.000191346881116
    6    178    9.567344056e-05     0.035090368080.00588111086
evaluation=185 objective=0.000171912707125 qs=0.000170232928148 aspect=5.99901926306 mean_iota=0.419152690125 solver_iterations=2007
evaluation=186 objective=0.000175516096095 qs=0.000173713971487 aspect=5.99901334034 mean_iota=0.419089710305 solver_iterations=2010
evaluation=187 objective=0.000172497508096 qs=0.000170816943404 aspect=5.99901881862 mean_iota=0.41915274101 solver_iterations=2007
evaluation=188 objective=0.000177634219564 qs=0.00017596002183 aspect=5.99902450162 mean_iota=0.419149940804 solver_iterations=2016
evaluation=189 objective=0.000192666345138 qs=0.000190961303394 aspect=5.99900823394 mean_iota=0.419150622677 solver_iterations=2014
evaluation=190 objective=0.000402680278858 qs=0.000258250573913 aspect=5.98805225286 mean_iota=0.418703449479 solver_iterations=2009
evaluation=191 objective=0.000397151419516 qs=0.000396689457367 aspect=6.00066947428 mean_iota=0.420117330017 solver_iterations=2022
evaluation=192 objective=0.000188444088529 qs=0.000186813756748 aspect=5.999038021 mean_iota=0.41916039998 solver_iterations=2018
evaluation=193 objective=0.000171985816028 qs=0.000170306137946 aspect=5.99901919914 mean_iota=0.419152823654 solver_iterations=2007
evaluation=194 objective=0.00017240111308 qs=0.000170640180213 aspect=5.99898171608 mean_iota=0.419149100054 solver_iterations=2032
evaluation=195 objective=0.000172316487511 qs=0.000170672017654 aspect=5.99903459855 mean_iota=0.419155920679 solver_iterations=2020
evaluation=196 objective=0.000174089179757 qs=0.000171984309246 aspect=5.99890316408 mean_iota=0.419050357188 solver_iterations=2027
evaluation=197 objective=0.000172179310541 qs=0.000170486043342 aspect=5.99901534866 mean_iota=0.419149277399 solver_iterations=2010
evaluation=198 objective=0.000171096444364 qs=0.000169490017103 aspect=5.99901926306 mean_iota=0.419197141164 solver_iterations=2005
evaluation=199 objective=0.000171750527179 qs=0.000170071311957 aspect=5.99901926306 mean_iota=0.419153022863 solver_iterations=2007
evaluation=200 objective=0.000174725035343 qs=0.000173037339287 aspect=5.99901648196 mean_iota=0.419151243073 solver_iterations=2017
evaluation=201 objective=0.000210473773264 qs=0.000208808218769 aspect=5.99903100752 mean_iota=0.419147586914 solver_iterations=2024
evaluation=202 objective=0.00050948314541 qs=0.000287738370919 aspect=5.98526408373 mean_iota=0.417855811049 solver_iterations=2060
evaluation=203 objective=0.000274027918693 qs=0.000246026611047 aspect=5.99494314374 mean_iota=0.41844131068 solver_iterations=2037
evaluation=204 objective=0.000183237306196 qs=0.000181568290039 aspect=5.99902100167 mean_iota=0.419157041859 solver_iterations=2018
evaluation=205 objective=0.000172146766505 qs=0.000170467498216 aspect=5.99901943817 mean_iota=0.419152788821 solver_iterations=2007
evaluation=206 objective=0.000172004349244 qs=0.000170256106072 aspect=5.99898898398 mean_iota=0.419147890977 solver_iterations=2031
evaluation=207 objective=0.000170872853508 qs=0.000169213534816 aspect=5.99904774375 mean_iota=0.419132517021 solver_iterations=2061
evaluation=208 objective=0.00017202171423 qs=0.000170746605586 aspect=5.99928568909 mean_iota=0.419125432356 solver_iterations=2019
evaluation=209 objective=0.000171793611511 qs=0.000170128031425 aspect=5.99903441502 mean_iota=0.419143713985 solver_iterations=2010
evaluation=210 objective=0.000171912707125 qs=0.000170232928148 aspect=5.99901926306 mean_iota=0.419152690125 solver_iterations=2007
accepted mode=2 iteration=7 objective=0.000171912707125
    7    203    8.595635356e-05     0.085883692950.01176222172
evaluation=211 objective=0.000181146992936 qs=0.000175090985821 aspect=6.0023388417 mean_iota=0.419234606887 solver_iterations=1993
evaluation=212 objective=0.000159919878703 qs=0.000159484054265 aspect=6.00004728557 mean_iota=0.419341525617 solver_iterations=2076
evaluation=213 objective=0.000164410781404 qs=0.000163889490941 aspect=6.00004052887 mean_iota=0.419279133942 solver_iterations=2080
evaluation=214 objective=0.000160070664137 qs=0.000159634935915 aspect=6.00004679508 mean_iota=0.419341563638 solver_iterations=2076
evaluation=215 objective=0.000163599303758 qs=0.000163159121996 aspect=6.0000529171 mean_iota=0.419338651724 solver_iterations=2105
evaluation=216 objective=0.000176979117582 qs=0.000176540736703 aspect=6.00003967 mean_iota=0.41933908611 solver_iterations=2081
evaluation=217 objective=0.000394406397546 qs=0.000274109573887 aspect=5.98908711768 mean_iota=0.418901900242 solver_iterations=2083
evaluation=218 objective=0.000360161777648 qs=0.000357177090153 aspect=6.00169955833 mean_iota=0.42031014348 solver_iterations=2010
evaluation=219 objective=0.000172352827854 qs=0.000171925883261 aspect=6.00006703672 mean_iota=0.419350037946 solver_iterations=2107
evaluation=220 objective=0.000159927989779 qs=0.000159492280918 aspect=6.00004721238 mean_iota=0.419341608132 solver_iterations=2076
evaluation=221 objective=0.000160024937202 qs=0.000159587118349 aspect=6.00000661826 mean_iota=0.419338354285 solver_iterations=2084
evaluation=222 objective=0.000160025956756 qs=0.000159591808729 aspect=6.00006314821 mean_iota=0.419344133908 solver_iterations=2091
evaluation=223 objective=0.000160653129159 qs=0.000160073067205 aspect=5.99992950482 mean_iota=0.419241651542 solver_iterations=2010
evaluation=224 objective=0.000159989805451 qs=0.0001595492919 aspect=6.00004326033 mean_iota=0.419337699393 solver_iterations=2079
evaluation=225 objective=0.000161161443731 qs=0.00016078052539 aspect=6.00004728557 mean_iota=0.419384628229 solver_iterations=2076
evaluation=226 objective=0.000159974493218 qs=0.000159539128475 aspect=6.00004728557 mean_iota=0.41934187477 solver_iterations=2076
evaluation=227 objective=0.000161442772372 qs=0.000161004755765 aspect=6.0000440212 mean_iota=0.419339637418 solver_iterations=2085
evaluation=228 objective=0.00018548841183 qs=0.000185044627753 aspect=6.00006071956 mean_iota=0.41933660177 solver_iterations=2085
evaluation=229 objective=0.000447226647082 qs=0.00025474113558 aspect=5.98626565865 mean_iota=0.418036997405 solver_iterations=2089
evaluation=230 objective=0.000238021474659 qs=0.000219616444794 aspect=5.99593460288 mean_iota=0.41862975325 solver_iterations=2031
evaluation=231 objective=0.000165604912457 qs=0.000165173272828 aspect=6.00004866246 mean_iota=0.419344811787 solver_iterations=2087
evaluation=232 objective=0.000159964881981 qs=0.000159529095801 aspect=6.00004746744 mean_iota=0.419341567755 solver_iterations=2076
evaluation=233 objective=0.000160065113912 qs=0.000159624902233 aspect=6.00001365317 mean_iota=0.419336655994 solver_iterations=2083
evaluation=234 objective=0.00015976124009 qs=0.000159295012777 aspect=6.0000664962 mean_iota=0.419320437222 solver_iterations=2078
evaluation=235 objective=0.000160344169886 qs=0.000159773091062 aspect=6.00031759535 mean_iota=0.419314279926 solver_iterations=2001
evaluation=236 objective=0.000159892050381 qs=0.000159441625652 aspect=6.00006281392 mean_iota=0.419331809055 solver_iterations=2079
evaluation=237 objective=0.000159919878703 qs=0.000159484054265 aspect=6.00004728557 mean_iota=0.419341525617 solver_iterations=2076
accepted mode=2 iteration=8 objective=0.000159919878703
    8    229    7.995993935e-05     0.015799535520.00588111086
evaluation=238 objective=0.000152644644496 qs=0.000152153464702 aspect=6.00053476383 mean_iota=0.419547001719 solver_iterations=2003
evaluation=239 objective=0.000156471852855 qs=0.000155929160296 aspect=6.00052782177 mean_iota=0.419486096567 solver_iterations=2003
evaluation=240 objective=0.000153077609666 qs=0.000152586966813 aspect=6.00053422996 mean_iota=0.419546964463 solver_iterations=2003
evaluation=241 objective=0.000158718490987 qs=0.000158218311137 aspect=6.00054102458 mean_iota=0.419544508773 solver_iterations=2003
evaluation=242 objective=0.000173458153896 qs=0.000172960897175 aspect=6.00053628691 mean_iota=0.419542121122 solver_iterations=2075
evaluation=243 objective=0.000365645041112 qs=0.000256750294217 aspect=5.98960222164 mean_iota=0.419116285049 solver_iterations=2093
evaluation=244 objective=0.000377785387573 qs=0.000372761159023 aspect=6.00217923938 mean_iota=0.420524541948 solver_iterations=2048
evaluation=245 objective=0.000167104116305 qs=0.000166600701186 aspect=6.00055592246 mean_iota=0.419559131153 solver_iterations=2003
evaluation=246 objective=0.000152683581781 qs=0.000152192508809 aspect=6.0005347346 mean_iota=0.419547085128 solver_iterations=2003
evaluation=247 objective=0.000152924042793 qs=0.000152476439527 aspect=6.00048952354 mean_iota=0.419543962755 solver_iterations=2003
evaluation=248 objective=0.000153051440704 qs=0.000152545797126 aspect=6.00055250538 mean_iota=0.419552360206 solver_iterations=1997
evaluation=249 objective=0.000153475820225 qs=0.00015298181787 aspect=6.00042643753 mean_iota=0.419441293108 solver_iterations=2082
evaluation=250 objective=0.000152749758159 qs=0.000152259236961 aspect=6.00053116708 mean_iota=0.419543510429 solver_iterations=2001
evaluation=251 objective=0.00015283041375 qs=0.000152374415023 aspect=6.00053476383 mean_iota=0.419587657454 solver_iterations=2002
evaluation=252 objective=0.000152711248636 qs=0.000152220443467 aspect=6.00053476383 mean_iota=0.419547415403 solver_iterations=2003
evaluation=253 objective=0.000154190086386 qs=0.000153701653071 aspect=6.00053121657 mean_iota=0.419545860963 solver_iterations=2003
evaluation=254 objective=0.000188514526996 qs=0.000187979911794 aspect=6.00056638725 mean_iota=0.419537592511 solver_iterations=2006
evaluation=255 objective=0.000438489575067 qs=0.000259874359969 aspect=5.98675610581 mean_iota=0.418207102389 solver_iterations=2108
evaluation=256 objective=0.000233507375137 qs=0.000218956456801 aspect=5.99637176451 mean_iota=0.418822364403 solver_iterations=2093
evaluation=257 objective=0.000160957375513 qs=0.000160470927698 aspect=6.00053298746 mean_iota=0.419550142046 solver_iterations=2001
evaluation=258 objective=0.000152803329171 qs=0.000152311919258 aspect=6.00053501208 mean_iota=0.419547040853 solver_iterations=2002
evaluation=259 objective=0.000152850439366 qs=0.000152394555451 aspect=6.0004958383 mean_iota=0.419541711556 solver_iterations=2003
evaluation=260 objective=0.000152126635082 qs=0.00015161767319 aspect=6.00053500163 mean_iota=0.41952805175 solver_iterations=2000
evaluation=261 objective=0.000153270932248 qs=0.000152402470768 aspect=6.00079823588 mean_iota=0.419519083217 solver_iterations=2068
evaluation=262 objective=0.000152542718782 qs=0.000152024030788 aspect=6.00055181283 mean_iota=0.419537192701 solver_iterations=2001
evaluation=263 objective=0.000152644644496 qs=0.000152153464702 aspect=6.00053476383 mean_iota=0.419547001719 solver_iterations=2003
accepted mode=2 iteration=9 objective=0.000152644644496
    9    254    7.632232225e-05     0.046742040360.00588111086
evaluation=264 objective=0.000148308926916 qs=0.000147555346738 aspect=6.00037364265 mean_iota=0.419216436763 solver_iterations=1965
evaluation=265 objective=0.000152144734539 qs=0.000151302222956 aspect=6.00036668821 mean_iota=0.419158542136 solver_iterations=1967
evaluation=266 objective=0.000148555516828 qs=0.000147802251903 aspect=6.00037304158 mean_iota=0.419216351541 solver_iterations=1965
evaluation=267 objective=0.000152941183368 qs=0.000152178277224 aspect=6.000380215 mean_iota=0.419213652303 solver_iterations=1965
evaluation=268 objective=0.000171926054011 qs=0.000171161267521 aspect=6.00037439788 mean_iota=0.419209675562 solver_iterations=1957
evaluation=269 objective=0.0003667318957 qs=0.000253423055236 aspect=5.98942191478 mean_iota=0.418811322818 solver_iterations=2036
evaluation=270 objective=0.000382691831242 qs=0.000378414979398 aspect=6.00205871729 mean_iota=0.420196303247 solver_iterations=1964
evaluation=271 objective=0.000161074640943 qs=0.00016032628138 aspect=6.00039664084 mean_iota=0.419231211598 solver_iterations=1963
evaluation=272 objective=0.000148337035205 qs=0.000147583513107 aspect=6.0003736311 mean_iota=0.419216468319 solver_iterations=1965
evaluation=273 objective=0.000148491535456 qs=0.000147763157529 aspect=6.00033247445 mean_iota=0.419213972858 solver_iterations=1965
evaluation=274 objective=0.000148789718624 qs=0.000148037936882 aspect=6.00038031845 mean_iota=0.419220808354 solver_iterations=1959
evaluation=275 objective=0.000149613827511 qs=0.000148760953333 aspect=6.00026525973 mean_iota=0.419115403226 solver_iterations=1970
evaluation=276 objective=0.000148406910246 qs=0.000147649920956 aspect=6.00036984845 mean_iota=0.419212471327 solver_iterations=1965
evaluation=277 objective=0.000148612346538 qs=0.000147915442476 aspect=6.00037364265 mean_iota=0.41925347791 solver_iterations=1965
evaluation=278 objective=0.000148322904816 qs=0.000147570041457 aspect=6.00037364265 mean_iota=0.419216894306 solver_iterations=1965
evaluation=279 objective=0.000150368513831 qs=0.000149615030336 aspect=6.00037020326 mean_iota=0.419214867502 solver_iterations=1965
evaluation=280 objective=0.000183734512723 qs=0.000182932643019 aspect=6.00041053045 mean_iota=0.419204176872 solver_iterations=1964
evaluation=281 objective=0.000445910764632 qs=0.000259363187171 aspect=5.98651318412 mean_iota=0.417842831724 solver_iterations=1976
evaluation=282 objective=0.000235637356082 qs=0.000218203045299 aspect=5.99610816156 mean_iota=0.418487417996 solver_iterations=1970
evaluation=283 objective=0.000155586750003 qs=0.000154837185222 aspect=6.00037075688 mean_iota=0.419217629169 solver_iterations=1963
evaluation=284 objective=0.00014835558739 qs=0.00014760175237 aspect=6.00037393365 mean_iota=0.419216412963 solver_iterations=1965
evaluation=285 objective=0.000148578609644 qs=0.000147842873326 aspect=6.00033627893 mean_iota=0.419210916482 solver_iterations=1965
evaluation=286 objective=0.000147705492304 qs=0.000146923910458 aspect=6.00036322802 mean_iota=0.419193993021 solver_iterations=1965
evaluation=287 objective=0.000149009547824 qs=0.000147948331133 aspect=6.00063261192 mean_iota=0.41918696934 solver_iterations=1965
evaluation=288 objective=0.000148199853009 qs=0.000147415907063 aspect=6.00039096063 mean_iota=0.419205584661 solver_iterations=1965
evaluation=289 objective=0.000148308926916 qs=0.000147555346738 aspect=6.00037364265 mean_iota=0.419216436763 solver_iterations=1965
accepted mode=2 iteration=10 objective=0.000148308926916
   10    279    7.415446346e-05     0.041972615760.01176222172
evaluation=290 objective=0.000144551642387 qs=0.000143719118782 aspect=6.00049209902 mean_iota=0.419231649716 solver_iterations=2080
evaluation=291 objective=0.000151408483002 qs=0.000150490744244 aspect=6.00048424124 mean_iota=0.419173411115 solver_iterations=2084
evaluation=292 objective=0.000144742263652 qs=0.000143910194269 aspect=6.00049150206 mean_iota=0.419231563204 solver_iterations=2080
evaluation=293 objective=0.000147108802151 qs=0.00014626980777 aspect=6.00049922965 mean_iota=0.419232038976 solver_iterations=2033
evaluation=294 objective=0.000173216606813 qs=0.000172369926576 aspect=6.0005054092 mean_iota=0.419231077522 solver_iterations=2063
evaluation=295 objective=0.000362717187264 qs=0.000253092762375 aspect=5.98959282602 mean_iota=0.418853198041 solver_iterations=2049
evaluation=296 objective=0.000384925097501 qs=0.000380347151942 aspect=6.00212739463 mean_iota=0.420228336742 solver_iterations=2071
evaluation=297 objective=0.000152881367017 qs=0.000152049942393 aspect=6.0005149047 mean_iota=0.419247472407 solver_iterations=2089
evaluation=298 objective=0.000144494693924 qs=0.000143662186232 aspect=6.00049212724 mean_iota=0.419231678147 solver_iterations=2080
evaluation=299 objective=0.000144825617424 qs=0.000144027134738 aspect=6.00045303364 mean_iota=0.419229777168 solver_iterations=2100
evaluation=300 objective=0.000144754555808 qs=0.000143927004033 aspect=6.00050304383 mean_iota=0.419242043088 solver_iterations=2092
evaluation=301 objective=0.000144708395593 qs=0.000143794256635 aspect=6.00041194677 mean_iota=0.419137191319 solver_iterations=2038
evaluation=302 objective=0.000144728321652 qs=0.0001438995771 aspect=6.00048876021 mean_iota=0.41923197786 solver_iterations=2029
evaluation=303 objective=0.000146389189413 qs=0.000145609817916 aspect=6.00049209902 mean_iota=0.419267053856 solver_iterations=2079
evaluation=304 objective=0.000144477866009 qs=0.000143646097271 aspect=6.00049209902 mean_iota=0.4192321411 solver_iterations=2080
evaluation=305 objective=0.000145315266668 qs=0.000144490850818 aspect=6.00048855035 mean_iota=0.419234667125 solver_iterations=2033
evaluation=306 objective=0.000174014410034 qs=0.000173096242837 aspect=6.0005626453 mean_iota=0.419224372858 solver_iterations=2062
evaluation=307 objective=0.000431542529736 qs=0.000249971018978 aspect=5.98670324216 mean_iota=0.417816484083 solver_iterations=2161
evaluation=308 objective=0.000226826432032 qs=0.000210342354671 aspect=5.99622720992 mean_iota=0.418499955873 solver_iterations=2058
evaluation=309 objective=0.000148076903866 qs=0.000147248883904 aspect=6.00048759021 mean_iota=0.41923170595 solver_iterations=2085
evaluation=310 objective=0.000144557629227 qs=0.00014372467559 aspect=6.00049243661 mean_iota=0.419231586163 solver_iterations=2080
evaluation=311 objective=0.000145101440068 qs=0.000144295803706 aspect=6.00045586807 mean_iota=0.419226811363 solver_iterations=2093
evaluation=312 objective=0.000144494203944 qs=0.000143651882445 aspect=6.00047344596 mean_iota=0.419213761857 solver_iterations=2081
evaluation=313 objective=0.000144876918625 qs=0.000143732445805 aspect=6.00072340936 mean_iota=0.419211868215 solver_iterations=2084
evaluation=314 objective=0.000144577946808 qs=0.000143717086625 aspect=6.00051099272 mean_iota=0.4192255669 solver_iterations=2033
evaluation=315 objective=0.000144551642387 qs=0.000143719118782 aspect=6.00049209902 mean_iota=0.419231649716 solver_iterations=2080
accepted mode=2 iteration=11 objective=0.000144551642387
   11    304    7.227582119e-05     0.051022097410.01176222172
evaluation=316 objective=0.000143138977816 qs=0.000143004149683 aspect=5.99989697535 mean_iota=0.419647559856 solver_iterations=2079
evaluation=317 objective=0.000146898837423 qs=0.00014671885801 aspect=5.9998891008 mean_iota=0.419590511563 solver_iterations=2078
evaluation=318 objective=0.000143196770436 qs=0.000143061742031 aspect=5.99989635893 mean_iota=0.419647456479 solver_iterations=2079
evaluation=319 objective=0.000147630111955 qs=0.00014749521938 aspect=5.99990409449 mean_iota=0.419645465506 solver_iterations=2066
evaluation=320 objective=0.000164689420015 qs=0.000164552746537 aspect=5.99990885658 mean_iota=0.419641717492 solver_iterations=2083
evaluation=321 objective=0.000391411130165 qs=0.000268953799734 aspect=5.98895845789 mean_iota=0.419264011975 solver_iterations=2078
evaluation=322 objective=0.000363647686482 qs=0.000360875769557 aspect=6.00154105797 mean_iota=0.420630124788 solver_iterations=2094
evaluation=323 objective=0.00015583542243 qs=0.000155715817449 aspect=5.9999195987 mean_iota=0.41966363619 solver_iterations=2066
evaluation=324 objective=0.000143139386041 qs=0.00014300459438 aspect=5.99989701557 mean_iota=0.419647599848 solver_iterations=2078
evaluation=325 objective=0.000143305051479 qs=0.00014315900402 aspect=5.99985763202 mean_iota=0.419645346904 solver_iterations=2079
evaluation=326 objective=0.00014329248932 qs=0.000143167683093 aspect=5.99991753128 mean_iota=0.419656481243 solver_iterations=2065
evaluation=327 objective=0.000143599040565 qs=0.000143356186728 aspect=5.99980881529 mean_iota=0.419545794931 solver_iterations=2075
evaluation=328 objective=0.000143260061377 qs=0.00014312173843 aspect=5.99989375399 mean_iota=0.41964358068 solver_iterations=2079
evaluation=329 objective=0.000144019527688 qs=0.000143908417604 aspect=5.99989697535 mean_iota=0.419682988952 solver_iterations=2078
evaluation=330 objective=0.000143168122922 qs=0.000143033649718 aspect=5.99989697535 mean_iota=0.419648063748 solver_iterations=2079
evaluation=331 objective=0.000145436775845 qs=0.000145300554127 aspect=5.99989375305 mean_iota=0.419646540945 solver_iterations=2065
evaluation=332 objective=0.00017472192718 qs=0.000174588188263 aspect=5.9999654117 mean_iota=0.419635936041 solver_iterations=2087
evaluation=333 objective=0.000435897649063 qs=0.000238573892891 aspect=5.98606524037 mean_iota=0.418226238398 solver_iterations=2070
evaluation=334 objective=0.000221103668696 qs=0.000200686984044 aspect=5.99561637831 mean_iota=0.418904305924 solver_iterations=2085
evaluation=335 objective=0.000148351217408 qs=0.000148215165963 aspect=5.99989153392 mean_iota=0.419647457018 solver_iterations=2065
evaluation=336 objective=0.000143147876939 qs=0.000143013082951 aspect=5.99989729354 mean_iota=0.419647515431 solver_iterations=2078
evaluation=337 objective=0.000143266547168 qs=0.000143118647659 aspect=5.99986009908 mean_iota=0.419641772081 solver_iterations=2079
evaluation=338 objective=0.00014323391708 qs=0.000143086200121 aspect=5.99988806255 mean_iota=0.419632322197 solver_iterations=2065
evaluation=339 objective=0.000143209190246 qs=0.000143047345269 aspect=6.00014693477 mean_iota=0.419625493458 solver_iterations=2081
evaluation=340 objective=0.000143260737866 qs=0.000143123104025 aspect=5.9999167151 mean_iota=0.419638478955 solver_iterations=2065
evaluation=341 objective=0.000143138977816 qs=0.000143004149683 aspect=5.99989697535 mean_iota=0.419647559856 solver_iterations=2079
accepted mode=2 iteration=12 objective=0.000143138977816
   12    329    7.156948891e-05     0.010503813190.01176222172
evaluation=342 objective=0.000141324308024 qs=0.000140979793913 aspect=6.00020770832 mean_iota=0.419451026991 solver_iterations=2094
evaluation=343 objective=0.000144934194355 qs=0.000144528971832 aspect=6.00019984979 mean_iota=0.419395613879 solver_iterations=2094
evaluation=344 objective=0.000141485063901 qs=0.000141140679217 aspect=6.0002070787 mean_iota=0.419450907022 solver_iterations=2094
evaluation=345 objective=0.00014661483251 qs=0.000146265218399 aspect=6.00021499787 mean_iota=0.419449191479 solver_iterations=2085
evaluation=346 objective=0.000165130581168 qs=0.000164778788996 aspect=6.00022090433 mean_iota=0.419449551592 solver_iterations=2048
evaluation=347 objective=0.000379951404777 qs=0.000264076805665 aspect=5.98927430088 mean_iota=0.419086776292 solver_iterations=2066
evaluation=348 objective=0.000374738608713 qs=0.000371049409922 aspect=6.00186883912 mean_iota=0.420443440129 solver_iterations=2092
evaluation=349 objective=0.000155277091934 qs=0.000154942158238 aspect=6.00023134676 mean_iota=0.419469516851 solver_iterations=2081
evaluation=350 objective=0.000141354468883 qs=0.000141009968192 aspect=6.00020778408 mean_iota=0.419451067885 solver_iterations=2094
evaluation=351 objective=0.000141406147506 qs=0.000141072175666 aspect=6.00017461371 mean_iota=0.419449108094 solver_iterations=2094
evaluation=352 objective=0.000141517071044 qs=0.00014117974771 aspect=6.00021579219 mean_iota=0.419460781059 solver_iterations=2117
evaluation=353 objective=0.000142172655758 qs=0.000141734033764 aspect=6.000126548 mean_iota=0.419349917237 solver_iterations=2093
evaluation=354 objective=0.000141387020007 qs=0.000141039336793 aspect=6.00020440949 mean_iota=0.419446917749 solver_iterations=2091
evaluation=355 objective=0.000141812687467 qs=0.000141503291684 aspect=6.00020770832 mean_iota=0.419484002871 solver_iterations=2094
evaluation=356 objective=0.000141348175892 qs=0.000141004255201 aspect=6.00020770832 mean_iota=0.41945156774 solver_iterations=2094
evaluation=357 objective=0.000143616145285 qs=0.000143272154033 aspect=6.00020468815 mean_iota=0.419450369201 solver_iterations=2082
evaluation=358 objective=0.000177309322347 qs=0.000176913107273 aspect=6.00028972029 mean_iota=0.419441182293 solver_iterations=2049
evaluation=359 objective=0.000432303239751 qs=0.000241951319573 aspect=5.98634882178 mean_iota=0.418000686772 solver_iterations=2104
evaluation=360 objective=0.00021997094344 qs=0.000201222736756 aspect=5.99586835877 mean_iota=0.418704721108 solver_iterations=2106
evaluation=361 objective=0.000147628650576 qs=0.000147286169638 aspect=6.00020160719 mean_iota=0.419450604443 solver_iterations=2081
evaluation=362 objective=0.000141370325808 qs=0.00014102557968 aspect=6.00020808987 mean_iota=0.419450960173 solver_iterations=2094
evaluation=363 objective=0.000141419710783 qs=0.00014108129431 aspect=6.00017526913 mean_iota=0.419445295388 solver_iterations=2097
evaluation=364 objective=0.000141233279485 qs=0.000140876467839 aspect=6.00018964151 mean_iota=0.419433565763 solver_iterations=2092
evaluation=365 objective=0.000141736071198 qs=0.000141211771367 aspect=6.00044450157 mean_iota=0.419428407328 solver_iterations=2130
evaluation=366 objective=0.000141367023623 qs=0.000141003215448 aspect=6.00022763669 mean_iota=0.419441439608 solver_iterations=2089
evaluation=367 objective=0.000141324308024 qs=0.000140979793913 aspect=6.00020770832 mean_iota=0.419451026991 solver_iterations=2094
accepted mode=2 iteration=13 objective=0.000141324308024
   13    354    7.066215401e-05     0.019717268720.01176222172
evaluation=368 objective=0.000142033843185 qs=0.000141556830473 aspect=6.00056388934 mean_iota=0.419601199894 solver_iterations=2147
evaluation=369 objective=0.000141055330492 qs=0.000140910161852 aspect=5.99999068202 mean_iota=0.419619103931 solver_iterations=2074
evaluation=370 objective=0.000145194663775 qs=0.000145004029454 aspect=5.99998261187 mean_iota=0.419563729471 solver_iterations=2073
evaluation=371 objective=0.00014114387194 qs=0.00014099860381 aspect=5.99999004434 mean_iota=0.419618989482 solver_iterations=2074
evaluation=372 objective=0.000145323117745 qs=0.000145176183485 aspect=5.99999815152 mean_iota=0.419616684408 solver_iterations=2073
evaluation=373 objective=0.000165572697352 qs=0.000165422987347 aspect=6.00000657094 mean_iota=0.419613132029 solver_iterations=2168
evaluation=374 objective=0.000387922707165 qs=0.000267689157943 aspect=5.98906003088 mean_iota=0.419257958965 solver_iterations=2197
evaluation=375 objective=0.000372543712492 qs=0.000369477516052 aspect=6.00164070029 mean_iota=0.420611799793 solver_iterations=2199
evaluation=376 objective=0.000153261639477 qs=0.000153129454635 aspect=6.00001417766 mean_iota=0.419636704202 solver_iterations=2072
evaluation=377 objective=0.000141054389593 qs=0.000140909249642 aspect=5.99999078893 mean_iota=0.419619138992 solver_iterations=2074
evaluation=378 objective=0.000141112303568 qs=0.00014096420344 aspect=5.99995991571 mean_iota=0.419617255466 solver_iterations=2073
evaluation=379 objective=0.00014113351064 qs=0.000140995722024 aspect=6.00000107824 mean_iota=0.419628802676 solver_iterations=2073
evaluation=380 objective=0.00014143523788 qs=0.000141194491124 aspect=5.99991157473 mean_iota=0.419517374132 solver_iterations=2078
evaluation=381 objective=0.00014108052462 qs=0.000140931892138 aspect=5.99998739743 mean_iota=0.419614677203 solver_iterations=2073
evaluation=382 objective=0.000142127216033 qs=0.000142006011409 aspect=5.99999068202 mean_iota=0.419651980173 solver_iterations=2074
evaluation=383 objective=0.000141119507059 qs=0.000140974755602 aspect=5.99999068202 mean_iota=0.419619651959 solver_iterations=2074
evaluation=384 objective=0.000142869819065 qs=0.000142723588285 aspect=5.99998784109 mean_iota=0.419617792019 solver_iterations=2073
evaluation=385 objective=0.000173578062675 qs=0.000173415325465 aspect=6.00008196476 mean_iota=0.419605007609 solver_iterations=2178
evaluation=386 objective=0.000433436738997 qs=0.000237845964381 aspect=5.98613596992 mean_iota=0.41816167345 solver_iterations=2117
evaluation=387 objective=0.000219308742021 qs=0.000199135999906 aspect=5.99565283961 mean_iota=0.418870868192 solver_iterations=2177
evaluation=388 objective=0.000145850753364 qs=0.000145704212667 aspect=5.99998416904 mean_iota=0.419617521141 solver_iterations=2073
evaluation=389 objective=0.000141075674454 qs=0.000140930453814 aspect=5.9999910675 mean_iota=0.419619026444 solver_iterations=2074
evaluation=390 objective=0.000141209736873 qs=0.000141059131197 aspect=5.99996081293 mean_iota=0.419613904093 solver_iterations=2073
evaluation=391 objective=0.000141137607212 qs=0.000140979153747 aspect=5.9999750616 mean_iota=0.41960271982 solver_iterations=2073
evaluation=392 objective=0.000141153764964 qs=0.000140939362624 aspect=6.00023004979 mean_iota=0.419598154965 solver_iterations=2169
evaluation=393 objective=0.000141084705761 qs=0.000140932183879 aspect=6.00001105026 mean_iota=0.419609615863 solver_iterations=2073
evaluation=394 objective=0.000141055330492 qs=0.000140910161852 aspect=5.99999068202 mean_iota=0.419619103931 solver_iterations=2074
accepted mode=2 iteration=14 objective=0.000141055330492
   14    380    7.052766525e-05    0.0063502723320.0003447974185
evaluation=395 objective=0.000141955025175 qs=0.000141732252394 aspect=6.00003844243 mean_iota=0.419529580016 solver_iterations=2540
evaluation=396 objective=0.000140955225764 qs=0.00014077378344 aspect=6.00003243599 mean_iota=0.419575276289 solver_iterations=2113
evaluation=397 objective=0.000144918192441 qs=0.000144687064519 aspect=6.00002433096 mean_iota=0.41951985843 solver_iterations=2113
evaluation=398 objective=0.000141053877752 qs=0.000140872378915 aspect=6.00003180275 mean_iota=0.419575161887 solver_iterations=2113
evaluation=399 objective=0.000145476156608 qs=0.000145292197244 aspect=6.00003988985 mean_iota=0.419572954143 solver_iterations=2114
evaluation=400 objective=0.000164275725028 qs=0.000164088075012 aspect=6.00004850071 mean_iota=0.419569537811 solver_iterations=2113
evaluation=401 objective=0.000389548976747 qs=0.000270189765023 aspect=5.98910307771 mean_iota=0.419214954564 solver_iterations=2181
evaluation=402 objective=0.000368798904942 qs=0.000365645913949 aspect=6.0016821376 mean_iota=0.420568686276 solver_iterations=2183
evaluation=403 objective=0.00015372853392 qs=0.000153559754647 aspect=6.00005588862 mean_iota=0.419592991725 solver_iterations=2114
evaluation=404 objective=0.000140963559142 qs=0.000140782172221 aspect=6.00003254035 mean_iota=0.419575349501 solver_iterations=2114
evaluation=405 objective=0.000140994944683 qs=0.000140813000557 aspect=6.00000151516 mean_iota=0.419573453601 solver_iterations=2112
evaluation=406 objective=0.000140989248576 qs=0.00014081493205 aspect=6.00004259115 mean_iota=0.419584665773 solver_iterations=2122
evaluation=407 objective=0.000141360438702 qs=0.000141081066024 aspect=5.9999540756 mean_iota=0.419473441715 solver_iterations=2114
evaluation=408 objective=0.000140978846573 qs=0.000140793888522 aspect=6.00002916284 mean_iota=0.419570922409 solver_iterations=2114
evaluation=409 objective=0.000142009412076 qs=0.0001418548545 aspect=6.00003243599 mean_iota=0.419608202243 solver_iterations=2114
evaluation=410 objective=0.000141032566199 qs=0.00014085158954 aspect=6.00003243599 mean_iota=0.419575824841 solver_iterations=2113
evaluation=411 objective=0.000142859422341 qs=0.000142677077246 aspect=6.00002958227 mean_iota=0.419574007061 solver_iterations=2115
evaluation=412 objective=0.000173266673869 qs=0.000173058844551 aspect=6.0001238905 mean_iota=0.419561274046 solver_iterations=2175
evaluation=413 objective=0.000429954875056 qs=0.000235418967976 aspect=5.98618001838 mean_iota=0.418117444552 solver_iterations=2120
evaluation=414 objective=0.000217015910263 qs=0.000197106074024 aspect=5.9956949269 mean_iota=0.418826892246 solver_iterations=2176
evaluation=415 objective=0.000145809900992 qs=0.00014562752644 aspect=6.0000259094 mean_iota=0.419573733352 solver_iterations=2115
evaluation=416 objective=0.000140984452127 qs=0.00014080295 aspect=6.00003282321 mean_iota=0.419575235638 solver_iterations=2114
evaluation=417 objective=0.000141092732681 qs=0.000140907865491 aspect=6.0000023063 mean_iota=0.419570044339 solver_iterations=2112
evaluation=418 objective=0.000141066351974 qs=0.000140870962976 aspect=6.00001649664 mean_iota=0.419558279659 solver_iterations=2171
evaluation=419 objective=0.00014106300441 qs=0.000140791478155 aspect=6.000270557 mean_iota=0.419554662864 solver_iterations=2113
evaluation=420 objective=0.000141006989749 qs=0.000140815650562 aspect=6.0000528239 mean_iota=0.41956577791 solver_iterations=2114
evaluation=421 objective=0.000140955225764 qs=0.00014077378344 aspect=6.00003243599 mean_iota=0.419575276289 solver_iterations=2113
accepted mode=2 iteration=15 objective=0.000140955225764
   15    406    7.047761288e-05   0.00076061884110.0001723987092
evaluation=422 objective=0.00014198739787 qs=0.000141798856171 aspect=6.0000336129 mean_iota=0.419567089072 solver_iterations=2467
evaluation=423 objective=0.000140888336159 qs=0.000140713967082 aspect=6.00003013495 mean_iota=0.419583513551 solver_iterations=2161
evaluation=424 objective=0.00014482492374 qs=0.000144601722307 aspect=6.00002203131 mean_iota=0.419528071981 solver_iterations=2162
evaluation=425 objective=0.00014098026946 qs=0.00014080584481 aspect=6.00002950181 mean_iota=0.41958340152 solver_iterations=2161
evaluation=426 objective=0.000145386966402 qs=0.000145209612794 aspect=6.00003758199 mean_iota=0.419580546543 solver_iterations=2176
evaluation=427 objective=0.000164204335921 qs=0.000164024322105 aspect=6.00004622557 mean_iota=0.419578245317 solver_iterations=2116
evaluation=428 objective=0.000390126267844 qs=0.000270739055918 aspect=5.98910152196 mean_iota=0.419218726445 solver_iterations=2798
evaluation=429 objective=0.000368619907754 qs=0.000365464495705 aspect=6.00167968369 mean_iota=0.420577991994 solver_iterations=2124
evaluation=430 objective=0.000153637866277 qs=0.000153475824654 aspect=6.0000535687 mean_iota=0.419601036321 solver_iterations=2166
evaluation=431 objective=0.000140896651316 qs=0.000140722294585 aspect=6.00003023935 mean_iota=0.419583535941 solver_iterations=2161
evaluation=432 objective=0.000140921695062 qs=0.000140746748302 aspect=5.99999930181 mean_iota=0.419581734208 solver_iterations=2161
evaluation=433 objective=0.000140924670501 qs=0.000140757145298 aspect=6.00003997327 mean_iota=0.419592658202 solver_iterations=2176
evaluation=434 objective=0.000141267749363 qs=0.000140996571126 aspect=5.99995200101 mean_iota=0.419481469062 solver_iterations=2177
evaluation=435 objective=0.000140897675123 qs=0.000140719419846 aspect=6.00002688161 mean_iota=0.419578653757 solver_iterations=2173
evaluation=436 objective=0.000141951348604 qs=0.000141803274029 aspect=6.00003013495 mean_iota=0.41961637719 solver_iterations=2161
evaluation=437 objective=0.000140970855728 qs=0.000140796944631 aspect=6.00003013495 mean_iota=0.419584063728 solver_iterations=2161
evaluation=438 objective=0.000142786514581 qs=0.000142610711368 aspect=6.00002728007 mean_iota=0.419581599462 solver_iterations=2170
evaluation=439 objective=0.000173186810432 qs=0.000172987441143 aspect=6.00012157455 mean_iota=0.419570361876 solver_iterations=2114
evaluation=440 objective=0.000429827216611 qs=0.000235276174399 aspect=5.9861782876 mean_iota=0.418126151402 solver_iterations=2113
evaluation=441 objective=0.000216919531104 qs=0.000197009938228 aspect=5.99569261228 mean_iota=0.418835524193 solver_iterations=2127
evaluation=442 objective=0.000145728469148 qs=0.000145552612501 aspect=6.00002359093 mean_iota=0.419581311434 solver_iterations=2175
evaluation=443 objective=0.00014091780718 qs=0.000140743341541 aspect=6.00003052445 mean_iota=0.419583426 solver_iterations=2161
evaluation=444 objective=0.000141019339806 qs=0.000140841495443 aspect=6.00000004907 mean_iota=0.419578284028 solver_iterations=2161
evaluation=445 objective=0.000141045498165 qs=0.000140857279533 aspect=6.00001409257 mean_iota=0.419566387234 solver_iterations=2171
evaluation=446 objective=0.000141021580616 qs=0.000140758970481 aspect=6.0002677572 mean_iota=0.419563060398 solver_iterations=2115
evaluation=447 objective=0.000140933835992 qs=0.000140749401862 aspect=6.00005054778 mean_iota=0.419573527197 solver_iterations=2169
evaluation=448 objective=0.000140888336159 qs=0.000140713967082 aspect=6.00003013495 mean_iota=0.419583513551 solver_iterations=2161
accepted mode=2 iteration=16 objective=0.000140888336159
   16    432    7.044416808e-05   0.00079542561968.619935462e-05
evaluation=449 objective=0.000141985372777 qs=0.000141774784734 aspect=6.00004020185 mean_iota=0.419542865606 solver_iterations=2536
evaluation=450 objective=0.000141382668054 qs=0.000141205923556 aspect=6.00003186606 mean_iota=0.419580799509 solver_iterations=2233
evaluation=451 objective=0.000140882583473 qs=0.000140708427934 aspect=6.00002932695 mean_iota=0.419583712275 solver_iterations=2171
evaluation=452 objective=0.000144850603037 qs=0.000144628050121 aspect=6.0000212204 mean_iota=0.419528722364 solver_iterations=2165
evaluation=453 objective=0.000140984975306 qs=0.000140811113624 aspect=6.00002869391 mean_iota=0.419584021225 solver_iterations=2165
evaluation=454 objective=0.000145402553188 qs=0.000145225827082 aspect=6.00003677468 mean_iota=0.419581223532 solver_iterations=2172
evaluation=455 objective=0.000164163210895 qs=0.000163983789992 aspect=6.00004542238 mean_iota=0.419578861413 solver_iterations=2164
evaluation=456 objective=0.000389835849934 qs=0.000270434816377 aspect=5.989100816 mean_iota=0.419219729781 solver_iterations=2418
evaluation=457 objective=0.000368590909485 qs=0.00036543740931 aspect=6.00167882102 mean_iota=0.42057884382 solver_iterations=2122
evaluation=458 objective=0.000153658268046 qs=0.0001534964858 aspect=6.00005276229 mean_iota=0.419601253981 solver_iterations=2171
evaluation=459 objective=0.000140890559926 qs=0.000140716417606 aspect=6.00002943133 mean_iota=0.419583735521 solver_iterations=2170
evaluation=460 objective=0.000140917558351 qs=0.000140742738709 aspect=5.99999850349 mean_iota=0.419581888289 solver_iterations=2170
evaluation=461 objective=0.000140926014407 qs=0.000140759118097 aspect=6.0000391631 mean_iota=0.419593352042 solver_iterations=2174
evaluation=462 objective=0.000141281114993 qs=0.000141010741963 aspect=5.99995127499 mean_iota=0.419482313895 solver_iterations=2178
evaluation=463 objective=0.00014090559618 qs=0.000140727956372 aspect=6.0000260711 mean_iota=0.419579333735 solver_iterations=2169
evaluation=464 objective=0.000141954859032 qs=0.000141807336721 aspect=6.00002932695 mean_iota=0.419617034934 solver_iterations=2164
evaluation=465 objective=0.000140959393962 qs=0.000140785696425 aspect=6.00002932695 mean_iota=0.419584262742 solver_iterations=2171
evaluation=466 objective=0.000142797522236 qs=0.000142622300485 aspect=6.00002647114 mean_iota=0.419582242857 solver_iterations=2172
evaluation=467 objective=0.00017319302697 qs=0.000172994448295 aspect=6.00012077454 mean_iota=0.419571056896 solver_iterations=2115
evaluation=468 objective=0.000429832955527 qs=0.000235266366 aspect=5.98617764081 mean_iota=0.418126773921 solver_iterations=2113
evaluation=469 objective=0.000216911185829 qs=0.000196996895026 aspect=5.99569182658 mean_iota=0.418836413894 solver_iterations=2124
evaluation=470 objective=0.000145739238049 qs=0.000145563974107 aspect=6.00002278531 mean_iota=0.419581975154 solver_iterations=2171
evaluation=471 objective=0.000140911861688 qs=0.000140737610607 aspect=6.00002971647 mean_iota=0.419583625155 solver_iterations=2170
evaluation=472 objective=0.000141019943324 qs=0.000140842664169 aspect=5.99999924158 mean_iota=0.419578955371 solver_iterations=2163
evaluation=473 objective=0.000142192099397 qs=0.000142003221622 aspect=6.00001327279 mean_iota=0.419565602017 solver_iterations=2490
evaluation=474 objective=0.000140982088867 qs=0.000140720520011 aspect=6.00026682099 mean_iota=0.419563679686 solver_iterations=2162
evaluation=475 objective=0.000140941632154 qs=0.000140757870511 aspect=6.00004973246 mean_iota=0.419574220332 solver_iterations=2170
evaluation=476 objective=0.000140882583473 qs=0.000140708427934 aspect=6.00002932695 mean_iota=0.419583712275 solver_iterations=2171
accepted mode=2 iteration=17 objective=0.000140882583473
   17    459    7.044129174e-05     0.006900933135.387459664e-06
evaluation=477 objective=0.000140881439229 qs=0.00014070914677 aspect=6.00003097146 mean_iota=0.419586075819 solver_iterations=2170
evaluation=478 objective=0.000144795709699 qs=0.000144575307774 aspect=6.00002286909 mean_iota=0.419531087503 solver_iterations=2164
evaluation=479 objective=0.000140970681097 qs=0.000140798333548 aspect=6.00003033834 mean_iota=0.4195859624 solver_iterations=2170
evaluation=480 objective=0.000145397319319 qs=0.000145222413973 aspect=6.00003841983 mean_iota=0.419583551608 solver_iterations=2170
evaluation=481 objective=0.000164219047368 qs=0.000164041501316 aspect=6.00004705559 mean_iota=0.41958127357 solver_iterations=2115
evaluation=482 objective=0.000390054453683 qs=0.000270691003372 aspect=5.98910237572 mean_iota=0.419222031244 solver_iterations=2742
evaluation=483 objective=0.000368697281671 qs=0.000365535709226 aspect=6.00168046879 mean_iota=0.420581031049 solver_iterations=2124
evaluation=484 objective=0.000153647480691 qs=0.000153487759641 aspect=6.00005440737 mean_iota=0.419604069592 solver_iterations=2167
evaluation=485 objective=0.000140889644804 qs=0.00014071736549 aspect=6.00003107583 mean_iota=0.419586099521 solver_iterations=2170
evaluation=486 objective=0.000140912130589 qs=0.000140739281224 aspect=6.00000015057 mean_iota=0.419584248461 solver_iterations=2169
evaluation=487 objective=0.00014092985538 qs=0.000140764716176 aspect=6.00004086451 mean_iota=0.419595686636 solver_iterations=2176
evaluation=488 objective=0.000141275815836 qs=0.00014100793713 aspect=5.9999529463 mean_iota=0.419484573327 solver_iterations=2177
evaluation=489 objective=0.000140900943042 qs=0.000140725201182 aspect=6.00002771578 mean_iota=0.419581701428 solver_iterations=2169
evaluation=490 objective=0.000141946854895 qs=0.000141801045825 aspect=6.00003097146 mean_iota=0.419619408568 solver_iterations=2163
evaluation=491 objective=0.000140966135492 qs=0.000140794299625 aspect=6.00003097146 mean_iota=0.419586627728 solver_iterations=2170
evaluation=492 objective=0.000142793237261 qs=0.000142619903831 aspect=6.00002811588 mean_iota=0.419584617132 solver_iterations=2171
evaluation=493 objective=0.000173229552375 qs=0.000173032583887 aspect=6.00012242078 mean_iota=0.419573406937 solver_iterations=2115
evaluation=494 objective=0.000429848224406 qs=0.000235335534436 aspect=5.98617927789 mean_iota=0.418129083038 solver_iterations=2113
evaluation=495 objective=0.000216965556441 qs=0.000197070352815 aspect=5.99569345918 mean_iota=0.418838574235 solver_iterations=2128
evaluation=496 objective=0.000145744748337 qs=0.000145571415382 aspect=6.00002442921 mean_iota=0.41958438459 solver_iterations=2171
evaluation=497 objective=0.000140910663425 qs=0.0001407382756 aspect=6.00003136102 mean_iota=0.419585989963 solver_iterations=2170
evaluation=498 objective=0.000141017816403 qs=0.000140842520436 aspect=6.00000088756 mean_iota=0.419581317329 solver_iterations=2163
evaluation=499 objective=0.000142284510654 qs=0.000142097140963 aspect=6.00001492385 mean_iota=0.419567395135 solver_iterations=2443
evaluation=500 objective=0.000140985224569 qs=0.000140724830265 aspect=6.00026845286 mean_iota=0.419566032989 solver_iterations=2161
evaluation=501 objective=0.000140933718105 qs=0.000140751766546 aspect=6.00005137728 mean_iota=0.419576547601 solver_iterations=2169
evaluation=502 objective=0.000140881439229 qs=0.00014070914677 aspect=6.00003097146 mean_iota=0.419586075819 solver_iterations=2170
accepted mode=2 iteration=18 objective=0.000140881439229
   18    484    7.044071961e-05    0.0071756064741.346864916e-06
evaluation=503 objective=0.000140882157206 qs=0.000140710244411 aspect=6.00003173008 mean_iota=0.419586592215 solver_iterations=2170
evaluation=504 objective=0.000140881908331 qs=0.000140709706656 aspect=6.00003121305 mean_iota=0.419586203648 solver_iterations=2170
evaluation=505 objective=0.000140881848437 qs=0.000140709574107 aspect=6.00003103575 mean_iota=0.419586102535 solver_iterations=2170
evaluation=506 objective=0.000140881833558 qs=0.000140709540936 aspect=6.00003098779 mean_iota=0.419586076844 solver_iterations=2170
evaluation=507 objective=0.000140881829938 qs=0.000140709532739 aspect=6.00003097556 mean_iota=0.419586070399 solver_iterations=2170
evaluation=508 objective=0.000140881829066 qs=0.000140709530722 aspect=6.00003097249 mean_iota=0.419586068788 solver_iterations=2170
evaluation=509 objective=0.000140881828855 qs=0.000140709530226 aspect=6.00003097172 mean_iota=0.419586068385 solver_iterations=2170
evaluation=510 objective=0.000140881828785 qs=0.000140709530082 aspect=6.00003097153 mean_iota=0.419586068282 solver_iterations=2170
evaluation=511 objective=0.000140881828708 qs=0.000140709529986 aspect=6.00003097148 mean_iota=0.419586068255 solver_iterations=2170
evaluation=512 objective=0.000140881828794 qs=0.000140709530071 aspect=6.00003097147 mean_iota=0.419586068253 solver_iterations=2170
evaluation=513 objective=0.000140881828764 qs=0.000140709530039 aspect=6.00003097147 mean_iota=0.41958606825 solver_iterations=2170
evaluation=514 objective=0.000140881828785 qs=0.00014070953006 aspect=6.00003097146 mean_iota=0.419586068251 solver_iterations=2170
evaluation=515 objective=0.000140881828793 qs=0.000140709530069 aspect=6.00003097146 mean_iota=0.419586068252 solver_iterations=2170
evaluation=516 objective=0.000140881828832 qs=0.00014070953011 aspect=6.00003097146 mean_iota=0.419586068253 solver_iterations=2170
evaluation=517 objective=0.000140881828785 qs=0.000140709530059 aspect=6.00003097146 mean_iota=0.41958606825 solver_iterations=2170
evaluation=518 objective=0.000140881828798 qs=0.000140709530073 aspect=6.00003097146 mean_iota=0.41958606825 solver_iterations=2170
evaluation=519 objective=0.000140881828675 qs=0.000140709529943 aspect=6.00003097146 mean_iota=0.419586068242 solver_iterations=2170
evaluation=520 objective=0.000140881828764 qs=0.000140709530037 aspect=6.00003097146 mean_iota=0.419586068248 solver_iterations=2170
finished max_mode=2 status=The step size satisfies xtol. objective=0.000140881439229 evaluations=501 iterations=18
beginning max_mode=3 variables=48
evaluation=1 objective=0.000132261033295 qs=0.000132042092152 aspect=6.00003097146 mean_iota=0.41953311467 solver_iterations=2297
evaluation=2 objective=0.000136174994329 qs=0.000135901821175 aspect=6.00002286909 mean_iota=0.419477840869 solver_iterations=2292
evaluation=3 objective=0.000132349421523 qs=0.00013213041595 aspect=6.00003033834 mean_iota=0.419533004114 solver_iterations=2297
evaluation=4 objective=0.000132261289627 qs=0.000132042348241 aspect=6.00003097174 mean_iota=0.419533114429 solver_iterations=2297
evaluation=5 objective=0.000132264319873 qs=0.000132045378558 aspect=6.00003095995 mean_iota=0.419533113721 solver_iterations=2297
evaluation=6 objective=0.000136779241887 qs=0.000136557562502 aspect=6.00003841983 mean_iota=0.419530741754 solver_iterations=2295
evaluation=7 objective=0.000155589291441 qs=0.000155364230105 aspect=6.00004705559 mean_iota=0.419527933154 solver_iterations=2309
evaluation=8 objective=0.000380653168836 qs=0.000261206783786 aspect=5.98910237572 mean_iota=0.419170439801 solver_iterations=2235
evaluation=9 objective=0.000360025119752 qs=0.000356922184841 aspect=6.00168046879 mean_iota=0.420528166211 solver_iterations=2322
evaluation=10 objective=0.000144999383589 qs=0.000144794590871 aspect=6.00005440737 mean_iota=0.419550742217 solver_iterations=2284
evaluation=11 objective=0.000132263262887 qs=0.0001320443284 aspect=6.00003094689 mean_iota=0.419533120168 solver_iterations=2297
evaluation=12 objective=0.000132280349229 qs=0.000132061407771 aspect=6.00003096336 mean_iota=0.419533113795 solver_iterations=2297
evaluation=13 objective=0.000132275423105 qs=0.000132056554603 aspect=6.00003107583 mean_iota=0.419533199406 solver_iterations=2295
evaluation=14 objective=0.000132268126448 qs=0.00013204837082 aspect=6.00000015057 mean_iota=0.419531219022 solver_iterations=2297
evaluation=15 objective=0.000132363941249 qs=0.000132153483792 aspect=6.00004086451 mean_iota=0.419543067238 solver_iterations=2327
evaluation=16 objective=0.000132894314007 qs=0.000132570470878 aspect=5.9999529463 mean_iota=0.419432876487 solver_iterations=2321
evaluation=17 objective=0.000132267960514 qs=0.000132045117123 aspect=6.00002771578 mean_iota=0.419528751418 solver_iterations=2293
evaluation=18 objective=0.000132260669439 qs=0.000132041746136 aspect=6.00003101444 mean_iota=0.419533136629 solver_iterations=2297
evaluation=19 objective=0.000132270795304 qs=0.000132051855392 aspect=6.00003097141 mean_iota=0.419533115984 solver_iterations=2297
evaluation=20 objective=0.000132260164657 qs=0.000132041224158 aspect=6.00003097573 mean_iota=0.419533115643 solver_iterations=2297
evaluation=21 objective=0.000132259295608 qs=0.000132040367579 aspect=6.00003097994 mean_iota=0.419533129277 solver_iterations=2297
evaluation=22 objective=0.000132261365483 qs=0.000132042376543 aspect=6.00003107013 mean_iota=0.41953307004 solver_iterations=2297
evaluation=23 objective=0.000132260608626 qs=0.000132042027141 aspect=6.00003094227 mean_iota=0.419533498059 solver_iterations=2297
evaluation=24 objective=0.000132261655524 qs=0.000132042520896 aspect=6.00003100621 mean_iota=0.419532909814 solver_iterations=2297
evaluation=25 objective=0.00013225764913 qs=0.00013203866749 aspect=6.0000309536 mean_iota=0.419533070118 solver_iterations=2297
evaluation=26 objective=0.000133318313045 qs=0.000133128959227 aspect=6.00003097146 mean_iota=0.419565955548 solver_iterations=2297
evaluation=27 objective=0.000132344383866 qs=0.00013212598505 aspect=6.00003097146 mean_iota=0.419533695824 solver_iterations=2295
evaluation=28 objective=0.000132263182814 qs=0.000132044241402 aspect=6.00003097146 mean_iota=0.419533114381 solver_iterations=2297
evaluation=29 objective=0.000132274590641 qs=0.000132055648317 aspect=6.00003095596 mean_iota=0.419533112376 solver_iterations=2297
evaluation=30 objective=0.000134216646479 qs=0.0001339967011 aspect=6.00002811588 mean_iota=0.419531860195 solver_iterations=2313
evaluation=31 objective=0.000164630388111 qs=0.000164385340657 aspect=6.00012242078 mean_iota=0.419520353664 solver_iterations=2307
evaluation=32 objective=0.000421542015013 qs=0.000226832599107 aspect=5.98617927789 mean_iota=0.418077226946 solver_iterations=2187
evaluation=33 objective=0.000208386679607 qs=0.000188367782334 aspect=5.99569345918 mean_iota=0.418786491263 solver_iterations=2320
evaluation=34 objective=0.000137166841106 qs=0.000136946880085 aspect=6.00002442921 mean_iota=0.419531636642 solver_iterations=2327
evaluation=35 objective=0.000132269668213 qs=0.000132050733153 aspect=6.00003100033 mean_iota=0.419533123099 solver_iterations=2297
evaluation=36 objective=0.000132243978241 qs=0.000132025039498 aspect=6.00003096437 mean_iota=0.419533116771 solver_iterations=2297
evaluation=37 objective=0.000132279083445 qs=0.000132060089399 aspect=6.00003136102 mean_iota=0.41953308402 solver_iterations=2295
evaluation=38 objective=0.000132395527357 qs=0.00013217263702 aspect=6.00000088756 mean_iota=0.419527888202 solver_iterations=2287
evaluation=39 objective=0.000132412558771 qs=0.000132178751105 aspect=6.00001492385 mean_iota=0.419516693736 solver_iterations=2327
evaluation=40 objective=0.000132382276248 qs=0.000132072434374 aspect=6.00026845286 mean_iota=0.419512378287 solver_iterations=2248
evaluation=41 objective=0.000132327710333 qs=0.00013209811483 aspect=6.00005137728 mean_iota=0.419523601136 solver_iterations=2323
evaluation=42 objective=0.000132259400002 qs=0.000132040415968 aspect=6.00003092781 mean_iota=0.419533065845 solver_iterations=2297
evaluation=43 objective=0.000132241904215 qs=0.000132022964418 aspect=6.00003097162 mean_iota=0.419533116122 solver_iterations=2297
evaluation=44 objective=0.000132265799229 qs=0.000132046862226 aspect=6.00003097526 mean_iota=0.419533119356 solver_iterations=2297
evaluation=45 objective=0.000132260332835 qs=0.000132041414834 aspect=6.00003096844 mean_iota=0.419533139253 solver_iterations=2297
evaluation=46 objective=0.000132260598965 qs=0.0001320416232 aspect=6.00003108944 mean_iota=0.419533085434 solver_iterations=2297
evaluation=47 objective=0.000132260904259 qs=0.000132042280027 aspect=6.00003086555 mean_iota=0.419533447163 solver_iterations=2297
evaluation=48 objective=0.000132260950411 qs=0.000132042395131 aspect=6.00003086771 mean_iota=0.419533521206 solver_iterations=2297
evaluation=49 objective=0.000132255835957 qs=0.00013203693539 aspect=6.000030992 mean_iota=0.419533159488 solver_iterations=2297
 iter   nfev              cost        optimality       radius
    0     49    6.613051665e-05     0.09627460155 0.3808660816
evaluation=50 objective=0.00439625587643 qs=0.00349400584454 aspect=6.03003426549 mean_iota=0.420439236424 solver_iterations=1985
evaluation=51 objective=6.43529759863e-05 qs=6.21226407566e-05 aspect=6.00090822991 mean_iota=0.418814481689 solver_iterations=2062
evaluation=52 objective=8.24323851285e-05 qs=8.0074433942e-05 aspect=6.0008978936 mean_iota=0.418754312131 solver_iterations=2062
evaluation=53 objective=6.63584249208e-05 qs=6.41279819735e-05 aspect=6.00090749076 mean_iota=0.418813870382 solver_iterations=2062
evaluation=54 objective=6.43785954675e-05 qs=6.21482645333e-05 aspect=6.00090823163 mean_iota=0.418814484817 solver_iterations=2062
evaluation=55 objective=6.44772541997e-05 qs=6.22470087482e-05 aspect=6.00090816242 mean_iota=0.418814467855 solver_iterations=2062
evaluation=56 objective=5.95231904533e-05 qs=5.7279411387e-05 aspect=6.00091489824 mean_iota=0.418813939173 solver_iterations=2062
evaluation=57 objective=0.000128765547442 qs=0.000126525079753 aspect=6.00091032093 mean_iota=0.418811815041 solver_iterations=2071
evaluation=58 objective=0.000223429299929 qs=0.000120374679253 aspect=5.98996329233 mean_iota=0.418477134357 solver_iterations=2053
evaluation=59 objective=0.000397525706199 qs=0.000391312707387 aspect=6.00248696152 mean_iota=0.41983260469 solver_iterations=2079
evaluation=60 objective=5.72959110871e-05 qs=5.50821266565e-05 aspect=6.00092118004 mean_iota=0.418831577232 solver_iterations=2059
evaluation=61 objective=6.48361999492e-05 qs=6.26070036274e-05 aspect=6.00090771985 mean_iota=0.418814571389 solver_iterations=2062
evaluation=62 objective=6.42298112075e-05 qs=6.19995495144e-05 aspect=6.00090819736 mean_iota=0.418814487769 solver_iterations=2062
evaluation=63 objective=6.46315951934e-05 qs=6.24009281215e-05 aspect=6.00090838481 mean_iota=0.418814460416 solver_iterations=2062
evaluation=64 objective=6.4115375378e-05 qs=6.19312669015e-05 aspect=6.0008816413 mean_iota=0.41881390679 solver_iterations=2062
evaluation=65 objective=6.59692419542e-05 qs=6.36780781141e-05 aspect=6.00095785851 mean_iota=0.418827962917 solver_iterations=2059
evaluation=66 objective=6.37575432725e-05 qs=6.13724939669e-05 aspect=6.00086417708 mean_iota=0.418720059656 solver_iterations=2068
evaluation=67 objective=6.39764747359e-05 qs=6.17329800481e-05 aspect=6.00090413789 mean_iota=0.418805835283 solver_iterations=2062
evaluation=68 objective=6.46556520132e-05 qs=6.24249910598e-05 aspect=6.00090893672 mean_iota=0.418814886084 solver_iterations=2062
evaluation=69 objective=6.43298210708e-05 qs=6.20994830551e-05 aspect=6.00090823144 mean_iota=0.418814481692 solver_iterations=2062
evaluation=70 objective=6.44715346402e-05 qs=6.2241235178e-05 aspect=6.00090828489 mean_iota=0.418814538903 solver_iterations=2062
evaluation=71 objective=6.42914634721e-05 qs=6.20631640417e-05 aspect=6.00090749293 mean_iota=0.418814775964 solver_iterations=2062
evaluation=72 objective=6.43780715968e-05 qs=6.21386618516e-05 aspect=6.00091211807 mean_iota=0.418813639861 solver_iterations=2062
evaluation=73 objective=6.43415110475e-05 qs=6.21182910062e-05 aspect=6.00090841332 mean_iota=0.418817627263 solver_iterations=2062
evaluation=74 objective=6.44186070993e-05 qs=6.21784234868e-05 aspect=6.00090875896 mean_iota=0.418810739406 solver_iterations=2062
evaluation=75 objective=6.43448760506e-05 qs=6.21144995998e-05 aspect=6.00090817385 mean_iota=0.418814421359 solver_iterations=2062
evaluation=76 objective=6.92181187532e-05 qs=6.70598607086e-05 aspect=6.00090822991 mean_iota=0.418845280779 solver_iterations=2063
evaluation=77 objective=6.46524755758e-05 qs=6.24243876966e-05 aspect=6.00090822991 mean_iota=0.418815429903 solver_iterations=2062
evaluation=78 objective=6.43138914974e-05 qs=6.20835488824e-05 aspect=6.00090822991 mean_iota=0.418814478574 solver_iterations=2062
evaluation=79 objective=6.41194733332e-05 qs=6.18892905783e-05 aspect=6.00090810425 mean_iota=0.418814449739 solver_iterations=2062
evaluation=80 objective=5.92552235214e-05 qs=5.70233884374e-05 aspect=6.00090789312 mean_iota=0.418813591484 solver_iterations=2060
evaluation=81 objective=9.3787993195e-05 qs=9.12581026809e-05 aspect=6.00104154826 mean_iota=0.418797890301 solver_iterations=2070
evaluation=82 objective=0.000376523116824 qs=0.000203745499911 aspect=5.98713438669 mean_iota=0.417306747133 solver_iterations=2084
evaluation=83 objective=0.000183722307984 qs=0.000168374984447 aspect=5.99658745242 mean_iota=0.418075982701 solver_iterations=2071
evaluation=84 objective=6.34474604499e-05 qs=6.12069808689e-05 aspect=6.00091130579 mean_iota=0.418812565231 solver_iterations=2057
evaluation=85 objective=6.37069975053e-05 qs=6.14756596372e-05 aspect=6.00090897528 mean_iota=0.418814630093 solver_iterations=2062
evaluation=86 objective=6.43688498402e-05 qs=6.21385454439e-05 aspect=6.00090821893 mean_iota=0.418814486282 solver_iterations=2062
evaluation=87 objective=6.42739753506e-05 qs=6.20428007141e-05 aspect=6.00090859245 mean_iota=0.418814405468 solver_iterations=2062
evaluation=88 objective=6.91155863277e-05 qs=6.69412974671e-05 aspect=6.00086890684 mean_iota=0.418808660519 solver_iterations=2062
evaluation=89 objective=6.30662837537e-05 qs=6.08441851371e-05 aspect=6.00089784842 mean_iota=0.418810055951 solver_iterations=2061
evaluation=90 objective=6.54320116881e-05 qs=6.27604706993e-05 aspect=6.00111204882 mean_iota=0.418802131724 solver_iterations=2063
evaluation=91 objective=6.23824200004e-05 qs=6.01035576364e-05 aspect=6.00092428462 mean_iota=0.41880645054 solver_iterations=2062
evaluation=92 objective=6.49725572722e-05 qs=6.27415333673e-05 aspect=6.00090738842 mean_iota=0.418813547237 solver_iterations=2062
evaluation=93 objective=6.4349233634e-05 qs=6.21188969932e-05 aspect=6.00090823003 mean_iota=0.41881448119 solver_iterations=2062
evaluation=94 objective=6.43848646876e-05 qs=6.21544120006e-05 aspect=6.00090834639 mean_iota=0.418814521394 solver_iterations=2062
evaluation=95 objective=6.41888987027e-05 qs=6.19625859995e-05 aspect=6.00090701345 mean_iota=0.418815247152 solver_iterations=2062
evaluation=96 objective=6.43131351704e-05 qs=6.20747184176e-05 aspect=6.00091154906 mean_iota=0.41881362103 solver_iterations=2062
evaluation=97 objective=6.42379811844e-05 qs=6.20718009757e-05 aspect=6.00090099847 mean_iota=0.418836220828 solver_iterations=2062
evaluation=98 objective=6.43983095851e-05 qs=6.2186729232e-05 aspect=6.00090684758 mean_iota=0.418821353391 solver_iterations=2062
evaluation=99 objective=6.43491025331e-05 qs=6.21188039021e-05 aspect=6.00090829199 mean_iota=0.418814544692 solver_iterations=2062
evaluation=100 objective=6.43529759863e-05 qs=6.21226407566e-05 aspect=6.00090822991 mean_iota=0.418814481689 solver_iterations=2062
accepted mode=3 iteration=1 objective=6.43529759863e-05
    1     99    3.217648799e-05      0.23240863250.00853742428
evaluation=101 objective=5.8913464954e-05 qs=5.00923371349e-05 aspect=6.00290253111 mean_iota=0.419370364392 solver_iterations=2099
evaluation=102 objective=6.94075525435e-05 qs=6.05862073355e-05 aspect=6.00288699006 mean_iota=0.419302408734 solver_iterations=2099
evaluation=103 objective=6.09579958059e-05 qs=5.21396204813e-05 aspect=6.00290183601 mean_iota=0.419369347091 solver_iterations=2088
evaluation=104 objective=5.88506894587e-05 qs=5.00295329412e-05 aspect=6.00290253783 mean_iota=0.419370372578 solver_iterations=2099
evaluation=105 objective=5.85604102758e-05 qs=4.97395207312e-05 aspect=6.00290248837 mean_iota=0.419370356624 solver_iterations=2098
evaluation=106 objective=6.7858212824e-05 qs=5.9004076549e-05 aspect=6.00290819453 mean_iota=0.419370285081 solver_iterations=2106
evaluation=107 objective=4.86416235922e-05 qs=3.99032161224e-05 aspect=6.00289061692 mean_iota=0.419381339092 solver_iterations=2114
evaluation=108 objective=0.000330865843613 qs=0.000267773738705 aspect=5.99211244938 mean_iota=0.41906263663 solver_iterations=2074
evaluation=109 objective=0.000170087733702 qs=0.000151066998171 aspect=6.00434278551 mean_iota=0.420401185183 solver_iterations=2094
evaluation=110 objective=8.73361557776e-05 qs=7.85158601165e-05 aspect=6.00290506982 mean_iota=0.419382857406 solver_iterations=2111
evaluation=111 objective=5.61611418154e-05 qs=4.7343859338e-05 aspect=6.00290188733 mean_iota=0.419370450647 solver_iterations=2093
evaluation=112 objective=5.87089667706e-05 qs=4.98879911862e-05 aspect=6.00290249168 mean_iota=0.419370303518 solver_iterations=2093
evaluation=113 objective=5.91074722271e-05 qs=5.02851598048e-05 aspect=6.00290273416 mean_iota=0.419370359774 solver_iterations=2100
evaluation=114 objective=5.86084521752e-05 qs=4.99415599699e-05 aspect=6.00287572672 mean_iota=0.419369850779 solver_iterations=2094
evaluation=115 objective=5.86326272387e-05 qs=4.9398140371e-05 aspect=6.00297781809 mean_iota=0.419394123514 solver_iterations=2120
evaluation=116 objective=5.81940550894e-05 qs=4.88414524157e-05 aspect=6.00297250823 mean_iota=0.419281113708 solver_iterations=2099
evaluation=117 objective=5.74595703872e-05 qs=4.86291761148e-05 aspect=6.00290201847 mean_iota=0.419360716742 solver_iterations=2106
evaluation=118 objective=5.93578666647e-05 qs=5.05298440623e-05 aspect=6.00290389935 mean_iota=0.419371198624 solver_iterations=2088
evaluation=119 objective=5.89033868561e-05 qs=5.00822489913e-05 aspect=6.00290253572 mean_iota=0.419370377678 solver_iterations=2100
evaluation=120 objective=5.89531279488e-05 qs=5.01315072243e-05 aspect=6.00290261351 mean_iota=0.419370352863 solver_iterations=2089
evaluation=121 objective=5.88537527649e-05 qs=5.00480690182e-05 aspect=6.00290003479 mean_iota=0.419371126444 solver_iterations=2112
evaluation=122 objective=5.89277952292e-05 qs=5.00876327292e-05 aspect=6.00290565108 mean_iota=0.419369639533 solver_iterations=2089
evaluation=123 objective=5.89058608814e-05 qs=5.00880663387e-05 aspect=6.00290243515 mean_iota=0.419372572914 solver_iterations=2108
evaluation=124 objective=5.89316591966e-05 qs=5.01054073083e-05 aspect=6.00290273521 mean_iota=0.419367243957 solver_iterations=2088
evaluation=125 objective=5.89070000693e-05 qs=5.00860693974e-05 aspect=6.00290249854 mean_iota=0.419370370836 solver_iterations=2100
evaluation=126 objective=6.33492002751e-05 qs=5.45671468129e-05 aspect=6.00290253111 mean_iota=0.419402198493 solver_iterations=2088
evaluation=127 objective=6.0413773746e-05 qs=5.15943806581e-05 aspect=6.00290253111 mean_iota=0.41937174347 solver_iterations=2108
evaluation=128 objective=5.88948764577e-05 qs=5.00737385568e-05 aspect=6.00290253111 mean_iota=0.419370356386 solver_iterations=2098
evaluation=129 objective=5.85859148939e-05 qs=4.9765347528e-05 aspect=6.00290241585 mean_iota=0.41937027817 solver_iterations=2093
evaluation=130 objective=5.01661624445e-05 qs=4.13441665409e-05 aspect=6.00290246345 mean_iota=0.41936936394 solver_iterations=2109
evaluation=131 objective=6.12581220501e-05 qs=5.14203952126e-05 aspect=6.00306932141 mean_iota=0.419354250099 solver_iterations=2087
evaluation=132 objective=0.000172877924973 qs=5.68024287714e-05 aspect=5.9894523364 mean_iota=0.41780402896 solver_iterations=2056
evaluation=133 objective=4.77927950363e-05 qs=4.42511558581e-05 aspect=5.9987081622 mean_iota=0.418631499263 solver_iterations=2098
evaluation=134 objective=6.17861605209e-05 qs=5.28431609786e-05 aspect=6.00292366969 mean_iota=0.419371386395 solver_iterations=2114
evaluation=135 objective=5.56692266207e-05 qs=4.68412669052e-05 aspect=6.00290370427 mean_iota=0.419370348334 solver_iterations=2088
evaluation=136 objective=5.88545135255e-05 qs=5.00334666221e-05 aspect=6.00290251784 mean_iota=0.419370367491 solver_iterations=2099
evaluation=137 objective=5.91384390647e-05 qs=5.03154567116e-05 aspect=6.00290284536 mean_iota=0.419370340431 solver_iterations=2099
evaluation=138 objective=6.00018874974e-05 qs=5.14210813641e-05 aspect=6.00285971457 mean_iota=0.419365304221 solver_iterations=2097
evaluation=139 objective=6.14245239379e-05 qs=5.27739343584e-05 aspect=6.00287365486 mean_iota=0.419373344313 solver_iterations=2106
evaluation=140 objective=5.88966390981e-05 qs=4.98486153022e-05 aspect=6.00294105623 mean_iota=0.419368959549 solver_iterations=2088
evaluation=141 objective=5.91669077154e-05 qs=5.02570816971e-05 aspect=6.00291631666 mean_iota=0.419363664268 solver_iterations=2103
evaluation=142 objective=5.9073983458e-05 qs=5.025736821e-05 aspect=6.0029014606 mean_iota=0.419369015346 solver_iterations=2088
evaluation=143 objective=5.89027497301e-05 qs=5.00816331976e-05 aspect=6.00290253253 mean_iota=0.419370379909 solver_iterations=2100
evaluation=144 objective=5.8963338056e-05 qs=5.01410504708e-05 aspect=6.00290273492 mean_iota=0.419370383001 solver_iterations=2088
evaluation=145 objective=5.85869399496e-05 qs=4.97864096979e-05 aspect=6.00289924045 mean_iota=0.419371561401 solver_iterations=2110
evaluation=146 objective=5.8912605275e-05 qs=5.0090486148e-05 aspect=6.00290269075 mean_iota=0.419370313158 solver_iterations=2098
evaluation=147 objective=5.88910272788e-05 qs=5.01167847278e-05 aspect=6.00289780816 mean_iota=0.419386037126 solver_iterations=2103
evaluation=148 objective=5.88984872557e-05 qs=5.00932577263e-05 aspect=6.00290118068 mean_iota=0.419376798439 solver_iterations=2107
evaluation=149 objective=5.8915754463e-05 qs=5.00940567666e-05 aspect=6.00290264895 mean_iota=0.41937045513 solver_iterations=2098
evaluation=150 objective=5.8913464954e-05 qs=5.00923371349e-05 aspect=6.00290253111 mean_iota=0.419370364392 solver_iterations=2099
accepted mode=3 iteration=2 objective=5.8913464954e-05
    2    148    2.945673248e-05      0.48497153140.00213435607
evaluation=151 objective=7.43351042259e-06 qs=7.40675527214e-06 aspect=5.99984322033 mean_iota=0.419953360035 solver_iterations=2103
evaluation=152 objective=1.08462491501e-05 qs=1.08038768197e-05 aspect=5.9998292271 mean_iota=0.419885069816 solver_iterations=2101
evaluation=153 objective=7.33901054614e-06 qs=7.31192279742e-06 aspect=5.99984249616 mean_iota=0.419952247623 solver_iterations=2103
evaluation=154 objective=7.45909925144e-06 qs=7.43234778582e-06 aspect=5.99984322957 mean_iota=0.419953368504 solver_iterations=2103
evaluation=155 objective=7.46342294735e-06 qs=7.43665349141e-06 aspect=5.99984317622 mean_iota=0.41995335499 solver_iterations=2103
evaluation=156 objective=1.14503499525e-05 qs=1.14250524185e-05 aspect=5.99984800737 mean_iota=0.419953140906 solver_iterations=2103
evaluation=157 objective=4.10146994514e-05 qs=4.0983568128e-05 aspect=5.99982700682 mean_iota=0.41996529148 solver_iterations=2096
evaluation=158 objective=0.000256796084678 qs=0.000137620610157 aspect=5.98908898485 mean_iota=0.419646131397 solver_iterations=2157
evaluation=159 objective=0.000236672470809 qs=0.000234115630451 aspect=6.00125690972 mean_iota=0.420988442371 solver_iterations=2097
evaluation=160 objective=3.24543949922e-05 qs=3.24293458733e-05 aspect=5.99984553291 mean_iota=0.419965517588 solver_iterations=2103
evaluation=161 objective=7.77484709961e-06 qs=7.7479220879e-06 aspect=5.99984264536 mean_iota=0.41995347549 solver_iterations=2103
evaluation=162 objective=7.45788513822e-06 qs=7.43111744385e-06 aspect=5.99984317903 mean_iota=0.419953364413 solver_iterations=2103
evaluation=163 objective=7.42155314689e-06 qs=7.39485899008e-06 aspect=5.99984341123 mean_iota=0.419953372616 solver_iterations=2104
evaluation=164 objective=7.4745319592e-06 qs=7.44151675468e-06 aspect=5.99982449256 mean_iota=0.41995296446 solver_iterations=2103
evaluation=165 objective=7.37442606175e-06 qs=7.36683526476e-06 aspect=5.9999160028 mean_iota=0.419976864165 solver_iterations=2106
evaluation=166 objective=7.88914699423e-06 qs=7.86555338039e-06 aspect=5.99993061738 mean_iota=0.41986296108 solver_iterations=2090
evaluation=167 objective=7.67939076588e-06 qs=7.65168242171e-06 aspect=5.99984307052 mean_iota=0.419944488892 solver_iterations=2104
evaluation=168 objective=7.39178837602e-06 qs=7.36552056512e-06 aspect=5.99984451476 mean_iota=0.419954259951 solver_iterations=2103
evaluation=169 objective=7.43205514862e-06 qs=7.40530150764e-06 aspect=5.99984322525 mean_iota=0.419953359685 solver_iterations=2103
evaluation=170 objective=7.4262503841e-06 qs=7.39954031919e-06 aspect=5.99984336924 mean_iota=0.419953343045 solver_iterations=2101
evaluation=171 objective=7.44274317981e-06 qs=7.41515765991e-06 aspect=5.99984034946 mean_iota=0.419954204537 solver_iterations=2104
evaluation=172 objective=7.4337701733e-06 qs=7.40779370159e-06 aspect=5.99984591937 mean_iota=0.419952717538 solver_iterations=2101
evaluation=173 objective=7.43364127881e-06 qs=7.40699365508e-06 aspect=5.9998431028 mean_iota=0.419954934589 solver_iterations=2104
evaluation=174 objective=7.43380064511e-06 qs=7.40700244519e-06 aspect=5.99984322639 mean_iota=0.419952880623 solver_iterations=2103
evaluation=175 objective=7.43285483177e-06 qs=7.40607304605e-06 aspect=5.99984313436 mean_iota=0.419953363563 solver_iterations=2104
evaluation=176 objective=8.16629783701e-06 qs=8.14151703662e-06 aspect=5.99984322033 mean_iota=0.4199858248 solver_iterations=2103
evaluation=177 objective=7.32200187708e-06 qs=7.29537494649e-06 aspect=5.99984322033 mean_iota=0.419954755481 solver_iterations=2104
evaluation=178 objective=7.45570354045e-06 qs=7.428947982e-06 aspect=5.99984322033 mean_iota=0.419953355661 solver_iterations=2103
evaluation=179 objective=7.46415626707e-06 qs=7.43735900239e-06 aspect=5.9998430918 mean_iota=0.419953340805 solver_iterations=2103
evaluation=180 objective=1.16039362309e-05 qs=1.15769273666e-05 aspect=5.9998427482 mean_iota=0.419952242963 solver_iterations=2102
evaluation=181 objective=3.88431965738e-05 qs=3.8839065478e-05 aspect=6.00001088552 mean_iota=0.419936654903 solver_iterations=2100
evaluation=182 objective=0.000277359341173 qs=9.10730877168e-05 aspect=5.98644822457 mean_iota=0.418376535746 solver_iterations=2163
evaluation=183 objective=8.03108806152e-05 qs=6.105611071e-05 aspect=5.99568270133 mean_iota=0.419215333104 solver_iterations=2044
evaluation=184 objective=1.93800938975e-05 qs=1.93607046519e-05 aspect=5.99986849384 mean_iota=0.41995422472 solver_iterations=2106
evaluation=185 objective=8.0345070581e-06 qs=8.0081614116e-06 aspect=5.99984453734 mean_iota=0.419953341582 solver_iterations=2101
evaluation=186 objective=7.45853057311e-06 qs=7.43177113842e-06 aspect=5.99984320599 mean_iota=0.419953362326 solver_iterations=2103
evaluation=187 objective=7.42011236211e-06 qs=7.39344860415e-06 aspect=5.99984352012 mean_iota=0.419953333026 solver_iterations=2103
evaluation=188 objective=7.34931999233e-06 qs=7.31019650947e-06 aspect=5.99980878729 mean_iota=0.41994939188 solver_iterations=2103
evaluation=189 objective=7.51490962678e-06 qs=7.47835754552e-06 aspect=5.99981350291 mean_iota=0.419957917719 solver_iterations=2104
evaluation=190 objective=7.42979283558e-06 qs=7.40706986683e-06 aspect=5.9998567916 mean_iota=0.419952943422 solver_iterations=2103
evaluation=191 objective=7.72282161999e-06 qs=7.69980282322e-06 aspect=5.99985773913 mean_iota=0.419947268217 solver_iterations=2104
evaluation=192 objective=7.40281934874e-06 qs=7.37558465584e-06 aspect=5.99984206918 mean_iota=0.419952119436 solver_iterations=2103
evaluation=193 objective=7.4306398792e-06 qs=7.40388531372e-06 aspect=5.9998432221 mean_iota=0.419953360357 solver_iterations=2103
evaluation=194 objective=7.39127126432e-06 qs=7.36459816332e-06 aspect=5.99984349899 mean_iota=0.419953303806 solver_iterations=2101
evaluation=195 objective=7.48007811529e-06 qs=7.45225318123e-06 aspect=5.99983951575 mean_iota=0.419954505615 solver_iterations=2104
evaluation=196 objective=7.434025031e-06 qs=7.40752431955e-06 aspect=5.99984412071 mean_iota=0.419953070709 solver_iterations=2103
evaluation=197 objective=7.4356263724e-06 qs=7.40867215426e-06 aspect=5.99983933866 mean_iota=0.419966204248 solver_iterations=2104
evaluation=198 objective=7.43501061003e-06 qs=7.40830533718e-06 aspect=5.99984094346 mean_iota=0.419962499487 solver_iterations=2104
evaluation=199 objective=7.4312167213e-06 qs=7.40449539619e-06 aspect=5.9998433167 mean_iota=0.419953398849 solver_iterations=2103
evaluation=200 objective=7.43351042259e-06 qs=7.40675527214e-06 aspect=5.99984322033 mean_iota=0.419953360035 solver_iterations=2103
accepted mode=3 iteration=3 objective=7.43351042259e-06
    3    197    3.716755211e-06     0.044784379660.00426871214
evaluation=201 objective=6.99740370566e-06 qs=6.9277182854e-06 aspect=5.9997404717 mean_iota=0.419951724924 solver_iterations=2095
evaluation=202 objective=9.84873827488e-06 qs=9.7598699304e-06 aspect=5.99972600729 mean_iota=0.41988254217 solver_iterations=2095
evaluation=203 objective=6.47719810364e-06 qs=6.40700478354e-06 aspect=5.99973971737 mean_iota=0.419950540206 solver_iterations=2095
evaluation=204 objective=7.03599324851e-06 qs=6.96631409442e-06 aspect=5.99974048203 mean_iota=0.41995173429 solver_iterations=2095
evaluation=205 objective=7.08524266664e-06 qs=7.0155285628e-06 aspect=5.99974041741 mean_iota=0.419951719754 solver_iterations=2095
evaluation=206 objective=1.07405041784e-05 qs=1.06728165306e-05 aspect=5.99974449575 mean_iota=0.419950956913 solver_iterations=2081
evaluation=207 objective=3.74580322338e-05 qs=3.73831010307e-05 aspect=5.99972877761 mean_iota=0.419962991662 solver_iterations=2010
evaluation=208 objective=0.000263980296994 qs=0.000144227078688 aspect=5.98906259201 mean_iota=0.419644578071 solver_iterations=2039
evaluation=209 objective=0.000223174180644 qs=0.000220982814123 aspect=6.00110149949 mean_iota=0.420988971888 solver_iterations=2035
evaluation=210 objective=3.47414888761e-05 qs=3.46722823014e-05 aspect=5.9997396182 mean_iota=0.419962478099 solver_iterations=2080
evaluation=211 objective=7.62619245765e-06 qs=7.55622212208e-06 aspect=5.99973990507 mean_iota=0.419951823637 solver_iterations=2095
evaluation=212 objective=7.08323438736e-06 qs=7.01352073616e-06 aspect=5.99974041518 mean_iota=0.419951736448 solver_iterations=2095
evaluation=213 objective=6.95688083058e-06 qs=6.88728427976e-06 aspect=5.99974064307 mean_iota=0.419951724425 solver_iterations=2095
evaluation=214 objective=7.019404787e-06 qs=6.94593363924e-06 aspect=5.99973331299 mean_iota=0.419951531581 solver_iterations=2095
evaluation=215 objective=6.78023295575e-06 qs=6.74118217327e-06 aspect=5.99980393456 mean_iota=0.419975319546 solver_iterations=2072
evaluation=216 objective=7.05400284076e-06 qs=7.01346442031e-06 aspect=5.99985630477 mean_iota=0.419858967734 solver_iterations=2037
evaluation=217 objective=7.39239268519e-06 qs=7.32258019163e-06 aspect=5.99974187849 mean_iota=0.419943557279 solver_iterations=2084
evaluation=218 objective=6.84669804487e-06 qs=6.77784786574e-06 aspect=5.99974189929 mean_iota=0.419952732652 solver_iterations=2095
evaluation=219 objective=6.99884183145e-06 qs=6.9291586327e-06 aspect=5.99974047615 mean_iota=0.419951724028 solver_iterations=2095
evaluation=220 objective=6.94441471516e-06 qs=6.87490900663e-06 aspect=5.99974079984 mean_iota=0.419951823408 solver_iterations=2095
evaluation=221 objective=7.03125754605e-06 qs=6.96068147806e-06 aspect=5.99973865084 mean_iota=0.419952327339 solver_iterations=2095
evaluation=222 objective=6.99446892996e-06 qs=6.92566896839e-06 aspect=5.99974227519 mean_iota=0.419951236434 solver_iterations=2095
evaluation=223 objective=6.99716736013e-06 qs=6.92755954444e-06 aspect=5.99974020861 mean_iota=0.41995399731 solver_iterations=2095
evaluation=224 objective=6.99808234277e-06 qs=6.92814591716e-06 aspect=5.99974035681 mean_iota=0.419949782063 solver_iterations=2095
evaluation=225 objective=7.0032993317e-06 qs=6.9335210131e-06 aspect=5.99974029537 mean_iota=0.419951711025 solver_iterations=2095
evaluation=226 objective=7.78381234861e-06 qs=7.71623964165e-06 aspect=5.9997404717 mean_iota=0.419985242979 solver_iterations=2095
evaluation=227 objective=6.63561338106e-06 qs=6.5660656185e-06 aspect=5.9997404717 mean_iota=0.419953172388 solver_iterations=2095
evaluation=228 objective=7.0335331077e-06 qs=6.96384732722e-06 aspect=5.9997404717 mean_iota=0.419951721193 solver_iterations=2095
evaluation=229 objective=7.09868366577e-06 qs=7.02891565954e-06 aspect=5.99974031591 mean_iota=0.419951707329 solver_iterations=2095
evaluation=230 objective=1.34037724361e-05 qs=1.33330631555e-05 aspect=5.99973885526 mean_iota=0.419949873113 solver_iterations=2080
evaluation=231 objective=3.54754410378e-05 qs=3.54634521081e-05 aspect=5.99991555851 mean_iota=0.419930296598 solver_iterations=2014
evaluation=232 objective=0.000268364253037 qs=8.23550977352e-05 aspect=5.98645937342 mean_iota=0.418368869402 solver_iterations=2110
evaluation=233 objective=7.25560677813e-05 qs=5.30691289296e-05 aspect=5.99565555593 mean_iota=0.419217219958 solver_iterations=2025
evaluation=234 objective=1.7895336161e-05 qs=1.78413567517e-05 aspect=5.99977240299 mean_iota=0.419953320116 solver_iterations=2074
evaluation=235 objective=8.10613553229e-06 qs=8.03721939956e-06 aspect=5.99974193555 mean_iota=0.419951845331 solver_iterations=2095
evaluation=236 objective=7.04802022565e-06 qs=6.97832702328e-06 aspect=5.99974045553 mean_iota=0.419951731268 solver_iterations=2095
evaluation=237 objective=6.96004036488e-06 qs=6.89056358429e-06 aspect=5.99974087827 mean_iota=0.419951701888 solver_iterations=2095
evaluation=238 objective=6.57987474559e-06 qs=6.49763031788e-06 aspect=5.99971780608 mean_iota=0.419948901868 solver_iterations=2093
evaluation=239 objective=7.45617567533e-06 qs=7.36806247359e-06 aspect=5.99970608898 mean_iota=0.419958412542 solver_iterations=2076
evaluation=240 objective=6.95562230168e-06 qs=6.90056928574e-06 aspect=5.99977054278 mean_iota=0.419950985726 solver_iterations=2095
evaluation=241 objective=7.6965808653e-06 qs=7.63427413221e-06 aspect=5.99975640517 mean_iota=0.419945517962 solver_iterations=2077
evaluation=242 objective=6.90493272805e-06 qs=6.83452390787e-06 aspect=5.99973930258 mean_iota=0.419950546226 solver_iterations=2095
evaluation=243 objective=6.99717447333e-06 qs=6.9274902331e-06 aspect=5.99974047402 mean_iota=0.419951724701 solver_iterations=2095
evaluation=244 objective=6.92683118689e-06 qs=6.85738643769e-06 aspect=5.99974092607 mean_iota=0.419951777081 solver_iterations=2095
evaluation=245 objective=7.06759025389e-06 qs=6.99667706142e-06 aspect=5.99973792951 mean_iota=0.419952753297 solver_iterations=2095
evaluation=246 objective=7.00489324744e-06 qs=6.93678918741e-06 aspect=5.99974375138 mean_iota=0.419950596531 solver_iterations=2095
evaluation=247 objective=6.99804289549e-06 qs=6.92772114321e-06 aspect=5.99973778187 mean_iota=0.419960460082 solver_iterations=2095
evaluation=248 objective=6.99553129112e-06 qs=6.92509273192e-06 aspect=5.99973714979 mean_iota=0.419963280432 solver_iterations=2091
evaluation=249 objective=6.99596916861e-06 qs=6.92632164543e-06 aspect=5.99974054207 mean_iota=0.41995173917 solver_iterations=2095
evaluation=250 objective=6.99740370566e-06 qs=6.9277182854e-06 aspect=5.9997404717 mean_iota=0.419951724924 solver_iterations=2095
accepted mode=3 iteration=4 objective=6.99740370566e-06
    4    246    3.498701853e-06     0.096245769870.001067178035
evaluation=251 objective=4.93123621362e-06 qs=4.92969469455e-06 aspect=5.99996456352 mean_iota=0.419983095122 solver_iterations=2069
evaluation=252 objective=8.96428322006e-06 qs=8.95434973257e-06 aspect=5.99995026984 mean_iota=0.419913626403 solver_iterations=2066
evaluation=253 objective=5.09392321352e-06 qs=5.09217690147e-06 aspect=5.99996379389 mean_iota=0.419979133047 solver_iterations=2038
evaluation=254 objective=4.94148431454e-06 qs=4.93994376395e-06 aspect=5.99996457358 mean_iota=0.419983102674 solver_iterations=2069
evaluation=255 objective=4.93842307114e-06 qs=4.93687751256e-06 aspect=5.99996450677 mean_iota=0.419983094693 solver_iterations=2069
evaluation=256 objective=9.55198258379e-06 qs=9.55082308266e-06 aspect=5.99996847477 mean_iota=0.419987129069 solver_iterations=2125
evaluation=257 objective=3.8988520123e-05 qs=3.89864015107e-05 aspect=5.99995402453 mean_iota=0.420002206522 solver_iterations=2096
evaluation=258 objective=0.000245854194697 qs=0.000131344326185 aspect=5.98930382405 mean_iota=0.419681113499 solver_iterations=2097
evaluation=259 objective=0.000235135544212 qs=0.000232370048218 aspect=6.00131063987 mean_iota=0.421023581519 solver_iterations=2064
evaluation=260 objective=3.12684868197e-05 qs=3.12671095306e-05 aspect=5.99996291837 mean_iota=0.419998502776 solver_iterations=2113
evaluation=261 objective=5.05698785852e-06 qs=5.05541048343e-06 aspect=5.99996400653 mean_iota=0.419983211746 solver_iterations=2069
evaluation=262 objective=4.94168153182e-06 qs=4.94013713876e-06 aspect=5.9999645049 mean_iota=0.419983133145 solver_iterations=2069
evaluation=263 objective=4.92981976464e-06 qs=4.92828841172e-06 aspect=5.9999647139 mean_iota=0.419983081242 solver_iterations=2069
evaluation=264 objective=4.93800862967e-06 qs=4.93596844101e-06 aspect=5.99995940322 mean_iota=0.419980198725 solver_iterations=2038
evaluation=265 objective=4.9706907394e-06 qs=4.96979284452e-06 aspect=6.00002803396 mean_iota=0.420010582613 solver_iterations=2112
evaluation=266 objective=5.25157639925e-06 qs=5.23425077831e-06 aspect=6.00008400922 mean_iota=0.419898668509 solver_iterations=2125
evaluation=267 objective=5.00876618093e-06 qs=5.00694310419e-06 aspect=5.99996612381 mean_iota=0.419974009987 solver_iterations=2031
evaluation=268 objective=4.94551153712e-06 qs=4.94400816475e-06 aspect=5.99996596537 mean_iota=0.419981425376 solver_iterations=2038
evaluation=269 objective=4.93132842065e-06 qs=4.92978707815e-06 aspect=5.99996456799 mean_iota=0.419983090972 solver_iterations=2069
evaluation=270 objective=4.93279948871e-06 qs=4.93119002271e-06 aspect=5.99996495511 mean_iota=0.419980472539 solver_iterations=2038
evaluation=271 objective=4.93385333792e-06 qs=4.93220548437e-06 aspect=5.99996297145 mean_iota=0.419983364495 solver_iterations=2065
evaluation=272 objective=4.93092698691e-06 qs=4.92945669012e-06 aspect=5.99996576923 mean_iota=0.419982721367 solver_iterations=2069
evaluation=273 objective=4.93184084544e-06 qs=4.93038477252e-06 aspect=5.99996386802 mean_iota=0.419987730005 solver_iterations=2060
evaluation=274 objective=4.93178029551e-06 qs=4.92998037516e-06 aspect=5.99996429126 mean_iota=0.419977091343 solver_iterations=2038
evaluation=275 objective=4.93190974797e-06 qs=4.93034541627e-06 aspect=5.99996434235 mean_iota=0.419982886734 solver_iterations=2066
evaluation=276 objective=6.05643882463e-06 qs=6.05489614515e-06 aspect=5.99996456352 mean_iota=0.420016939164 solver_iterations=2069
evaluation=277 objective=5.00595914327e-06 qs=5.00445776069e-06 aspect=5.99996456352 mean_iota=0.419984327145 solver_iterations=2066
evaluation=278 objective=4.93886422725e-06 qs=4.93732270693e-06 aspect=5.99996456352 mean_iota=0.419983095085 solver_iterations=2069
evaluation=279 objective=4.94160153064e-06 qs=4.94004849464e-06 aspect=5.99996439716 mean_iota=0.419983104028 solver_iterations=2069
evaluation=280 objective=8.09267600797e-06 qs=8.09108168145e-06 aspect=5.9999626049 mean_iota=0.419986002403 solver_iterations=2122
evaluation=281 objective=3.65640517338e-05 qs=3.65429102487e-05 aspect=6.00014237299 mean_iota=0.419970480215 solver_iterations=2108
evaluation=282 objective=0.000267191611708 qs=8.80644521187e-05 aspect=5.98671175344 mean_iota=0.418403233635 solver_iterations=2121
evaluation=283 objective=7.39204799703e-05 qs=5.66023398897e-05 aspect=5.99590512946 mean_iota=0.419258261938 solver_iterations=2112
evaluation=284 objective=1.68646260095e-05 qs=1.68645133767e-05 aspect=5.99999835222 mean_iota=0.419989515841 solver_iterations=2117
evaluation=285 objective=5.1680196535e-06 qs=5.16648743571e-06 aspect=5.99996605623 mean_iota=0.419980505433 solver_iterations=2038
evaluation=286 objective=4.93814024364e-06 qs=4.93659823634e-06 aspect=5.99996454693 mean_iota=0.419983115478 solver_iterations=2069
evaluation=287 objective=4.93305534411e-06 qs=4.93153611226e-06 aspect=5.99996498011 mean_iota=0.419982887463 solver_iterations=2066
evaluation=288 objective=5.00685954153e-06 qs=5.00327680234e-06 aspect=5.99994401807 mean_iota=0.419978815981 solver_iterations=2045
evaluation=289 objective=5.03252981075e-06 qs=5.02757352351e-06 aspect=5.99992981091 mean_iota=0.419994542976 solver_iterations=2123
evaluation=290 objective=4.93337631263e-06 qs=4.93296120819e-06 aspect=5.99999868269 mean_iota=0.419979668519 solver_iterations=2038
evaluation=291 objective=5.03140618427e-06 qs=5.03070722565e-06 aspect=5.99998071449 mean_iota=0.419981916096 solver_iterations=2122
evaluation=292 objective=4.93951390493e-06 qs=4.93774124442e-06 aspect=5.99996335402 mean_iota=0.419979270004 solver_iterations=2038
evaluation=293 objective=4.93105946465e-06 qs=4.92951799871e-06 aspect=5.99996456582 mean_iota=0.419983091866 solver_iterations=2069
evaluation=294 objective=4.92915460464e-06 qs=4.92765270276e-06 aspect=5.99996508674 mean_iota=0.419983178399 solver_iterations=2069
evaluation=295 objective=4.94072713025e-06 qs=4.93904871638e-06 aspect=5.99996223849 mean_iota=0.419984110321 solver_iterations=2069
evaluation=296 objective=4.93228452137e-06 qs=4.93086796214e-06 aspect=5.9999689531 mean_iota=0.419978724452 solver_iterations=2038
evaluation=297 objective=4.93191119183e-06 qs=4.93036576222e-06 aspect=5.99996200108 mean_iota=0.419989924704 solver_iterations=2060
evaluation=298 objective=4.93216726622e-06 qs=4.93058697166e-06 aspect=5.99996057287 mean_iota=0.419994921042 solver_iterations=2035
evaluation=299 objective=4.93098145161e-06 qs=4.92944528948e-06 aspect=5.99996462449 mean_iota=0.419983125904 solver_iterations=2069
evaluation=300 objective=4.93123621362e-06 qs=4.92969469455e-06 aspect=5.99996456352 mean_iota=0.419983095122 solver_iterations=2069
accepted mode=3 iteration=5 objective=4.93123621362e-06
    5    295    2.465618107e-06    0.0045205901690.00213435607
evaluation=301 objective=4.51360488931e-06 qs=4.49595343751e-06 aspect=5.9998742356 mean_iota=0.419957165808 solver_iterations=2073
evaluation=302 objective=8.34001200595e-06 qs=8.30767202671e-06 aspect=5.99985989736 mean_iota=0.419887255916 solver_iterations=2072
evaluation=303 objective=4.56956914746e-06 qs=4.55161261749e-06 aspect=5.99987345355 mean_iota=0.419955925894 solver_iterations=2073
evaluation=304 objective=4.53355696787e-06 qs=4.51590880818e-06 aspect=5.99987424548 mean_iota=0.419957175251 solver_iterations=2073
evaluation=305 objective=4.54219532918e-06 qs=4.52452626385e-06 aspect=5.99987416789 mean_iota=0.41995715907 solver_iterations=2073
evaluation=306 objective=9.0065660861e-06 qs=8.98971751202e-06 aspect=5.9998778477 mean_iota=0.419956097942 solver_iterations=2069
evaluation=307 objective=3.93013344607e-05 qs=3.92823452387e-05 aspect=5.99986506382 mean_iota=0.419972045569 solver_iterations=2041
evaluation=308 objective=0.000244543341635 qs=0.00012881392983 aspect=5.98924789362 mean_iota=0.419651259 solver_iterations=2064
evaluation=309 objective=0.000234644747796 qs=0.000232235333335 aspect=6.00119156484 mean_iota=0.420994780227 solver_iterations=2053
evaluation=310 objective=3.15533952717e-05 qs=3.15357433083e-05 aspect=5.99987120579 mean_iota=0.419967380777 solver_iterations=2069
evaluation=311 objective=4.73148325975e-06 qs=4.71369657476e-06 aspect=5.99987367077 mean_iota=0.419957249435 solver_iterations=2073
evaluation=312 objective=4.54556399177e-06 qs=4.52789761995e-06 aspect=5.99987417251 mean_iota=0.419957176929 solver_iterations=2073
evaluation=313 objective=4.50590357091e-06 qs=4.48829252875e-06 aspect=5.99987439619 mean_iota=0.419957166319 solver_iterations=2073
evaluation=314 objective=4.51580105193e-06 qs=4.49787692627e-06 aspect=5.99987316878 mean_iota=0.41995712848 solver_iterations=2073
evaluation=315 objective=4.50420509159e-06 qs=4.49979521109e-06 aspect=5.99993651602 mean_iota=0.419980515009 solver_iterations=2068
evaluation=316 objective=4.75189353864e-06 qs=4.73389231961e-06 aspect=6.00000360883 mean_iota=0.419865879922 solver_iterations=2038
evaluation=317 objective=4.63851632164e-06 qs=4.62061466566e-06 aspect=5.99987605052 mean_iota=0.419949619612 solver_iterations=2071
evaluation=318 objective=4.48545629669e-06 qs=4.46823299407e-06 aspect=5.99987561458 mean_iota=0.419958148231 solver_iterations=2073
evaluation=319 objective=4.51392240434e-06 qs=4.49627196268e-06 aspect=5.99987423984 mean_iota=0.419957165153 solver_iterations=2073
evaluation=320 objective=4.50270835779e-06 qs=4.48518158672e-06 aspect=5.99987470276 mean_iota=0.419957252205 solver_iterations=2073
evaluation=321 objective=4.51986878397e-06 qs=4.50193351991e-06 aspect=5.99987296511 mean_iota=0.419957604247 solver_iterations=2073
evaluation=322 objective=4.51334673879e-06 qs=4.49578361738e-06 aspect=5.99987465115 mean_iota=0.419956979221 solver_iterations=2073
evaluation=323 objective=4.51438499788e-06 qs=4.49709117787e-06 aspect=5.99987278773 mean_iota=0.419966670477 solver_iterations=2073
evaluation=324 objective=4.51335865892e-06 qs=4.49510825027e-06 aspect=5.99987367831 mean_iota=0.419952112216 solver_iterations=2073
evaluation=325 objective=4.51666532166e-06 qs=4.49894748965e-06 aspect=5.99987397356 mean_iota=0.419957161132 solver_iterations=2073
evaluation=326 objective=5.60787062211e-06 qs=5.59198394022e-06 aspect=5.9998742356 mean_iota=0.419991633516 solver_iterations=2073
evaluation=327 objective=4.5159736354e-06 qs=4.49844593858e-06 aspect=5.9998742356 mean_iota=0.419958635607 solver_iterations=2073
evaluation=328 objective=4.52853776195e-06 qs=4.51088598154e-06 aspect=5.9998742356 mean_iota=0.419957161973 solver_iterations=2073
evaluation=329 objective=4.53490023471e-06 qs=4.5172018865e-06 aspect=5.9998740562 mean_iota=0.419957145499 solver_iterations=2073
evaluation=330 objective=8.31357964701e-06 qs=8.2951632047e-06 aspect=5.9998719591 mean_iota=0.419955033683 solver_iterations=2070
evaluation=331 objective=3.63532636787e-05 qs=3.6346046971e-05 aspect=6.00005812167 mean_iota=0.419938043731 solver_iterations=2035
evaluation=332 objective=0.000267365059023 qs=8.73040654905e-05 aspect=5.98668013698 mean_iota=0.418374502334 solver_iterations=2124
evaluation=333 objective=7.31131437402e-05 qs=5.54005195885e-05 aspect=5.99586236468 mean_iota=0.419230196082 solver_iterations=2043
evaluation=334 objective=1.64615517071e-05 qs=1.64519417598e-05 aspect=5.99991093004 mean_iota=0.419959055052 solver_iterations=2070
evaluation=335 objective=4.89453467144e-06 qs=4.87727683009e-06 aspect=5.9998757673 mean_iota=0.419957290768 solver_iterations=2073
evaluation=336 objective=4.53443878954e-06 qs=4.51678367135e-06 aspect=5.99987421784 mean_iota=0.419957175175 solver_iterations=2073
evaluation=337 objective=4.51066001662e-06 qs=4.49312687142e-06 aspect=5.99987471336 mean_iota=0.419957146729 solver_iterations=2073
evaluation=338 objective=4.51083290349e-06 qs=4.48883272416e-06 aspect=5.99985852817 mean_iota=0.419955436546 solver_iterations=2077
evaluation=339 objective=4.6254444935e-06 qs=4.59862543597e-06 aspect=5.99983987906 mean_iota=0.419965643908 solver_iterations=2068
evaluation=340 objective=4.50494694353e-06 qs=4.49680639078e-06 aspect=5.9999210287 mean_iota=0.419956364154 solver_iterations=2076
evaluation=341 objective=4.67671365467e-06 qs=4.66248274553e-06 aspect=5.99989093997 mean_iota=0.419951659341 solver_iterations=2070
evaluation=342 objective=4.49974847939e-06 qs=4.48168187785e-06 aspect=5.99987298487 mean_iota=0.419956025489 solver_iterations=2073
evaluation=343 objective=4.51371348374e-06 qs=4.49606258507e-06 aspect=5.99987423776 mean_iota=0.419957165938 solver_iterations=2073
evaluation=344 objective=4.4930342652e-06 qs=4.4755368761e-06 aspect=5.99987483363 mean_iota=0.419957212502 solver_iterations=2073
evaluation=345 objective=4.52956553473e-06 qs=4.51147397332e-06 aspect=5.99987218917 mean_iota=0.419958095897 solver_iterations=2073
evaluation=346 objective=4.51747473066e-06 qs=4.50099650924e-06 aspect=5.99987986915 mean_iota=0.419954758436 solver_iterations=2073
evaluation=347 objective=4.51386907151e-06 qs=4.49612949299e-06 aspect=5.99987219045 mean_iota=0.419962526038 solver_iterations=2073
evaluation=348 objective=4.51402262822e-06 qs=4.49613352406e-06 aspect=5.9998694882 mean_iota=0.419970746391 solver_iterations=2071
evaluation=349 objective=4.5132166858e-06 qs=4.4955772546e-06 aspect=5.99987428314 mean_iota=0.419957166577 solver_iterations=2073
evaluation=350 objective=4.51360488931e-06 qs=4.49595343751e-06 aspect=5.9998742356 mean_iota=0.419957165808 solver_iterations=2073
accepted mode=3 iteration=6 objective=4.51360488931e-06
    6    344    2.256802445e-06     0.019980687580.00213435607
evaluation=351 objective=4.39228444302e-06 qs=4.38516235124e-06 aspect=5.99992257939 mean_iota=0.419966412186 solver_iterations=2128
evaluation=352 objective=9.65728367111e-06 qs=9.63809347858e-06 aspect=5.99990819982 mean_iota=0.419896255505 solver_iterations=2130
evaluation=353 objective=4.54919657229e-06 qs=4.54187299137e-06 aspect=5.99992181878 mean_iota=0.419965196583 solver_iterations=2128
evaluation=354 objective=4.37781842741e-06 qs=4.37069860059e-06 aspect=5.99992258882 mean_iota=0.419966424181 solver_iterations=2128
evaluation=355 objective=4.41100028023e-06 qs=4.40386567763e-06 aspect=5.99992250385 mean_iota=0.419966400161 solver_iterations=2128
evaluation=356 objective=7.58357139281e-06 qs=7.57699467882e-06 aspect=5.99992608136 mean_iota=0.419966642115 solver_iterations=2135
evaluation=357 objective=4.21200539773e-05 qs=4.21135108691e-05 aspect=5.99992075862 mean_iota=0.419983754658 solver_iterations=2098
evaluation=358 objective=0.000235817343994 qs=0.00012229174693 aspect=5.98935094631 mean_iota=0.419648926466 solver_iterations=2078
evaluation=359 objective=0.000238066490302 qs=0.000235618052152 aspect=6.0011997473 mean_iota=0.421004512108 solver_iterations=2055
evaluation=360 objective=2.66871044215e-05 qs=2.66798855437e-05 aspect=5.99991797642 mean_iota=0.419977841266 solver_iterations=2140
evaluation=361 objective=4.59578651497e-06 qs=4.58858318106e-06 aspect=5.99992202569 mean_iota=0.41996648372 solver_iterations=2128
evaluation=362 objective=4.39387293767e-06 qs=4.38674027821e-06 aspect=5.99992251656 mean_iota=0.419966399769 solver_iterations=2128
evaluation=363 objective=4.38806341886e-06 qs=4.38095877891e-06 aspect=5.99992268858 mean_iota=0.419966420471 solver_iterations=2128
evaluation=364 objective=4.39302166139e-06 qs=4.38586104822e-06 aspect=5.99992233633 mean_iota=0.41996639989 solver_iterations=2128
evaluation=365 objective=4.54130526808e-06 qs=4.54087543078e-06 aspect=5.9999797166 mean_iota=0.419995708032 solver_iterations=2160
evaluation=366 objective=4.41753201505e-06 qs=4.39899096174e-06 aspect=6.00005591798 mean_iota=0.419875845932 solver_iterations=2100
evaluation=367 objective=4.41714012937e-06 qs=4.40990031737e-06 aspect=5.99992481578 mean_iota=0.419960161005 solver_iterations=2131
evaluation=368 objective=4.3954137057e-06 qs=4.38856259588e-06 aspect=5.99992398012 mean_iota=0.419967257259 solver_iterations=2127
evaluation=369 objective=4.39219886383e-06 qs=4.3850775093e-06 aspect=5.99992258353 mean_iota=0.41996641363 solver_iterations=2128
evaluation=370 objective=4.39339399551e-06 qs=4.38634774363e-06 aspect=5.99992306016 mean_iota=0.419966436424 solver_iterations=2128
evaluation=371 objective=4.39563610129e-06 qs=4.38835660348e-06 aspect=5.99992138536 mean_iota=0.41996684528 solver_iterations=2128
evaluation=372 objective=4.39211191945e-06 qs=4.38500196641e-06 aspect=5.9999226901 mean_iota=0.419966337969 solver_iterations=2128
evaluation=373 objective=4.39020469625e-06 qs=4.3834540578e-06 aspect=5.99992062215 mean_iota=0.419978791616 solver_iterations=2131
evaluation=374 objective=4.38676767843e-06 qs=4.37909365713e-06 aspect=5.99992183256 mean_iota=0.419960454167 solver_iterations=2127
evaluation=375 objective=4.39612968703e-06 qs=4.38896457692e-06 aspect=5.99992228646 mean_iota=0.419966448302 solver_iterations=2128
evaluation=376 objective=6.35686619456e-06 qs=6.35086911582e-06 aspect=5.99992257939 mean_iota=0.420001768686 solver_iterations=2128
evaluation=377 objective=4.50545970004e-06 qs=4.49843570937e-06 aspect=5.99992257939 mean_iota=0.419967905761 solver_iterations=2128
evaluation=378 objective=4.39620602506e-06 qs=4.38908347677e-06 aspect=5.99992257939 mean_iota=0.41996640539 solver_iterations=2128
evaluation=379 objective=4.43649954026e-06 qs=4.42934544825e-06 aspect=5.99992239139 mean_iota=0.419966369731 solver_iterations=2128
evaluation=380 objective=6.75675971057e-06 qs=6.74925891852e-06 aspect=5.99992033685 mean_iota=0.419966020979 solver_iterations=2138
evaluation=381 objective=3.34165006956e-05 qs=3.3400659614e-05 aspect=6.00011567768 mean_iota=0.419950404075 solver_iterations=2105
evaluation=382 objective=0.000264471039565 qs=8.78988932352e-05 aspect=5.98680790811 mean_iota=0.418405993132 solver_iterations=2190
evaluation=383 objective=7.33771578967e-05 qs=5.65705338176e-05 aspect=5.99597037159 mean_iota=0.419245865426 solver_iterations=2097
evaluation=384 objective=1.38639018614e-05 qs=1.38612989451e-05 aspect=5.99995786159 mean_iota=0.419971237691 solver_iterations=2145
evaluation=385 objective=4.49144776473e-06 qs=4.48456059843e-06 aspect=5.99992408967 mean_iota=0.419966462129 solver_iterations=2128
evaluation=386 objective=4.39404029898e-06 qs=4.38691504699e-06 aspect=5.99992256149 mean_iota=0.419966406413 solver_iterations=2128
evaluation=387 objective=4.37498306704e-06 qs=4.36792751551e-06 aspect=5.99992300478 mean_iota=0.419966424894 solver_iterations=2128
evaluation=388 objective=4.58936975512e-06 qs=4.57951736934e-06 aspect=5.9999075474 mean_iota=0.419963876571 solver_iterations=2125
evaluation=389 objective=4.52389094896e-06 qs=4.51022530164e-06 aspect=5.99988481003 mean_iota=0.419980077192 solver_iterations=2165
evaluation=390 objective=4.39122866208e-06 qs=4.38937456816e-06 aspect=5.99997502819 mean_iota=0.419964921481 solver_iterations=2125
evaluation=391 objective=4.3479063631e-06 qs=4.34302337158e-06 aspect=5.99994057856 mean_iota=0.419963229307 solver_iterations=2144
evaluation=392 objective=4.45826250321e-06 qs=4.45085813068e-06 aspect=5.99992139372 mean_iota=0.419964993918 solver_iterations=2126
evaluation=393 objective=4.39222375286e-06 qs=4.38510201921e-06 aspect=5.99992258108 mean_iota=0.419966413628 solver_iterations=2128
evaluation=394 objective=4.40235711692e-06 qs=4.39533240051e-06 aspect=5.99992319847 mean_iota=0.419966440485 solver_iterations=2128
evaluation=395 objective=4.40932126068e-06 qs=4.40193407055e-06 aspect=5.99992054839 mean_iota=0.419967218414 solver_iterations=2127
evaluation=396 objective=4.38597613975e-06 qs=4.37958865901e-06 aspect=5.99992900089 mean_iota=0.41996330386 solver_iterations=2128
evaluation=397 objective=4.3915390759e-06 qs=4.38441984445e-06 aspect=5.99992104914 mean_iota=0.419970234362 solver_iterations=2128
evaluation=398 objective=4.39411621919e-06 qs=4.38696018717e-06 aspect=5.99991753639 mean_iota=0.419981137741 solver_iterations=2131
evaluation=399 objective=4.39182827157e-06 qs=4.38471023556e-06 aspect=5.99992261105 mean_iota=0.419966399608 solver_iterations=2128
evaluation=400 objective=4.39228444302e-06 qs=4.38516235124e-06 aspect=5.99992257939 mean_iota=0.419966412186 solver_iterations=2128
accepted mode=3 iteration=7 objective=4.39228444302e-06
    7    393    2.196142222e-06     0.033358261210.00213435607
evaluation=401 objective=4.27211656994e-06 qs=4.23947084838e-06 aspect=5.99983685519 mean_iota=0.419922350197 solver_iterations=2083
evaluation=402 objective=9.26275371028e-06 qs=9.20940258507e-06 aspect=5.99982249581 mean_iota=0.419852204919 solver_iterations=2079
evaluation=403 objective=4.21269127726e-06 qs=4.17958518762e-06 aspect=5.9998360613 mean_iota=0.41992106843 solver_iterations=2083
evaluation=404 objective=4.26670808612e-06 qs=4.23406667653e-06 aspect=5.99983686385 mean_iota=0.419922359772 solver_iterations=2083
evaluation=405 objective=4.33488718273e-06 qs=4.30221256696e-06 aspect=5.99983677138 mean_iota=0.419922340273 solver_iterations=2083
evaluation=406 objective=7.06156083398e-06 qs=7.03000194794e-06 aspect=5.99984037563 mean_iota=0.419922032402 solver_iterations=2080
evaluation=407 objective=4.21140089281e-05 qs=4.20853740088e-05 aspect=5.99983919376 mean_iota=0.419947309644 solver_iterations=2104
evaluation=408 objective=0.000238197479223 qs=0.000123133733813 aspect=5.98928030591 mean_iota=0.419610251261 solver_iterations=2253
evaluation=409 objective=0.000237048567618 qs=0.000234890941219 aspect=6.0011010173 mean_iota=0.420972310295 solver_iterations=2103
evaluation=410 objective=2.61533028289e-05 qs=2.61210340953e-05 aspect=5.99983337874 mean_iota=0.419932872594 solver_iterations=2079
evaluation=411 objective=4.61567189188e-06 qs=4.58286549784e-06 aspect=5.99983632821 mean_iota=0.419922424629 solver_iterations=2083
evaluation=412 objective=4.29959477047e-06 qs=4.26692633475e-06 aspect=5.99983678649 mean_iota=0.419922348313 solver_iterations=2083
evaluation=413 objective=4.25956306618e-06 qs=4.2269698464e-06 aspect=5.99983701279 mean_iota=0.419922357291 solver_iterations=2083
evaluation=414 objective=4.28702547541e-06 qs=4.25299055668e-06 aspect=5.99983274479 mean_iota=0.419922150068 solver_iterations=2083
evaluation=415 objective=4.35115705373e-06 qs=4.33703204948e-06 aspect=5.99989301273 mean_iota=0.419948243562 solver_iterations=2087
evaluation=416 objective=4.18087703585e-06 qs=4.15405314014e-06 aspect=5.99996905703 mean_iota=0.419839169566 solver_iterations=2095
evaluation=417 objective=4.34127801026e-06 qs=4.30836313493e-06 aspect=5.99983898857 mean_iota=0.419916392617 solver_iterations=2085
evaluation=418 objective=4.23381438099e-06 qs=4.20173427903e-06 aspect=5.99983818385 mean_iota=0.419923216951 solver_iterations=2083
evaluation=419 objective=4.27200425945e-06 qs=4.23935985515e-06 aspect=5.99983685898 mean_iota=0.419922350712 solver_iterations=2083
evaluation=420 objective=4.26090711791e-06 qs=4.22845766824e-06 aspect=5.99983743759 mean_iota=0.419922392568 solver_iterations=2083
evaluation=421 objective=4.27842438085e-06 qs=4.24548492437e-06 aspect=5.99983578908 mean_iota=0.419922706859 solver_iterations=2083
evaluation=422 objective=4.27190587722e-06 qs=4.23928285885e-06 aspect=5.99983697021 mean_iota=0.419922254875 solver_iterations=2083
evaluation=423 objective=4.26699042719e-06 qs=4.23548801241e-06 aspect=5.99983489621 mean_iota=0.419934860512 solver_iterations=2083
evaluation=424 objective=4.26864702256e-06 qs=4.23485348012e-06 aspect=5.9998361232 mean_iota=0.419916705724 solver_iterations=2083
evaluation=425 objective=4.2785635712e-06 qs=4.24582285183e-06 aspect=5.99983656219 mean_iota=0.419922354633 solver_iterations=2083
evaluation=426 objective=6.25156329733e-06 qs=6.22318694001e-06 aspect=5.99983685519 mean_iota=0.419958046125 solver_iterations=2083
evaluation=427 objective=4.27241336282e-06 qs=4.24000276464e-06 aspect=5.99983685519 mean_iota=0.419923879251 solver_iterations=2083
evaluation=428 objective=4.28239433315e-06 qs=4.24974788255e-06 aspect=5.99983685519 mean_iota=0.419922345503 solver_iterations=2083
evaluation=429 objective=4.34891458241e-06 qs=4.31619771158e-06 aspect=5.99983665236 mean_iota=0.419922318465 solver_iterations=2083
evaluation=430 objective=7.58616384479e-06 qs=7.55261389795e-06 aspect=5.99983453843 mean_iota=0.41992143528 solver_iterations=2083
evaluation=431 objective=3.30199723915e-05 qs=3.3010920798e-05 aspect=6.00004046547 mean_iota=0.419913894601 solver_iterations=2110
evaluation=432 objective=0.000264077470566 qs=8.56898547024e-05 aspect=5.98674368317 mean_iota=0.418369760742 solver_iterations=2143
evaluation=433 objective=7.20024496107e-05 qs=5.46181143054e-05 aspect=5.99590543294 mean_iota=0.419213326053 solver_iterations=2093
evaluation=434 objective=1.27447799672e-05 qs=1.27226122303e-05 aspect=5.99987116 mean_iota=0.419925381025 solver_iterations=2088
evaluation=435 objective=4.60224215595e-06 qs=4.57010265419e-06 aspect=5.9998383821 mean_iota=0.419922416773 solver_iterations=2083
evaluation=436 objective=4.2970115586e-06 qs=4.26435913772e-06 aspect=5.99983683401 mean_iota=0.419922351554 solver_iterations=2083
evaluation=437 objective=4.23815528569e-06 qs=4.2056755868e-06 aspect=5.99983736209 mean_iota=0.41992235589 solver_iterations=2083
evaluation=438 objective=4.34155170674e-06 qs=4.30541074979e-06 aspect=5.99982709934 mean_iota=0.419920966341 solver_iterations=2083
evaluation=439 objective=4.50275178393e-06 qs=4.45893325896e-06 aspect=5.99980079463 mean_iota=0.419935690252 solver_iterations=2078
evaluation=440 objective=4.25311304154e-06 qs=4.23358016469e-06 aspect=5.9998845003 mean_iota=0.419921306313 solver_iterations=2083
evaluation=441 objective=4.340946325e-06 qs=4.3135151875e-06 aspect=5.99985572392 mean_iota=0.419918663961 solver_iterations=2089
evaluation=442 objective=4.31922972144e-06 qs=4.28601262366e-06 aspect=5.99983563805 mean_iota=0.419921245661 solver_iterations=2083
evaluation=443 objective=4.27180323682e-06 qs=4.23915809413e-06 aspect=5.99983685662 mean_iota=0.419922350921 solver_iterations=2083
evaluation=444 objective=4.25250421345e-06 qs=4.22009940146e-06 aspect=5.99983757995 mean_iota=0.41992238209 solver_iterations=2083
evaluation=445 objective=4.30498301247e-06 qs=4.27181314441e-06 aspect=5.9998348555 mean_iota=0.419923207012 solver_iterations=2083
evaluation=446 objective=4.27188589538e-06 qs=4.24070386706e-06 aspect=5.99984317545 mean_iota=0.419918832956 solver_iterations=2083
evaluation=447 objective=4.27085211908e-06 qs=4.23827323953e-06 aspect=5.99983528197 mean_iota=0.419926197215 solver_iterations=2083
evaluation=448 objective=4.27135901512e-06 qs=4.23909143428e-06 aspect=5.99983185018 mean_iota=0.41993680807 solver_iterations=2084
evaluation=449 objective=4.27152266028e-06 qs=4.2388862132e-06 aspect=5.9998368833 mean_iota=0.419922350863 solver_iterations=2083
evaluation=450 objective=4.27211656994e-06 qs=4.23947084838e-06 aspect=5.99983685519 mean_iota=0.419922350197 solver_iterations=2083
accepted mode=3 iteration=8 objective=4.27211656994e-06
    8    442    2.136058285e-06      0.04666837740.00213435607
evaluation=451 objective=4.29909845179e-06 qs=4.27941858344e-06 aspect=5.9998688826 mean_iota=0.419950119185 solver_iterations=2345
evaluation=452 objective=3.91765526983e-06 qs=3.91644201736e-06 aspect=5.99999825887 mean_iota=0.41996521177 solver_iterations=2134
evaluation=453 objective=7.88687738305e-06 qs=7.87556116089e-06 aspect=5.99998386829 mean_iota=0.419894852532 solver_iterations=2134
evaluation=454 objective=4.1428662373e-06 qs=4.14155850234e-06 aspect=5.99999746443 mean_iota=0.419963926383 solver_iterations=2134
evaluation=455 objective=3.9257213806e-06 qs=3.92450873493e-06 aspect=5.99999826733 mean_iota=0.41996522007 solver_iterations=2134
evaluation=456 objective=3.93014315061e-06 qs=3.92892902106e-06 aspect=5.99999816947 mean_iota=0.419965203754 solver_iterations=2134
evaluation=457 objective=8.79279005278e-06 qs=8.79155478325e-06 aspect=6.00000174864 mean_iota=0.419964897126 solver_iterations=2137
evaluation=458 objective=3.86097560866e-05 qs=3.86095592284e-05 aspect=6.00000193893 mean_iota=0.419986104003 solver_iterations=2111
evaluation=459 objective=0.000237622331921 qs=0.000126228532027 aspect=5.98945153378 mean_iota=0.419648346431 solver_iterations=2144
evaluation=460 objective=0.000234013573184 qs=0.000231406052336 aspect=6.00125748447 mean_iota=0.42101304178 solver_iterations=2132
evaluation=461 objective=3.01344607119e-05 qs=3.01338345192e-05 aspect=5.99999459483 mean_iota=0.41997556689 solver_iterations=2138
evaluation=462 objective=4.03143556394e-06 qs=4.03022584171e-06 aspect=5.99999772109 mean_iota=0.419965293678 solver_iterations=2134
evaluation=463 objective=3.92690461367e-06 qs=3.92569125598e-06 aspect=5.9999981884 mean_iota=0.419965213856 solver_iterations=2134
evaluation=464 objective=3.91724079299e-06 qs=3.91602874206e-06 aspect=5.99999845862 mean_iota=0.419965219617 solver_iterations=2134
evaluation=465 objective=3.91941149046e-06 qs=3.9181411435e-06 aspect=5.99999337872 mean_iota=0.419964978498 solver_iterations=2134
evaluation=466 objective=3.97549575597e-06 qs=3.97256450411e-06 aspect=6.00005330248 mean_iota=0.419990508051 solver_iterations=2145
evaluation=467 objective=4.17177810184e-06 qs=4.13926751921e-06 aspect=6.00013306963 mean_iota=0.419878332189 solver_iterations=2117
evaluation=468 objective=3.9542843152e-06 qs=3.9526290464e-06 aspect=6.00000042342 mean_iota=0.419959317209 solver_iterations=2133
evaluation=469 objective=3.94953094353e-06 qs=3.94837859289e-06 aspect=5.99999961188 mean_iota=0.419966055928 solver_iterations=2132
evaluation=470 objective=3.91796831497e-06 qs=3.91675512424e-06 aspect=5.99999826244 mean_iota=0.419965212479 solver_iterations=2134
evaluation=471 objective=3.91801003787e-06 qs=3.91679964292e-06 aspect=5.99999881764 mean_iota=0.419965229366 solver_iterations=2134
evaluation=472 objective=3.91837140215e-06 qs=3.9171754276e-06 aspect=5.99999725514 mean_iota=0.419965526238 solver_iterations=2133
evaluation=473 objective=3.91621271141e-06 qs=3.91498848927e-06 aspect=5.99999844272 mean_iota=0.419965045787 solver_iterations=2134
evaluation=474 objective=3.91744898961e-06 qs=3.91692593406e-06 aspect=5.99999634052 mean_iota=0.419977424266 solver_iterations=2133
evaluation=475 objective=3.91651169863e-06 qs=3.91486039222e-06 aspect=5.99999753017 mean_iota=0.419959438857 solver_iterations=2134
evaluation=476 objective=3.91929450847e-06 qs=3.91807835825e-06 aspect=5.99999796804 mean_iota=0.419965185903 solver_iterations=2133
evaluation=477 objective=5.18131905816e-06 qs=5.18131507554e-06 aspect=5.99999825887 mean_iota=0.420000975237 solver_iterations=2134
evaluation=478 objective=4.02768681806e-06 qs=4.02657784549e-06 aspect=5.99999825887 mean_iota=0.419966744308 solver_iterations=2134
evaluation=479 objective=3.91942086842e-06 qs=3.91820734708e-06 aspect=5.99999825887 mean_iota=0.419965207906 solver_iterations=2134
evaluation=480 objective=3.94253791671e-06 qs=3.94132223887e-06 aspect=5.99999805426 mean_iota=0.419965187762 solver_iterations=2134
evaluation=481 objective=7.24725475764e-06 qs=7.24594342131e-06 aspect=5.9999959144 mean_iota=0.419964018835 solver_iterations=2137
evaluation=482 objective=3.71185096795e-05 qs=3.70746886161e-05 aspect=6.00020381154 mean_iota=0.419952230545 solver_iterations=2113
evaluation=483 objective=0.000257235590035 qs=8.35176436982e-05 aspect=5.98691672515 mean_iota=0.418404423145 solver_iterations=2044
evaluation=484 objective=6.73182515277e-05 qs=5.13276430245e-05 aspect=5.99607148076 mean_iota=0.419253444519 solver_iterations=2130
evaluation=485 objective=1.53169314228e-05 qs=1.53148626147e-05 aspect=6.00003248919 mean_iota=0.41996816825 solver_iterations=2138
evaluation=486 objective=4.13337703156e-06 qs=4.13216885506e-06 aspect=5.99999979406 mean_iota=0.419965241777 solver_iterations=2131
evaluation=487 objective=3.92144682986e-06 qs=3.92023382591e-06 aspect=5.99999823695 mean_iota=0.419965216446 solver_iterations=2134
evaluation=488 objective=3.91941603894e-06 qs=3.91820408795e-06 aspect=5.99999880773 mean_iota=0.419965207336 solver_iterations=2134
evaluation=489 objective=3.93700825166e-06 qs=3.93559560333e-06 aspect=5.99998954625 mean_iota=0.41996389782 solver_iterations=2132
evaluation=490 objective=4.0926866886e-06 qs=4.09064370294e-06 aspect=5.9999606365 mean_iota=0.419977785122 solver_iterations=2152
evaluation=491 objective=3.9205014708e-06 qs=3.91666219817e-06 aspect=6.00005042879 mean_iota=0.419963997081 solver_iterations=2132
evaluation=492 objective=4.020883942e-06 qs=4.01907703512e-06 aspect=6.00001749369 mean_iota=0.419961258838 solver_iterations=2138
evaluation=493 objective=3.93338274626e-06 qs=3.93208034286e-06 aspect=5.99999706423 mean_iota=0.419964030782 solver_iterations=2131
evaluation=494 objective=3.91764283672e-06 qs=3.91642964144e-06 aspect=5.99999826018 mean_iota=0.419965212527 solver_iterations=2134
evaluation=495 objective=3.92317061777e-06 qs=3.92195965197e-06 aspect=5.99999894999 mean_iota=0.419965216911 solver_iterations=2134
evaluation=496 objective=3.92278379149e-06 qs=3.92161791352e-06 aspect=5.99999632541 mean_iota=0.419966053346 solver_iterations=2132
evaluation=497 objective=3.9171607523e-06 qs=3.91567002888e-06 aspect=6.0000044851 mean_iota=0.419961651503 solver_iterations=2136
evaluation=498 objective=3.91777457532e-06 qs=3.91679499169e-06 aspect=5.99999676252 mean_iota=0.419968869591 solver_iterations=2133
evaluation=499 objective=3.91619711232e-06 qs=3.91571613027e-06 aspect=5.99999339837 mean_iota=0.419979085879 solver_iterations=2135
evaluation=500 objective=3.91783793754e-06 qs=3.91662521326e-06 aspect=5.99999828354 mean_iota=0.419965218136 solver_iterations=2134
evaluation=501 objective=3.91765526983e-06 qs=3.91644201736e-06 aspect=5.99999825887 mean_iota=0.41996521177 solver_iterations=2134
accepted mode=3 iteration=9 objective=3.91765526983e-06
    9    492    1.958827635e-06    0.0021915053320.001067178035
evaluation=502 objective=3.88311391088e-06 qs=3.88034808178e-06 aspect=5.99996324388 mean_iota=0.419962385946 solver_iterations=2128
evaluation=503 objective=7.99512287143e-06 qs=7.98097821587e-06 aspect=5.99994888171 mean_iota=0.419892614827 solver_iterations=2135
evaluation=504 objective=4.07497997154e-06 qs=4.07205436181e-06 aspect=5.99996243307 mean_iota=0.419961085533 solver_iterations=2128
evaluation=505 objective=3.89069533369e-06 qs=3.88793068047e-06 aspect=5.99996325195 mean_iota=0.419962393695 solver_iterations=2128
evaluation=506 objective=3.90772050873e-06 qs=3.90494744657e-06 aspect=5.9999631531 mean_iota=0.419962378618 solver_iterations=2128
evaluation=507 objective=8.4532474923e-06 qs=8.45070369394e-06 aspect=5.99996674735 mean_iota=0.419962078243 solver_iterations=2134
evaluation=508 objective=3.94938459246e-05 qs=3.94926670633e-05 aspect=5.99996884574 mean_iota=0.419985568318 solver_iterations=2144
evaluation=509 objective=0.000236760163287 qs=0.000124736717486 aspect=5.98942186776 mean_iota=0.419644241517 solver_iterations=2198
evaluation=510 objective=0.000236675541553 qs=0.00023415828729 aspect=6.00121839674 mean_iota=0.421016249791 solver_iterations=2155
evaluation=511 objective=2.92088161869e-05 qs=2.92064938549e-05 aspect=5.99996050005 mean_iota=0.419972394097 solver_iterations=2134
evaluation=512 objective=4.03641852839e-06 qs=4.03362060914e-06 aspect=5.99996272671 mean_iota=0.419962468398 solver_iterations=2128
evaluation=513 objective=3.8971734256e-06 qs=3.89440275227e-06 aspect=5.99996317032 mean_iota=0.419962393509 solver_iterations=2128
evaluation=514 objective=3.87984449951e-06 qs=3.87709692025e-06 aspect=5.99996348546 mean_iota=0.419962393253 solver_iterations=2128
evaluation=515 objective=3.89148042671e-06 qs=3.88809309951e-06 aspect=5.99995588884 mean_iota=0.419962032478 solver_iterations=2128
evaluation=516 objective=3.94231962935e-06 qs=3.94186623739e-06 aspect=6.00001616492 mean_iota=0.419986140442 solver_iterations=2130
evaluation=517 objective=4.07776680178e-06 qs=4.05334969071e-06 aspect=6.0000979323 mean_iota=0.419878236391 solver_iterations=2151
evaluation=518 objective=3.92760329501e-06 qs=3.92455335535e-06 aspect=5.99996532323 mean_iota=0.419957017896 solver_iterations=2135
evaluation=519 objective=3.90448830726e-06 qs=3.90188037248e-06 aspect=5.99996455469 mean_iota=0.419963236362 solver_iterations=2128
evaluation=520 objective=3.88328871471e-06 qs=3.88052311646e-06 aspect=5.99996324725 mean_iota=0.419962385729 solver_iterations=2128
evaluation=521 objective=3.8828879705e-06 qs=3.88016983936e-06 aspect=5.99996384426 mean_iota=0.419962438136 solver_iterations=2128
evaluation=522 objective=3.88396981589e-06 qs=3.88116377582e-06 aspect=5.99996242087 mean_iota=0.419962665717 solver_iterations=2128
evaluation=523 objective=3.88320885087e-06 qs=3.88044512712e-06 aspect=5.99996345724 mean_iota=0.419962206476 solver_iterations=2128
evaluation=524 objective=3.88197918269e-06 qs=3.87984529323e-06 aspect=5.99996147802 mean_iota=0.419974505957 solver_iterations=2135
evaluation=525 objective=3.88373249658e-06 qs=3.88049936334e-06 aspect=5.99996260811 mean_iota=0.419957163336 solver_iterations=2128
evaluation=526 objective=3.88501747815e-06 qs=3.88223090151e-06 aspect=5.99996297362 mean_iota=0.41996237522 solver_iterations=2128
evaluation=527 objective=5.25111606781e-06 qs=5.24976193572e-06 aspect=5.99996324388 mean_iota=0.419998233636 solver_iterations=2128
evaluation=528 objective=3.96989734663e-06 qs=3.96727618544e-06 aspect=5.99996324388 mean_iota=0.419964360848 solver_iterations=2135
evaluation=529 objective=3.88550658544e-06 qs=3.88274051061e-06 aspect=5.99996324388 mean_iota=0.41996238268 solver_iterations=2128
evaluation=530 objective=3.92122999964e-06 qs=3.91844705491e-06 aspect=5.99996303317 mean_iota=0.419962364937 solver_iterations=2128
evaluation=531 objective=7.3140768164e-06 qs=7.31103501694e-06 aspect=5.999960834 mean_iota=0.419961169287 solver_iterations=2135
evaluation=532 objective=3.71734750504e-05 qs=3.71414053404e-05 aspect=6.00017229825 mean_iota=0.419951183766 solver_iterations=2142
evaluation=533 objective=0.000258977099695 qs=8.44409083602e-05 aspect=5.98688555728 mean_iota=0.418403884907 solver_iterations=2123
evaluation=534 objective=6.80265938498e-05 qs=5.18034430954e-05 aspect=5.99604150184 mean_iota=0.419256062478 solver_iterations=2155
evaluation=535 objective=1.46833154513e-05 qs=1.46820801662e-05 aspect=5.99999669546 mean_iota=0.419965009071 solver_iterations=2132
evaluation=536 objective=4.13215063768e-06 qs=4.12950222237e-06 aspect=5.99996479399 mean_iota=0.41996246399 solver_iterations=2128
evaluation=537 objective=3.89227106769e-06 qs=3.88950415149e-06 aspect=5.99996322033 mean_iota=0.419962394524 solver_iterations=2128
evaluation=538 objective=3.87985937424e-06 qs=3.87716415735e-06 aspect=5.99996385355 mean_iota=0.419962735396 solver_iterations=2134
evaluation=539 objective=3.89796211393e-06 qs=3.8946446979e-06 aspect=5.99995711514 mean_iota=0.419961551274 solver_iterations=2129
evaluation=540 objective=4.05851394852e-06 qs=4.05260436341e-06 aspect=5.99992770502 mean_iota=0.419973865337 solver_iterations=2135
evaluation=541 objective=3.88189925614e-06 qs=3.88019807888e-06 aspect=6.00001447393 mean_iota=0.419961377695 solver_iterations=2129
evaluation=542 objective=3.97625872934e-06 qs=3.97423608501e-06 aspect=5.99998276619 mean_iota=0.419958459175 solver_iterations=2132
evaluation=543 objective=3.90450156994e-06 qs=3.90156991654e-06 aspect=5.99996203071 mean_iota=0.419961399654 solver_iterations=2128
evaluation=544 objective=3.88311332095e-06 qs=3.88034759447e-06 aspect=5.99996324505 mean_iota=0.419962386173 solver_iterations=2128
evaluation=545 objective=3.88521035279e-06 qs=3.88249962297e-06 aspect=5.99996397584 mean_iota=0.41996241024 solver_iterations=2128
evaluation=546 objective=3.89039447819e-06 qs=3.88755519652e-06 aspect=5.99996146082 mean_iota=0.419963203077 solver_iterations=2128
evaluation=547 objective=3.88494370344e-06 qs=3.88233775642e-06 aspect=5.99996918763 mean_iota=0.419959299325 solver_iterations=2135
evaluation=548 objective=3.88258386787e-06 qs=3.87998006161e-06 aspect=5.99996164857 mean_iota=0.419966340322 solver_iterations=2128
evaluation=549 objective=3.88458222674e-06 qs=3.88230095575e-06 aspect=5.99995867469 mean_iota=0.419976052361 solver_iterations=2135
evaluation=550 objective=3.88310656269e-06 qs=3.88034308738e-06 aspect=5.99996326928 mean_iota=0.41996239243 solver_iterations=2128
evaluation=551 objective=3.88311391088e-06 qs=3.88034808178e-06 aspect=5.99996324388 mean_iota=0.419962385946 solver_iterations=2128
accepted mode=3 iteration=10 objective=3.88311391088e-06
   10    541    1.941556955e-06     0.010999826260.001067178035
evaluation=552 objective=3.77830045348e-06 qs=3.77630631823e-06 aspect=5.99997223441 mean_iota=0.419965025619 solver_iterations=2115
evaluation=553 objective=7.91846707685e-06 qs=7.90560142726e-06 aspect=5.99995792129 mean_iota=0.419894667045 solver_iterations=2115
evaluation=554 objective=4.04446085308e-06 qs=4.04232689285e-06 aspect=5.99997141885 mean_iota=0.419963708428 solver_iterations=2116
evaluation=555 objective=3.77776481035e-06 qs=3.77577167914e-06 aspect=5.99997224212 mean_iota=0.419965033852 solver_iterations=2115
evaluation=556 objective=3.78148038636e-06 qs=3.77948030687e-06 aspect=5.99997213838 mean_iota=0.419965017007 solver_iterations=2115
evaluation=557 objective=8.46898978327e-06 qs=8.46712417405e-06 aspect=5.99997587028 mean_iota=0.419964175901 solver_iterations=2113
evaluation=558 objective=3.94100859891e-05 qs=3.94095398928e-05 aspect=5.99998058543 mean_iota=0.419986993428 solver_iterations=2140
evaluation=559 objective=0.000235537343979 qs=0.00012390396259 aspect=5.98944042172 mean_iota=0.419641269013 solver_iterations=2106
evaluation=560 objective=0.000236144507572 qs=0.0002336256698 aspect=6.00121646444 mean_iota=0.421019339016 solver_iterations=2169
evaluation=561 objective=2.8526802128e-05 qs=2.85252036958e-05 aspect=5.99996941932 mean_iota=0.419974246281 solver_iterations=2113
evaluation=562 objective=3.85440713154e-06 qs=3.85239009581e-06 aspect=5.99997172625 mean_iota=0.419965105429 solver_iterations=2116
evaluation=563 objective=3.77843557086e-06 qs=3.77643770588e-06 aspect=5.99997216233 mean_iota=0.419965029599 solver_iterations=2116
evaluation=564 objective=3.77906659997e-06 qs=3.77708512203e-06 aspect=5.99997245463 mean_iota=0.419965032433 solver_iterations=2115
evaluation=565 objective=3.78468837934e-06 qs=3.78220026308e-06 aspect=5.99996480502 mean_iota=0.419964652731 solver_iterations=2116
evaluation=566 objective=3.85498324628e-06 qs=3.85422604698e-06 aspect=6.00002456746 mean_iota=0.419987604875 solver_iterations=2107
evaluation=567 objective=3.97627354036e-06 qs=3.95188444582e-06 aspect=6.00010017111 mean_iota=0.419880188298 solver_iterations=2229
evaluation=568 objective=3.79147427499e-06 qs=3.78916874033e-06 aspect=5.99997441131 mean_iota=0.419959370533 solver_iterations=2114
evaluation=569 objective=3.81097713816e-06 qs=3.8091124602e-06 aspect=5.99997355868 mean_iota=0.419965860073 solver_iterations=2116
evaluation=570 objective=3.77830681123e-06 qs=3.77631284802e-06 aspect=5.9999722377 mean_iota=0.419965025465 solver_iterations=2115
evaluation=571 objective=3.78294621556e-06 qs=3.78098847794e-06 aspect=5.99997283492 mean_iota=0.419965074425 solver_iterations=2116
evaluation=572 objective=3.77832819219e-06 qs=3.77629668172e-06 aspect=5.99997116511 mean_iota=0.419965358127 solver_iterations=2115
evaluation=573 objective=3.77822833252e-06 qs=3.77623197379e-06 aspect=5.99997249182 mean_iota=0.419964791208 solver_iterations=2115
evaluation=574 objective=3.77793416492e-06 qs=3.77655759118e-06 aspect=5.99997028439 mean_iota=0.41997778387 solver_iterations=2115
evaluation=575 objective=3.77719204731e-06 qs=3.7747761824e-06 aspect=5.99997160591 mean_iota=0.419959879675 solver_iterations=2116
evaluation=576 objective=3.77878540586e-06 qs=3.77677414399e-06 aspect=5.9999719468 mean_iota=0.419965010287 solver_iterations=2115
evaluation=577 objective=5.19444369573e-06 qs=5.19367128441e-06 aspect=5.99997223441 mean_iota=0.420001217953 solver_iterations=2115
evaluation=578 objective=3.93927245747e-06 qs=3.9373850677e-06 aspect=5.99997223441 mean_iota=0.419966586502 solver_iterations=2115
evaluation=579 objective=3.77948222009e-06 qs=3.77748783589e-06 aspect=5.99997223441 mean_iota=0.41996502206 solver_iterations=2115
evaluation=580 objective=3.79933172511e-06 qs=3.79732404336e-06 aspect=5.99997202184 mean_iota=0.419965001365 solver_iterations=2116
evaluation=581 objective=6.7565397676e-06 qs=6.75430409402e-06 aspect=5.99997016662 mean_iota=0.419963316992 solver_iterations=2112
evaluation=582 objective=3.74073264688e-05 qs=3.7370361917e-05 aspect=6.00018661624 mean_iota=0.419953751435 solver_iterations=2204
evaluation=583 objective=0.000257331874668 qs=8.34931332619e-05 aspect=5.98691079389 mean_iota=0.418415252431 solver_iterations=2073
evaluation=584 objective=6.69857086064e-05 qs=5.10066895539e-05 aspect=5.9960715041 mean_iota=0.419261123137 solver_iterations=2163
evaluation=585 objective=1.45490898905e-05 qs=1.45479732085e-05 aspect=6.00000399874 mean_iota=0.419966823319 solver_iterations=2111
evaluation=586 objective=3.90940976764e-06 qs=3.90750196927e-06 aspect=5.99997375922 mean_iota=0.419965082669 solver_iterations=2116
evaluation=587 objective=3.77775622891e-06 qs=3.77576113139e-06 aspect=5.99997220983 mean_iota=0.419965031388 solver_iterations=2116
evaluation=588 objective=3.78027290707e-06 qs=3.77830915634e-06 aspect=5.99997278505 mean_iota=0.419965027191 solver_iterations=2115
evaluation=589 objective=3.80337281978e-06 qs=3.80096356701e-06 aspect=5.99996640007 mean_iota=0.419964218754 solver_iterations=2117
evaluation=590 objective=3.95945358817e-06 qs=3.95491899457e-06 aspect=5.99993709734 mean_iota=0.419975961514 solver_iterations=2105
evaluation=591 objective=3.77898937513e-06 qs=3.77757173179e-06 aspect=6.00001155251 mean_iota=0.419964164504 solver_iterations=2117
evaluation=592 objective=3.83360610634e-06 qs=3.83197985169e-06 aspect=5.99999218062 mean_iota=0.419960438505 solver_iterations=2111
evaluation=593 objective=3.80172243405e-06 qs=3.79959113146e-06 aspect=5.9999710521 mean_iota=0.419964037217 solver_iterations=2116
evaluation=594 objective=3.7782594802e-06 qs=3.77626542276e-06 aspect=5.99997223548 mean_iota=0.419965025887 solver_iterations=2115
evaluation=595 objective=3.79049769143e-06 qs=3.78854597704e-06 aspect=5.99997297174 mean_iota=0.419965054504 solver_iterations=2115
evaluation=596 objective=3.78210731412e-06 qs=3.78005065205e-06 aspect=5.99997016832 mean_iota=0.419965842531 solver_iterations=2116
evaluation=597 objective=3.77687209122e-06 qs=3.7748978211e-06 aspect=5.99997796553 mean_iota=0.41996141565 solver_iterations=2115
evaluation=598 objective=3.77825033541e-06 qs=3.77638484466e-06 aspect=5.99997102093 mean_iota=0.419967973378 solver_iterations=2115
evaluation=599 objective=3.77792889749e-06 qs=3.77641379013e-06 aspect=5.99996771801 mean_iota=0.419978251886 solver_iterations=2114
evaluation=600 objective=3.77830013035e-06 qs=3.77630787156e-06 aspect=5.99997225739 mean_iota=0.419965034213 solver_iterations=2115
evaluation=601 objective=3.77830045348e-06 qs=3.77630631823e-06 aspect=5.99997223441 mean_iota=0.419965025619 solver_iterations=2115
accepted mode=3 iteration=11 objective=3.77830045348e-06
   11    590    1.889150227e-06    0.0074421468840.001067178035
evaluation=602 objective=3.77984762293e-06 qs=3.7786488229e-06 aspect=6.00001684079 mean_iota=0.41996974793 solver_iterations=2120
evaluation=603 objective=3.76521923298e-06 qs=3.76406655991e-06 aspect=6.00000305188 mean_iota=0.419966186407 solver_iterations=2106
evaluation=604 objective=7.67915879734e-06 qs=7.66816098168e-06 aspect=5.99998873394 mean_iota=0.419895736432 solver_iterations=2106
evaluation=605 objective=4.02277123105e-06 qs=4.02153203315e-06 aspect=6.00000223524 mean_iota=0.419964868795 solver_iterations=2106
evaluation=606 objective=3.77218519796e-06 qs=3.77103305075e-06 aspect=6.00000305967 mean_iota=0.419966194887 solver_iterations=2106
evaluation=607 objective=3.77527845383e-06 qs=3.77412583133e-06 aspect=6.00000295496 mean_iota=0.419966178547 solver_iterations=2106
evaluation=608 objective=8.63317344334e-06 qs=8.63194078705e-06 aspect=6.00000665044 mean_iota=0.419965526417 solver_iterations=2102
evaluation=609 objective=3.89486476288e-05 qs=3.89484099545e-05 aspect=6.00001013494 mean_iota=0.419988382887 solver_iterations=2120
evaluation=610 objective=0.000235297406041 qs=0.000124307347869 aspect=5.98947082267 mean_iota=0.419644355614 solver_iterations=2147
evaluation=611 objective=0.000235199852335 qs=0.000232608243616 aspect=6.00124619776 mean_iota=0.421019117195 solver_iterations=2134
evaluation=612 objective=2.93540596486e-05 qs=2.93534508126e-05 aspect=6.00000004011 mean_iota=0.419975325429 solver_iterations=2101
evaluation=613 objective=3.85494046515e-06 qs=3.85379609269e-06 aspect=6.0000025419 mean_iota=0.419966267061 solver_iterations=2106
evaluation=614 objective=3.77146756964e-06 qs=3.77031573752e-06 aspect=6.00000298088 mean_iota=0.419966192509 solver_iterations=2106
evaluation=615 objective=3.76602366358e-06 qs=3.7648699548e-06 aspect=6.0000032681 mean_iota=0.419966191298 solver_iterations=2106
evaluation=616 objective=3.76622565887e-06 qs=3.76503456436e-06 aspect=5.99999546932 mean_iota=0.419965786443 solver_iterations=2106
evaluation=617 objective=3.81227403931e-06 qs=3.80912196505e-06 aspect=6.00005500641 mean_iota=0.41998875858 solver_iterations=2094
evaluation=618 objective=4.02005277405e-06 qs=3.98906325461e-06 aspect=6.00013033751 mean_iota=0.419881671421 solver_iterations=2126
evaluation=619 objective=3.80238634452e-06 qs=3.80079429252e-06 aspect=6.00000527078 mean_iota=0.419960449136 solver_iterations=2104
evaluation=620 objective=3.79517444771e-06 qs=3.79406797702e-06 aspect=6.00000437258 mean_iota=0.419967024991 solver_iterations=2106
evaluation=621 objective=3.76525229317e-06 qs=3.76409958024e-06 aspect=6.00000305515 mean_iota=0.419966186113 solver_iterations=2106
evaluation=622 objective=3.76884859779e-06 qs=3.76769539589e-06 aspect=6.00000364083 mean_iota=0.41996623691 solver_iterations=2106
evaluation=623 objective=3.76038568011e-06 qs=3.75926195798e-06 aspect=6.00000189441 mean_iota=0.419966531607 solver_iterations=2106
evaluation=624 objective=3.76525125879e-06 qs=3.7640774298e-06 aspect=6.00000335313 mean_iota=0.419965903292 solver_iterations=2106
evaluation=625 objective=3.76297257967e-06 qs=3.76254472221e-06 aspect=6.00000100839 mean_iota=0.419979339879 solver_iterations=2104
evaluation=626 objective=3.76577500851e-06 qs=3.76424708748e-06 aspect=6.00000240142 mean_iota=0.419960985205 solver_iterations=2106
evaluation=627 objective=3.76324718664e-06 qs=3.76209393913e-06 aspect=6.00000276102 mean_iota=0.419966152928 solver_iterations=2106
evaluation=628 objective=5.01406470217e-06 qs=5.01404916471e-06 aspect=6.00000305188 mean_iota=0.420002494689 solver_iterations=2106
evaluation=629 objective=3.88831956493e-06 qs=3.88726945089e-06 aspect=6.00000305188 mean_iota=0.419967738567 solver_iterations=2106
evaluation=630 objective=3.7663141826e-06 qs=3.76516127584e-06 aspect=6.00000305188 mean_iota=0.419966182951 solver_iterations=2106
evaluation=631 objective=3.78894573588e-06 qs=3.78779285682e-06 aspect=6.00000284116 mean_iota=0.419966165005 solver_iterations=2106
evaluation=632 objective=7.05793803694e-06 qs=7.05669038314e-06 aspect=6.00000112375 mean_iota=0.419964695737 solver_iterations=2103
evaluation=633 objective=3.793176434e-05 qs=3.78828043147e-05 aspect=6.00021674117 mean_iota=0.419955465865 solver_iterations=2120
evaluation=634 objective=0.000256092250291 qs=8.31086131603e-05 aspect=5.98694322715 mean_iota=0.418417495723 solver_iterations=2077
evaluation=635 objective=6.62258889157e-05 qs=5.05214324102e-05 aspect=5.99610646798 mean_iota=0.419261850349 solver_iterations=2130
evaluation=636 objective=1.50166161315e-05 qs=1.50143651651e-05 aspect=6.00003525107 mean_iota=0.419968245812 solver_iterations=2104
evaluation=637 objective=3.95945325546e-06 qs=3.95829242581e-06 aspect=6.00000458558 mean_iota=0.419966239045 solver_iterations=2106
evaluation=638 objective=3.76868021104e-06 qs=3.76752818762e-06 aspect=6.00000302734 mean_iota=0.419966193808 solver_iterations=2106
evaluation=639 objective=3.76926231354e-06 qs=3.76810591497e-06 aspect=6.00000358498 mean_iota=0.419966183636 solver_iterations=2106
evaluation=640 objective=3.76894787919e-06 qs=3.76774490538e-06 aspect=5.99999742398 mean_iota=0.419965411882 solver_iterations=2106
evaluation=641 objective=3.93501927953e-06 qs=3.93352010729e-06 aspect=5.99996858382 mean_iota=0.419977368255 solver_iterations=2099
evaluation=642 objective=3.76242147556e-06 qs=3.75946104396e-06 aspect=6.000041941 mean_iota=0.419965339016 solver_iterations=2107
evaluation=643 objective=3.8626548482e-06 qs=3.86067813928e-06 aspect=6.00002272593 mean_iota=0.419961786903 solver_iterations=2101
evaluation=644 objective=3.77547356795e-06 qs=3.77425985024e-06 aspect=6.00000185779 mean_iota=0.419965211118 solver_iterations=2106
evaluation=645 objective=3.7652229599e-06 qs=3.764070293e-06 aspect=6.00000305294 mean_iota=0.419966186594 solver_iterations=2106
evaluation=646 objective=3.77253029463e-06 qs=3.77137434864e-06 aspect=6.00000377678 mean_iota=0.419966211215 solver_iterations=2106
evaluation=647 objective=3.76381489467e-06 qs=3.76272677833e-06 aspect=6.00000088524 mean_iota=0.419967025272 solver_iterations=2107
evaluation=648 objective=3.76611336038e-06 qs=3.76463110242e-06 aspect=6.00000872386 mean_iota=0.419962501304 solver_iterations=2106
evaluation=649 objective=3.7626815731e-06 qs=3.76170519805e-06 aspect=6.00000195033 mean_iota=0.419968813925 solver_iterations=2106
evaluation=650 objective=3.76610346772e-06 qs=3.76568379236e-06 aspect=5.9999984712 mean_iota=0.419979571144 solver_iterations=2105
evaluation=651 objective=3.76526263991e-06 qs=3.76411041223e-06 aspect=6.00000307568 mean_iota=0.41996619515 solver_iterations=2106
evaluation=652 objective=3.76521923298e-06 qs=3.76406655991e-06 aspect=6.00000305188 mean_iota=0.419966186407 solver_iterations=2106
accepted mode=3 iteration=12 objective=3.76521923298e-06
   12    640    1.882609616e-06    0.0020768801740.0002667945087
evaluation=653 objective=3.74704919717e-06 qs=3.7460671297e-06 aspect=6.0000079451 mean_iota=0.419969685929 solver_iterations=2098
evaluation=654 objective=7.67785710856e-06 qs=7.66767006051e-06 aspect=5.99999363597 mean_iota=0.419899269929 solver_iterations=2098
evaluation=655 objective=4.00544012268e-06 qs=4.00438954398e-06 aspect=6.00000712646 mean_iota=0.419968380509 solver_iterations=2099
evaluation=656 objective=3.75352545147e-06 qs=3.75254380039e-06 aspect=6.00000795291 mean_iota=0.419969694848 solver_iterations=2098
evaluation=657 objective=3.75854992173e-06 qs=3.7575689337e-06 aspect=6.0000078471 mean_iota=0.419969678208 solver_iterations=2098
evaluation=658 objective=8.64367652582e-06 qs=8.64259987653e-06 aspect=6.00001152792 mean_iota=0.419969279382 solver_iterations=2197
evaluation=659 objective=3.87799086041e-05 qs=3.87795934218e-05 aspect=6.00001554684 mean_iota=0.419991428069 solver_iterations=2099
evaluation=660 objective=0.000235015400703 qs=0.000124212431137 aspect=5.98947975636 mean_iota=0.419643007923 solver_iterations=2109
evaluation=661 objective=0.000234605269555 qs=0.000232002512369 aspect=6.00124842714 mean_iota=0.421021854615 solver_iterations=2107
evaluation=662 objective=2.92259202824e-05 qs=2.92254527532e-05 aspect=6.00000486927 mean_iota=0.419978932977 solver_iterations=2194
evaluation=663 objective=3.83977448437e-06 qs=3.83880493522e-06 aspect=6.00000743788 mean_iota=0.419969763811 solver_iterations=2098
evaluation=664 objective=3.75343433663e-06 qs=3.75245365749e-06 aspect=6.00000787437 mean_iota=0.419969690374 solver_iterations=2099
evaluation=665 objective=3.74756025288e-06 qs=3.74657509334e-06 aspect=6.00000815642 mean_iota=0.419969691052 solver_iterations=2098
evaluation=666 objective=3.75030308026e-06 qs=3.74936014845e-06 aspect=6.00000027532 mean_iota=0.419969294039 solver_iterations=2099
evaluation=667 objective=3.89620842217e-06 qs=3.8926701292e-06 aspect=6.0000590431 mean_iota=0.419992774714 solver_iterations=2177
evaluation=668 objective=3.99921705914e-06 qs=3.96785416497e-06 aspect=6.00013441681 mean_iota=0.419884695989 solver_iterations=2105
evaluation=669 objective=3.77973252393e-06 qs=3.77833894945e-06 aspect=6.00001012765 mean_iota=0.41996406944 solver_iterations=2098
evaluation=670 objective=3.78176160055e-06 qs=3.78080668946e-06 aspect=6.0000092652 mean_iota=0.419970520055 solver_iterations=2099
evaluation=671 objective=3.7471210819e-06 qs=3.74613897605e-06 aspect=6.00000794836 mean_iota=0.419969686152 solver_iterations=2098
evaluation=672 objective=3.75074592122e-06 qs=3.74975618465e-06 aspect=6.0000085318 mean_iota=0.419969718901 solver_iterations=2099
evaluation=673 objective=3.7475967542e-06 qs=3.74665440678e-06 aspect=6.0000067633 mean_iota=0.419970056633 solver_iterations=2098
evaluation=674 objective=3.74698478446e-06 qs=3.74597723307e-06 aspect=6.00000828004 mean_iota=0.419969357019 solver_iterations=2098
evaluation=675 objective=3.74758064325e-06 qs=3.74725712889e-06 aspect=6.00000589518 mean_iota=0.419983007025 solver_iterations=2098
evaluation=676 objective=3.74744098282e-06 qs=3.74611736569e-06 aspect=6.0000072902 mean_iota=0.419964356346 solver_iterations=2099
evaluation=677 objective=3.7478865548e-06 qs=3.74690897334e-06 aspect=6.00000765557 mean_iota=0.41996968542 solver_iterations=2098
evaluation=678 objective=5.02434781934e-06 qs=5.02424717382e-06 aspect=6.0000079451 mean_iota=0.420006125433 solver_iterations=2098
evaluation=679 objective=3.87070230218e-06 qs=3.86981165737e-06 aspect=6.0000079451 mean_iota=0.419971233349 solver_iterations=2098
evaluation=680 objective=3.74805041254e-06 qs=3.74706812075e-06 aspect=6.0000079451 mean_iota=0.41996968223 solver_iterations=2098
evaluation=681 objective=3.77257656671e-06 qs=3.77159644636e-06 aspect=6.00000773414 mean_iota=0.419969663498 solver_iterations=2099
evaluation=682 objective=7.12979096831e-06 qs=7.12875958276e-06 aspect=6.00000604302 mean_iota=0.41996845848 solver_iterations=2196
evaluation=683 objective=3.77516418125e-05 qs=3.77010655796e-05 aspect=6.0002211183 mean_iota=0.419958976482 solver_iterations=2099
evaluation=684 objective=0.000255582648639 qs=8.28539953326e-05 aspect=5.98695255039 mean_iota=0.41842116751 solver_iterations=2062
evaluation=685 objective=6.59294999103e-05 qs=5.03109474377e-05 aspect=5.9961167445 mean_iota=0.419265916107 solver_iterations=2105
evaluation=686 objective=1.49899798061e-05 qs=1.49876037797e-05 aspect=6.00003992476 mean_iota=0.419972035028 solver_iterations=2194
evaluation=687 objective=3.94793661867e-06 qs=3.94693122789e-06 aspect=6.00000948024 mean_iota=0.419969742507 solver_iterations=2099
evaluation=688 objective=3.750361014e-06 qs=3.74937971406e-06 aspect=6.00000792079 mean_iota=0.419969692228 solver_iterations=2099
evaluation=689 objective=3.75011126893e-06 qs=3.74912058759e-06 aspect=6.00000846534 mean_iota=0.419969684669 solver_iterations=2098
evaluation=690 objective=3.75616896674e-06 qs=3.75519711397e-06 aspect=6.00000240339 mean_iota=0.419968918229 solver_iterations=2099
evaluation=691 objective=4.0029335335e-06 qs=4.00189803538e-06 aspect=5.99997353037 mean_iota=0.419981700909 solver_iterations=2147
evaluation=692 objective=3.74968588796e-06 qs=3.74658299437e-06 aspect=6.00004617301 mean_iota=0.419968839986 solver_iterations=2099
evaluation=693 objective=3.93585129098e-06 qs=3.93389564425e-06 aspect=6.00002774199 mean_iota=0.41996556123 solver_iterations=2195
evaluation=694 objective=3.76332578946e-06 qs=3.76230205281e-06 aspect=6.00000676274 mean_iota=0.419968726977 solver_iterations=2099
evaluation=695 objective=3.74706567546e-06 qs=3.74608361604e-06 aspect=6.00000794613 mean_iota=0.419969686332 solver_iterations=2098
evaluation=696 objective=3.75446295898e-06 qs=3.75346967444e-06 aspect=6.00000866672 mean_iota=0.419969698638 solver_iterations=2098
evaluation=697 objective=3.75851193148e-06 qs=3.75761180799e-06 aspect=6.00000575197 mean_iota=0.419970554486 solver_iterations=2099
evaluation=698 objective=3.7461822942e-06 qs=3.74483927346e-06 aspect=6.00001354631 mean_iota=0.419965948299 solver_iterations=2100
evaluation=699 objective=3.74712737781e-06 qs=3.74631419111e-06 aspect=6.00000684986 mean_iota=0.419972318488 solver_iterations=2098
evaluation=700 objective=3.7459918182e-06 qs=3.74568890328e-06 aspect=6.00000339197 mean_iota=0.419982929281 solver_iterations=2100
evaluation=701 objective=3.74714980038e-06 qs=3.7461679495e-06 aspect=6.00000796772 mean_iota=0.41996969544 solver_iterations=2098
evaluation=702 objective=3.74704919717e-06 qs=3.7460671297e-06 aspect=6.0000079451 mean_iota=0.419969685929 solver_iterations=2098
accepted mode=3 iteration=13 objective=3.74704919717e-06
   13    689    1.873524599e-06      0.00174383320.0002667945087
evaluation=703 objective=3.78642085121e-06 qs=3.78595757375e-06 aspect=6.00000338937 mean_iota=0.419978744657 solver_iterations=2131
evaluation=704 objective=3.82371914539e-06 qs=3.82308042266e-06 aspect=6.00000116627 mean_iota=0.41997475396 solver_iterations=2145
evaluation=705 objective=3.75505638028e-06 qs=3.75439766205e-06 aspect=6.00000119767 mean_iota=0.419974362453 solver_iterations=2100
evaluation=706 objective=3.75478011231e-06 qs=3.75393446155e-06 aspect=6.00000293807 mean_iota=0.419971068728 solver_iterations=2099
evaluation=707 objective=3.75446548451e-06 qs=3.75353296359e-06 aspect=6.00000569728 mean_iota=0.419969998968 solver_iterations=2099
evaluation=708 objective=3.75448230677e-06 qs=3.75351759354e-06 aspect=6.00000728259 mean_iota=0.419969806008 solver_iterations=2098
evaluation=709 objective=3.75450233014e-06 qs=3.75352709018e-06 aspect=6.00000777755 mean_iota=0.419969755172 solver_iterations=2098
evaluation=710 objective=3.75451317046e-06 qs=3.7535350867e-06 aspect=6.00000790374 mean_iota=0.419969740876 solver_iterations=2098
evaluation=711 objective=3.75451789489e-06 qs=3.75353910091e-06 aspect=6.00000793483 mean_iota=0.419969737276 solver_iterations=2098
evaluation=712 objective=3.75451930622e-06 qs=3.75354033567e-06 aspect=6.00000794254 mean_iota=0.41996973638 solver_iterations=2098
evaluation=713 objective=3.75451967842e-06 qs=3.75354066372e-06 aspect=6.00000794446 mean_iota=0.419969736156 solver_iterations=2098
evaluation=714 objective=3.75451976924e-06 qs=3.75354074359e-06 aspect=6.00000794494 mean_iota=0.419969736101 solver_iterations=2098
evaluation=715 objective=3.75451979157e-06 qs=3.75354076317e-06 aspect=6.00000794506 mean_iota=0.419969736087 solver_iterations=2098
evaluation=716 objective=3.75451979893e-06 qs=3.7535407698e-06 aspect=6.00000794509 mean_iota=0.419969736083 solver_iterations=2098
evaluation=717 objective=3.75451979674e-06 qs=3.75354076749e-06 aspect=6.0000079451 mean_iota=0.419969736083 solver_iterations=2098
evaluation=718 objective=3.75451980053e-06 qs=3.75354077122e-06 aspect=6.0000079451 mean_iota=0.419969736082 solver_iterations=2098
evaluation=719 objective=3.75451979921e-06 qs=3.75354076991e-06 aspect=6.0000079451 mean_iota=0.419969736082 solver_iterations=2098
evaluation=720 objective=3.75451980106e-06 qs=3.75354077173e-06 aspect=6.0000079451 mean_iota=0.419969736082 solver_iterations=2098
evaluation=721 objective=3.7545197987e-06 qs=3.75354076935e-06 aspect=6.0000079451 mean_iota=0.419969736082 solver_iterations=2098
evaluation=722 objective=3.75451979984e-06 qs=3.75354077049e-06 aspect=6.0000079451 mean_iota=0.419969736082 solver_iterations=2098
evaluation=723 objective=3.75451979847e-06 qs=3.75354076911e-06 aspect=6.0000079451 mean_iota=0.419969736081 solver_iterations=2098
finished max_mode=3 status=The step size satisfies xtol. objective=3.74704919717e-06 evaluations=709 iterations=13
beginning max_mode=4 variables=80
evaluation=1 objective=3.75451924051e-06 qs=3.75354021092e-06 aspect=6.0000079451 mean_iota=0.419969736078 solver_iterations=2098
evaluation=2 objective=7.6853973961e-06 qs=7.67521978618e-06 aspect=5.99999363597 mean_iota=0.419899316788 solver_iterations=2098
evaluation=3 objective=4.01293759659e-06 qs=4.01189030259e-06 aspect=6.00000712646 mean_iota=0.419968432493 solver_iterations=2099
evaluation=4 objective=3.76098424123e-06 qs=3.76000562341e-06 aspect=6.00000795291 mean_iota=0.419969744934 solver_iterations=2098
evaluation=5 objective=3.75434074955e-06 qs=3.75336171082e-06 aspect=6.00000794507 mean_iota=0.419969735919 solver_iterations=2098
evaluation=6 objective=3.75491470409e-06 qs=3.7539356374e-06 aspect=6.0000079461 mean_iota=0.419969735727 solver_iterations=2098
evaluation=7 objective=3.76603041945e-06 qs=3.76505248338e-06 aspect=6.0000078471 mean_iota=0.419969728576 solver_iterations=2098
evaluation=8 objective=8.55381043378e-06 qs=8.55272225121e-06 aspect=6.00001152792 mean_iota=0.41996909224 solver_iterations=2098
evaluation=9 objective=3.87808403459e-05 qs=3.87805253496e-05 aspect=6.00001554684 mean_iota=0.419991438927 solver_iterations=2099
evaluation=10 objective=0.000235019008921 qs=0.000124215970357 aspect=5.98947975636 mean_iota=0.419642911297 solver_iterations=2110
evaluation=11 objective=0.000234605945624 qs=0.00023200322855 aspect=6.00124842714 mean_iota=0.421021834988 solver_iterations=2107
evaluation=12 objective=2.91356693464e-05 qs=2.91351958134e-05 aspect=6.00000486927 mean_iota=0.419978790964 solver_iterations=2100
evaluation=13 objective=3.84726168629e-06 qs=3.84629521823e-06 aspect=6.00000743788 mean_iota=0.419969814805 solver_iterations=2098
evaluation=14 objective=3.7546461594e-06 qs=3.75366695727e-06 aspect=6.00000794783 mean_iota=0.419969733945 solver_iterations=2098
evaluation=15 objective=3.75295099733e-06 qs=3.75197194202e-06 aspect=6.00000794725 mean_iota=0.419969736218 solver_iterations=2098
evaluation=16 objective=3.76096997253e-06 qs=3.75999235141e-06 aspect=6.00000787437 mean_iota=0.419969740863 solver_iterations=2098
evaluation=17 objective=3.75500882664e-06 qs=3.75402670695e-06 aspect=6.00000815642 mean_iota=0.419969741242 solver_iterations=2098
evaluation=18 objective=3.75778483802e-06 qs=3.75684497674e-06 aspect=6.00000027532 mean_iota=0.419969344079 solver_iterations=2099
evaluation=19 objective=3.79357485358e-06 qs=3.79003447386e-06 aspect=6.0000590431 mean_iota=0.419992631723 solver_iterations=2105
evaluation=20 objective=3.99942674495e-06 qs=3.96806291513e-06 aspect=6.00013441681 mean_iota=0.419884691932 solver_iterations=2104
evaluation=21 objective=3.78727024321e-06 qs=3.78588059736e-06 aspect=6.00001012765 mean_iota=0.419964124152 solver_iterations=2098
evaluation=22 objective=3.78912603715e-06 qs=3.78817407053e-06 aspect=6.0000092652 mean_iota=0.419970570037 solver_iterations=2099
evaluation=23 objective=3.75441442444e-06 qs=3.75343559701e-06 aspect=6.00000793411 mean_iota=0.419969736536 solver_iterations=2098
evaluation=24 objective=3.7562285794e-06 qs=3.75524954997e-06 aspect=6.00000794535 mean_iota=0.419969736146 solver_iterations=2098
evaluation=25 objective=3.7546117321e-06 qs=3.75363266562e-06 aspect=6.00000794836 mean_iota=0.419969736325 solver_iterations=2098
evaluation=26 objective=3.7580158559e-06 qs=3.7570290377e-06 aspect=6.0000085318 mean_iota=0.419969767127 solver_iterations=2099
evaluation=27 objective=3.75509448702e-06 qs=3.75415524824e-06 aspect=6.0000067633 mean_iota=0.419970108587 solver_iterations=2098
evaluation=28 objective=3.7543169941e-06 qs=3.75331246132e-06 aspect=6.00000828004 mean_iota=0.419969406313 solver_iterations=2098
evaluation=29 objective=3.75507336589e-06 qs=3.75475170481e-06 aspect=6.00000589518 mean_iota=0.419983061643 solver_iterations=2098
evaluation=30 objective=3.75441788534e-06 qs=3.75309761735e-06 aspect=6.0000072902 mean_iota=0.419964403358 solver_iterations=2099
evaluation=31 objective=3.7554399128e-06 qs=3.75446547116e-06 aspect=6.00000765557 mean_iota=0.419969737252 solver_iterations=2098
evaluation=32 objective=3.75370719355e-06 qs=3.75272804811e-06 aspect=6.00000795326 mean_iota=0.419969736307 solver_iterations=2098
evaluation=33 objective=3.75202178218e-06 qs=3.7510428057e-06 aspect=6.00000794482 mean_iota=0.419969736881 solver_iterations=2098
evaluation=34 objective=3.75487778559e-06 qs=3.75389869651e-06 aspect=6.00000794665 mean_iota=0.419969735503 solver_iterations=2098
evaluation=35 objective=3.75400084081e-06 qs=3.7530219876e-06 aspect=6.00000793789 mean_iota=0.419969737101 solver_iterations=2098
evaluation=36 objective=3.75446601031e-06 qs=3.75348695536e-06 aspect=6.00000794896 mean_iota=0.419969736673 solver_iterations=2098
evaluation=37 objective=3.75451806792e-06 qs=3.75354280217e-06 aspect=6.00000796393 mean_iota=0.419969803285 solver_iterations=2098
evaluation=38 objective=3.75462854842e-06 qs=3.75364449696e-06 aspect=6.00000794169 mean_iota=0.41996965233 solver_iterations=2098
evaluation=39 objective=3.75435296045e-06 qs=3.7533753272e-06 aspect=6.00000794912 mean_iota=0.419969760211 solver_iterations=2098
evaluation=40 objective=3.75479813412e-06 qs=3.7538220827e-06 aspect=6.00000795282 mean_iota=0.419969787352 solver_iterations=2098
evaluation=41 objective=3.75345337688e-06 qs=3.75247320122e-06 aspect=6.00000794278 mean_iota=0.41996971654 solver_iterations=2098
evaluation=42 objective=5.03177585455e-06 qs=5.03167456437e-06 aspect=6.0000079451 mean_iota=0.420006177829 solver_iterations=2098
evaluation=43 objective=3.87813557358e-06 qs=3.87724782686e-06 aspect=6.0000079451 mean_iota=0.419971283766 solver_iterations=2098
evaluation=44 objective=3.75552082686e-06 qs=3.75454157311e-06 aspect=6.0000079451 mean_iota=0.419969732374 solver_iterations=2098
evaluation=45 objective=3.75241794754e-06 qs=3.75143892573e-06 aspect=6.0000079451 mean_iota=0.419969736206 solver_iterations=2098
evaluation=46 objective=3.753201871e-06 qs=3.75222281937e-06 aspect=6.00000794572 mean_iota=0.419969735878 solver_iterations=2098
evaluation=47 objective=3.7800729214e-06 qs=3.77909588411e-06 aspect=6.00000773414 mean_iota=0.419969714355 solver_iterations=2098
evaluation=48 objective=7.03873678126e-06 qs=7.0376946826e-06 aspect=6.00000604302 mean_iota=0.419968289109 solver_iterations=2098
evaluation=49 objective=3.77520111087e-05 qs=3.77014350628e-05 aspect=6.0002211183 mean_iota=0.419958978761 solver_iterations=2099
evaluation=50 objective=0.000255578558831 qs=8.28498255002e-05 aspect=5.98695255039 mean_iota=0.418421142167 solver_iterations=2062
evaluation=51 objective=6.5930509943e-05 qs=5.03119510728e-05 aspect=5.9961167445 mean_iota=0.419265911749 solver_iterations=2105
evaluation=52 objective=1.48984126941e-05 qs=1.4896027965e-05 aspect=6.00003992476 mean_iota=0.41997187986 solver_iterations=2100
evaluation=53 objective=3.95544791538e-06 qs=3.95444561607e-06 aspect=6.00000948024 mean_iota=0.419969793636 solver_iterations=2099
evaluation=54 objective=3.75470983997e-06 qs=3.75373101754e-06 aspect=6.0000079432 mean_iota=0.419969739001 solver_iterations=2098
evaluation=55 objective=3.75409332789e-06 qs=3.75311428859e-06 aspect=6.00000794765 mean_iota=0.419969736587 solver_iterations=2098
evaluation=56 objective=3.75781125306e-06 qs=3.75683300943e-06 aspect=6.00000792079 mean_iota=0.419969742691 solver_iterations=2098
evaluation=57 objective=3.75757252364e-06 qs=3.75658488481e-06 aspect=6.00000846534 mean_iota=0.419969734891 solver_iterations=2098
evaluation=58 objective=3.76365191855e-06 qs=3.76268323875e-06 aspect=6.00000240339 mean_iota=0.419968969314 solver_iterations=2099
evaluation=59 objective=4.02250681488e-06 qs=4.02147339423e-06 aspect=5.99997353037 mean_iota=0.419981757762 solver_iterations=2180
evaluation=60 objective=3.75711926829e-06 qs=3.75401960572e-06 aspect=6.00004617301 mean_iota=0.419968891875 solver_iterations=2099
evaluation=61 objective=3.8444810992e-06 qs=3.84252799548e-06 aspect=6.00002774199 mean_iota=0.419965598171 solver_iterations=2102
evaluation=62 objective=3.77070565479e-06 qs=3.76968514087e-06 aspect=6.00000676274 mean_iota=0.419968778545 solver_iterations=2099
evaluation=63 objective=3.75631381866e-06 qs=3.75533478502e-06 aspect=6.0000079559 mean_iota=0.419969738849 solver_iterations=2098
evaluation=64 objective=3.7585807842e-06 qs=3.75760176233e-06 aspect=6.00000794517 mean_iota=0.419969736225 solver_iterations=2098
evaluation=65 objective=3.75452798441e-06 qs=3.75354896379e-06 aspect=6.00000794613 mean_iota=0.419969736496 solver_iterations=2098
evaluation=66 objective=3.76182765294e-06 qs=3.76083738738e-06 aspect=6.00000866672 mean_iota=0.419969748495 solver_iterations=2098
evaluation=67 objective=3.76230977738e-06 qs=3.76141244714e-06 aspect=6.00000575197 mean_iota=0.419970601955 solver_iterations=2099
evaluation=68 objective=3.74829876241e-06 qs=3.74695711453e-06 aspect=6.00001354631 mean_iota=0.419965968464 solver_iterations=2098
evaluation=69 objective=3.75463149909e-06 qs=3.75382110697e-06 aspect=6.00000684986 mean_iota=0.419972369011 solver_iterations=2098
evaluation=70 objective=3.74812810559e-06 qs=3.74782586316e-06 aspect=6.00000339197 mean_iota=0.419982948989 solver_iterations=2098
evaluation=71 objective=3.754648594e-06 qs=3.75366980478e-06 aspect=6.00000796772 mean_iota=0.419969745997 solver_iterations=2098
evaluation=72 objective=3.75514980738e-06 qs=3.75417020898e-06 aspect=6.00000793604 mean_iota=0.419969724306 solver_iterations=2098
evaluation=73 objective=3.75172720108e-06 qs=3.75074817759e-06 aspect=6.00000794478 mean_iota=0.419969736095 solver_iterations=2098
evaluation=74 objective=3.75263916089e-06 qs=3.75166003753e-06 aspect=6.00000794656 mean_iota=0.419969734911 solver_iterations=2098
evaluation=75 objective=3.75490693146e-06 qs=3.75392794694e-06 aspect=6.00000793978 mean_iota=0.419969735428 solver_iterations=2098
evaluation=76 objective=3.75468465838e-06 qs=3.75370498711e-06 aspect=6.00000794367 mean_iota=0.419969725104 solver_iterations=2098
evaluation=77 objective=3.75438877048e-06 qs=3.75341253075e-06 aspect=6.00000795624 mean_iota=0.419969785135 solver_iterations=2098
evaluation=78 objective=3.75457506044e-06 qs=3.7535963489e-06 aspect=6.000007931 mean_iota=0.419969737635 solver_iterations=2098
evaluation=79 objective=3.75436415403e-06 qs=3.75337333033e-06 aspect=6.00000797486 mean_iota=0.419969549624 solver_iterations=2098
evaluation=80 objective=3.75523667709e-06 qs=3.75425603595e-06 aspect=6.00000794571 mean_iota=0.419969709624 solver_iterations=2098
evaluation=81 objective=3.75460030581e-06 qs=3.75362268604e-06 aspect=6.00000794806 mean_iota=0.419969760157 solver_iterations=2098
 iter   nfev              cost        optimality       radius
    0     81     1.87725962e-06     0.01985062757 0.3755445943
evaluation=82 objective=0.000110400433522 qs=0.000104264134666 aspect=5.99754562414 mean_iota=0.419664831422 solver_iterations=2147
evaluation=83 objective=2.00169681274e-06 qs=1.99836776372e-06 aspect=5.9999429351 mean_iota=0.420008523304 solver_iterations=2225
evaluation=84 objective=5.19074067317e-06 qs=5.18171123846e-06 aspect=5.99992839579 mean_iota=0.419937531838 solver_iterations=2225
evaluation=85 objective=2.48038420099e-06 qs=2.47698540478e-06 aspect=5.9999421533 mean_iota=0.420007249482 solver_iterations=2225
evaluation=86 objective=2.02081226008e-06 qs=2.01748340311e-06 aspect=5.99994293727 mean_iota=0.420008526541 solver_iterations=2225
evaluation=87 objective=1.99981065446e-06 qs=1.99648160082e-06 aspect=5.99994293504 mean_iota=0.420008523168 solver_iterations=2225
evaluation=88 objective=1.97943289704e-06 qs=1.97610397929e-06 aspect=5.99994293623 mean_iota=0.420008523154 solver_iterations=2225
evaluation=89 objective=2.04782358201e-06 qs=2.04446605506e-06 aspect=5.9999426847 mean_iota=0.420008513715 solver_iterations=2225
evaluation=90 objective=7.6788787862e-06 qs=7.67587716697e-06 aspect=5.99994580968 mean_iota=0.420008063996 solver_iterations=2224
evaluation=91 objective=3.64761956554e-05 qs=3.647308509e-05 aspect=5.99995399275 mean_iota=0.420031526159 solver_iterations=2363
evaluation=92 objective=0.000235700162109 qs=0.000123759224291 aspect=5.98942453336 mean_iota=0.419683072243 solver_iterations=2170
evaluation=93 objective=0.00023334180478 qs=0.000230830963454 aspect=6.00117404402 mean_iota=0.42106417196 solver_iterations=2260
evaluation=94 objective=3.0223787948e-05 qs=3.0219487722e-05 aspect=5.99993646425 mean_iota=0.420016230677 solver_iterations=2222
evaluation=95 objective=1.9506101178e-06 qs=1.9471950774e-06 aspect=5.99994220268 mean_iota=0.420008631929 solver_iterations=2225
evaluation=96 objective=1.97915033078e-06 qs=1.97582163098e-06 aspect=5.99994293796 mean_iota=0.420008521925 solver_iterations=2225
evaluation=97 objective=1.99869441233e-06 qs=1.99536558531e-06 aspect=5.9999429371 mean_iota=0.420008523648 solver_iterations=2225
evaluation=98 objective=2.01159843169e-06 qs=2.00826484648e-06 aspect=5.99994289522 mean_iota=0.420008522277 solver_iterations=2225
evaluation=99 objective=2.0821331948e-06 qs=2.07890799666e-06 aspect=5.99994385399 mean_iota=0.42000853371 solver_iterations=2225
evaluation=100 objective=2.00674390043e-06 qs=2.00262412843e-06 aspect=5.99993635486 mean_iota=0.420008310751 solver_iterations=2225
evaluation=101 objective=1.92930199604e-06 qs=1.92826473798e-06 aspect=5.99999328779 mean_iota=0.420031499274 solver_iterations=2219
evaluation=102 objective=2.37249679695e-06 qs=2.36172623873e-06 aspect=6.00007160578 mean_iota=0.419924878962 solver_iterations=2236
evaluation=103 objective=2.0379656002e-06 qs=2.0350764861e-06 aspect=5.99994635069 mean_iota=0.420003296376 solver_iterations=2224
evaluation=104 objective=1.99597434421e-06 qs=1.99277637712e-06 aspect=5.99994422676 mean_iota=0.420009344133 solver_iterations=2226
evaluation=105 objective=1.98323763534e-06 qs=1.97990342826e-06 aspect=5.99994289008 mean_iota=0.420008524338 solver_iterations=2225
evaluation=106 objective=2.0017436357e-06 qs=1.99841457668e-06 aspect=5.99994293503 mean_iota=0.420008523409 solver_iterations=2225
evaluation=107 objective=2.00274948172e-06 qs=1.99941899387e-06 aspect=5.99994292283 mean_iota=0.420008525539 solver_iterations=2225
evaluation=108 objective=1.99122464617e-06 qs=1.98792197958e-06 aspect=5.9999431712 mean_iota=0.42000855301 solver_iterations=2225
evaluation=109 objective=1.99549715587e-06 qs=1.99195348093e-06 aspect=5.99994115977 mean_iota=0.420009027839 solver_iterations=2225
evaluation=110 objective=2.00096096382e-06 qs=1.99770998148e-06 aspect=5.99994353997 mean_iota=0.420007952822 solver_iterations=2225
evaluation=111 objective=2.00478836784e-06 qs=2.00098245126e-06 aspect=5.99994149471 mean_iota=0.420019571614 solver_iterations=2224
evaluation=112 objective=2.00351499505e-06 qs=2.00017930438e-06 aspect=5.99994251909 mean_iota=0.420005624546 solver_iterations=2225
evaluation=113 objective=1.99133950403e-06 qs=1.98797984961e-06 aspect=5.99994267092 mean_iota=0.420008545818 solver_iterations=2225
evaluation=114 objective=1.99789340489e-06 qs=1.99456719594e-06 aspect=5.99994296098 mean_iota=0.420008529917 solver_iterations=2225
evaluation=115 objective=2.0018936615e-06 qs=1.9985645637e-06 aspect=5.99994293475 mean_iota=0.420008523767 solver_iterations=2225
evaluation=116 objective=2.00159131636e-06 qs=1.99826243021e-06 aspect=5.99994293654 mean_iota=0.420008523391 solver_iterations=2225
evaluation=117 objective=2.00193587068e-06 qs=1.99860660445e-06 aspect=5.99994293367 mean_iota=0.420008526413 solver_iterations=2225
evaluation=118 objective=2.003772274e-06 qs=2.00046124252e-06 aspect=5.99994309532 mean_iota=0.420008537498 solver_iterations=2225
evaluation=119 objective=2.00235088768e-06 qs=1.99901854531e-06 aspect=5.99994298398 mean_iota=0.420009028643 solver_iterations=2225
evaluation=120 objective=2.00154737482e-06 qs=1.99822059949e-06 aspect=5.99994292294 mean_iota=0.420008305719 solver_iterations=2225
evaluation=121 objective=2.00188764214e-06 qs=1.99855909213e-06 aspect=5.9999429496 mean_iota=0.420008590792 solver_iterations=2225
evaluation=122 objective=2.00175325331e-06 qs=1.99842489796e-06 aspect=5.999942948 mean_iota=0.420008568793 solver_iterations=2225
evaluation=123 objective=2.00154774594e-06 qs=1.99821872331e-06 aspect=5.99994293302 mean_iota=0.420008507763 solver_iterations=2225
evaluation=124 objective=2.69096179457e-06 qs=2.68564463378e-06 aspect=5.9999429351 mean_iota=0.420045395578 solver_iterations=2225
evaluation=125 objective=2.23832210476e-06 qs=2.23496017804e-06 aspect=5.9999429351 mean_iota=0.420010272508 solver_iterations=2225
evaluation=126 objective=2.02048698928e-06 qs=2.01715797912e-06 aspect=5.9999429351 mean_iota=0.420008521024 solver_iterations=2225
evaluation=127 objective=2.00885359152e-06 qs=2.00552453933e-06 aspect=5.9999429351 mean_iota=0.42000852349 solver_iterations=2225
evaluation=128 objective=1.97897311076e-06 qs=1.97564427377e-06 aspect=5.99994293693 mean_iota=0.420008523086 solver_iterations=2225
evaluation=129 objective=1.66800229361e-06 qs=1.66465425115e-06 aspect=5.99994276458 mean_iota=0.420008494097 solver_iterations=2225
evaluation=130 objective=5.8084995289e-06 qs=5.80508845912e-06 aspect=5.99994205272 mean_iota=0.420007292603 solver_iterations=2223
evaluation=131 objective=4.00381391074e-05 qs=4.00110585679e-05 aspect=6.00016456025 mean_iota=0.420000680954 solver_iterations=2361
evaluation=132 objective=0.000254637170942 qs=8.09205257812e-05 aspect=5.98690919628 mean_iota=0.418467843661 solver_iterations=2178
evaluation=133 objective=6.32807192851e-05 qs=4.72824649878e-05 aspect=5.9960608172 mean_iota=0.419306391174 solver_iterations=2370
evaluation=134 objective=1.57997126563e-05 qs=1.57989474719e-05 aspect=5.99997471416 mean_iota=0.420011216531 solver_iterations=2222
evaluation=135 objective=2.24086091277e-06 qs=2.23769310681e-06 aspect=5.99994436416 mean_iota=0.420008512272 solver_iterations=2225
evaluation=136 objective=1.97789859892e-06 qs=1.97456918068e-06 aspect=5.99994293212 mean_iota=0.420008524953 solver_iterations=2225
evaluation=137 objective=1.99818717563e-06 qs=1.99485837521e-06 aspect=5.99994293732 mean_iota=0.420008523577 solver_iterations=2225
evaluation=138 objective=2.01999845848e-06 qs=2.01666626492e-06 aspect=5.99994290745 mean_iota=0.4200085226 solver_iterations=2225
evaluation=139 objective=2.08755814847e-06 qs=2.08428992943e-06 aspect=5.99994346262 mean_iota=0.420008470142 solver_iterations=2225
evaluation=140 objective=1.99552950408e-06 qs=1.99157695147e-06 aspect=5.99993760767 mean_iota=0.420007729788 solver_iterations=2226
evaluation=141 objective=2.12251558971e-06 qs=2.11376197136e-06 aspect=5.99990872311 mean_iota=0.420020546229 solver_iterations=2220
evaluation=142 objective=1.99993997304e-06 qs=1.99963626386e-06 aspect=5.99998435199 mean_iota=0.420007671314 solver_iterations=2226
evaluation=143 objective=2.1504122401e-06 qs=2.14922330314e-06 aspect=5.99996574712 mean_iota=0.420003959423 solver_iterations=2221
evaluation=144 objective=1.94304533575e-06 qs=1.93958484525e-06 aspect=5.99994161869 mean_iota=0.420007218936 solver_iterations=2226
evaluation=145 objective=1.99602825652e-06 qs=1.99270350758e-06 aspect=5.99994297324 mean_iota=0.420008526317 solver_iterations=2225
evaluation=146 objective=2.00055317414e-06 qs=1.99722416616e-06 aspect=5.99994293546 mean_iota=0.420008523266 solver_iterations=2225
evaluation=147 objective=1.99855077389e-06 qs=1.99521979061e-06 aspect=5.99994291825 mean_iota=0.420008523918 solver_iterations=2225
evaluation=148 objective=1.97510846435e-06 qs=1.9718194327e-06 aspect=5.9999432872 mean_iota=0.420008525833 solver_iterations=2225
evaluation=149 objective=1.96587396756e-06 qs=1.96222211424e-06 aspect=5.99994029042 mean_iota=0.420009306945 solver_iterations=2226
evaluation=150 objective=2.0014961096e-06 qs=1.99878542455e-06 aspect=5.99994812735 mean_iota=0.420004462458 solver_iterations=2225
evaluation=151 objective=2.00398375117e-06 qs=2.00026505534e-06 aspect=5.99994069894 mean_iota=0.420014215477 solver_iterations=2225
evaluation=152 objective=2.00687301062e-06 qs=2.00258108696e-06 aspect=5.99993855807 mean_iota=0.42002273352 solver_iterations=2224
evaluation=153 objective=1.99997168936e-06 qs=1.9966486088e-06 aspect=5.99994298929 mean_iota=0.420008535806 solver_iterations=2225
evaluation=154 objective=1.9992873217e-06 qs=1.99595711729e-06 aspect=5.99994292267 mean_iota=0.420008507803 solver_iterations=2225
evaluation=155 objective=1.99986135452e-06 qs=1.99653228041e-06 aspect=5.99994293486 mean_iota=0.420008523137 solver_iterations=2225
evaluation=156 objective=2.00151821855e-06 qs=1.99818932259e-06 aspect=5.99994293645 mean_iota=0.420008523321 solver_iterations=2225
evaluation=157 objective=2.00205329136e-06 qs=1.99872425589e-06 aspect=5.99994293551 mean_iota=0.420008525255 solver_iterations=2225
evaluation=158 objective=2.00715283202e-06 qs=2.00384301558e-06 aspect=5.99994309529 mean_iota=0.420008465834 solver_iterations=2225
evaluation=159 objective=2.00355208131e-06 qs=2.00024827023e-06 aspect=5.99994325604 mean_iota=0.420009161579 solver_iterations=2225
evaluation=160 objective=2.0015781677e-06 qs=1.99824680721e-06 aspect=5.9999429145 mean_iota=0.420008520941 solver_iterations=2225
evaluation=161 objective=2.00174317799e-06 qs=1.99842076181e-06 aspect=5.99994296154 mean_iota=0.42000830845 solver_iterations=2225
evaluation=162 objective=2.00213442856e-06 qs=1.99880661288e-06 aspect=5.99994293279 mean_iota=0.420008435032 solver_iterations=2225
evaluation=163 objective=2.00196063764e-06 qs=1.99863150895e-06 aspect=5.99994293788 mean_iota=0.420008546519 solver_iterations=2225
evaluation=164 objective=2.00169681274e-06 qs=1.99836776372e-06 aspect=5.9999429351 mean_iota=0.420008523304 solver_iterations=2225
accepted mode=4 iteration=1 objective=2.00169681274e-06
    1    163    1.000848406e-06      0.11990089150.002442815097
evaluation=165 objective=9.29221768394e-07 qs=9.23172553854e-07 aspect=5.9999223478 mean_iota=0.419995601159 solver_iterations=2216
evaluation=166 objective=3.60308617025e-06 qs=3.58888629132e-06 aspect=5.999907799 mean_iota=0.419924509248 solver_iterations=2216
evaluation=167 objective=1.32192261018e-06 qs=1.31573786188e-06 aspect=5.99992156008 mean_iota=0.419994349552 solver_iterations=2217
evaluation=168 objective=9.36503356868e-07 qs=9.30454486172e-07 aspect=5.99992234986 mean_iota=0.419995603867 solver_iterations=2216
evaluation=169 objective=9.28476455715e-07 qs=9.22427231322e-07 aspect=5.99992234774 mean_iota=0.419995601067 solver_iterations=2216
evaluation=170 objective=9.24816194625e-07 qs=9.1876718942e-07 aspect=5.99992234915 mean_iota=0.419995601076 solver_iterations=2216
evaluation=171 objective=9.25815610837e-07 qs=9.19716141537e-07 aspect=5.99992202245 mean_iota=0.419995644439 solver_iterations=2217
evaluation=172 objective=6.97034929654e-06 qs=6.96469960403e-06 aspect=5.99992499056 mean_iota=0.419995175464 solver_iterations=2220
evaluation=173 objective=3.09419619788e-05 qs=3.09379114823e-05 aspect=5.99993813192 mean_iota=0.420014927725 solver_iterations=2190
evaluation=174 objective=0.000245939953616 qs=0.000133130209799 aspect=5.98938414122 mean_iota=0.419663419821 solver_iterations=2220
evaluation=175 objective=0.000222165910119 qs=0.00021969249108 aspect=6.0011707463 mean_iota=0.421050129587 solver_iterations=2201
evaluation=176 objective=3.12207887298e-05 qs=3.1212822356e-05 aspect=5.99991080914 mean_iota=0.420003371043 solver_iterations=2215
evaluation=177 objective=9.03594941625e-07 qs=8.97394439851e-07 aspect=5.99992137247 mean_iota=0.419995732333 solver_iterations=2217
evaluation=178 objective=9.257184432e-07 qs=9.19669747421e-07 aspect=5.99992235121 mean_iota=0.419995599919 solver_iterations=2216
evaluation=179 objective=9.28071966247e-07 qs=9.22023048092e-07 aspect=5.99992234971 mean_iota=0.419995600988 solver_iterations=2216
evaluation=180 objective=9.29584357987e-07 qs=9.23531114479e-07 aspect=5.99992232185 mean_iota=0.41999560127 solver_iterations=2216
evaluation=181 objective=9.88147909925e-07 qs=9.82247472285e-07 aspect=5.99992331171 mean_iota=0.419995601841 solver_iterations=2216
evaluation=182 objective=9.18378978155e-07 qs=9.11232752431e-07 aspect=5.99991558165 mean_iota=0.41999555393 solver_iterations=2219
evaluation=183 objective=8.32600896864e-07 qs=8.31585177541e-07 aspect=5.9999730631 mean_iota=0.420017032985 solver_iterations=2216
evaluation=184 objective=1.27554331896e-06 qs=1.26554201448e-06 aspect=6.00004409191 mean_iota=0.419910238048 solver_iterations=2181
evaluation=185 objective=9.6270903019e-07 qs=9.57187821543e-07 aspect=5.99992629431 mean_iota=0.419990582992 solver_iterations=2213
evaluation=186 objective=1.00182376689e-06 qs=9.96018497485e-07 aspect=5.99992388187 mean_iota=0.419996638459 solver_iterations=2219
evaluation=187 objective=9.22957074946e-07 qs=9.16900321978e-07 aspect=5.99992229938 mean_iota=0.419995599328 solver_iterations=2216
evaluation=188 objective=9.28873041384e-07 qs=9.22823795841e-07 aspect=5.99992234757 mean_iota=0.419995601576 solver_iterations=2216
evaluation=189 objective=9.30404941143e-07 qs=9.24353424152e-07 aspect=5.99992233291 mean_iota=0.419995602176 solver_iterations=2216
evaluation=190 objective=9.28229682513e-07 qs=9.22183748357e-07 aspect=5.99992236866 mean_iota=0.419995605776 solver_iterations=2216
evaluation=191 objective=9.26450463707e-07 qs=9.20295049098e-07 aspect=5.99992165055 mean_iota=0.419995903885 solver_iterations=2217
evaluation=192 objective=9.30052777552e-07 qs=9.24048991112e-07 aspect=5.99992266319 mean_iota=0.419995224652 solver_iterations=2216
evaluation=193 objective=9.27967243086e-07 qs=9.21814955902e-07 aspect=5.99992163225 mean_iota=0.420003283814 solver_iterations=2216
evaluation=194 objective=9.31841771006e-07 qs=9.25706923187e-07 aspect=5.99992194252 mean_iota=0.419993528677 solver_iterations=2217
evaluation=195 objective=9.20581524299e-07 qs=9.1445968128e-07 aspect=5.99992187807 mean_iota=0.419995663341 solver_iterations=2216
evaluation=196 objective=9.29673300196e-07 qs=9.23627845564e-07 aspect=5.99992237128 mean_iota=0.419995614129 solver_iterations=2216
evaluation=197 objective=9.27960723584e-07 qs=9.21911762861e-07 aspect=5.99992234748 mean_iota=0.419995635797 solver_iterations=2217
evaluation=198 objective=9.29625419917e-07 qs=9.23576291601e-07 aspect=5.99992234837 mean_iota=0.419995600751 solver_iterations=2216
evaluation=199 objective=9.28978646889e-07 qs=9.22929960589e-07 aspect=5.99992235108 mean_iota=0.41999560329 solver_iterations=2216
evaluation=200 objective=9.31958101288e-07 qs=9.25939447174e-07 aspect=5.99992254178 mean_iota=0.419995655159 solver_iterations=2217
evaluation=201 objective=9.29272959399e-07 qs=9.23234257874e-07 aspect=5.99992239988 mean_iota=0.41999588629 solver_iterations=2216
evaluation=202 objective=9.2891454225e-07 qs=9.22853984733e-07 aspect=5.9999223027 mean_iota=0.419995133075 solver_iterations=2217
evaluation=203 objective=9.29840521177e-07 qs=9.23801794495e-07 aspect=5.99992240296 mean_iota=0.41999582555 solver_iterations=2216
evaluation=204 objective=9.28926280427e-07 qs=9.22883000102e-07 aspect=5.99992237874 mean_iota=0.419995731447 solver_iterations=2217
evaluation=205 objective=9.29417560324e-07 qs=9.23367868087e-07 aspect=5.99992234559 mean_iota=0.419995585884 solver_iterations=2216
evaluation=206 objective=1.52493848423e-06 qs=1.51780453017e-06 aspect=5.9999223478 mean_iota=0.42003322784 solver_iterations=2216
evaluation=207 objective=1.16209120585e-06 qs=1.1560546135e-06 aspect=5.9999223478 mean_iota=0.419997406236 solver_iterations=2216
evaluation=208 objective=9.32520482488e-07 qs=9.26471254728e-07 aspect=5.9999223478 mean_iota=0.419995599656 solver_iterations=2216
evaluation=209 objective=9.31522379881e-07 qs=9.2547316694e-07 aspect=5.9999223478 mean_iota=0.41999560134 solver_iterations=2216
evaluation=210 objective=9.25400110998e-07 qs=9.19351420653e-07 aspect=5.9999223512 mean_iota=0.419995600726 solver_iterations=2216
evaluation=211 objective=8.12649221833e-07 qs=8.0658229311e-07 aspect=5.99992223248 mean_iota=0.419995624922 solver_iterations=2217
evaluation=212 objective=5.30457219437e-06 qs=5.29847517781e-06 aspect=5.99992211037 mean_iota=0.419994502468 solver_iterations=2216
evaluation=213 objective=3.81885467125e-05 qs=3.81682462376e-05 aspect=6.00014197342 mean_iota=0.419987999022 solver_iterations=2227
evaluation=214 objective=0.000249704873756 qs=7.46164053926e-05 aspect=5.98685833514 mean_iota=0.418455618858 solver_iterations=2131
evaluation=215 objective=5.80732395949e-05 qs=4.17786340211e-05 aspect=5.99602636574 mean_iota=0.419289481661 solver_iterations=2192
evaluation=216 objective=1.59246855691e-05 qs=1.59227725035e-05 aspect=5.99995627042 mean_iota=0.419999111572 solver_iterations=2215
evaluation=217 objective=1.19006472082e-06 qs=1.18421467175e-06 aspect=5.99992363847 mean_iota=0.41999564508 solver_iterations=2217
evaluation=218 objective=9.21525804355e-07 qs=9.15476014877e-07 aspect=5.99992234406 mean_iota=0.419995601743 solver_iterations=2216
evaluation=219 objective=9.28226382258e-07 qs=9.22177432758e-07 aspect=5.99992234951 mean_iota=0.41999560105 solver_iterations=2216
evaluation=220 objective=9.32445317421e-07 qs=9.26389674764e-07 aspect=5.99992230454 mean_iota=0.41999563435 solver_iterations=2217
evaluation=221 objective=9.85562037319e-07 qs=9.79586145887e-07 aspect=5.99992282485 mean_iota=0.419995540482 solver_iterations=2216
evaluation=222 objective=8.90130720782e-07 qs=8.83397359967e-07 aspect=5.99991808583 mean_iota=0.419995159593 solver_iterations=2219
evaluation=223 objective=1.28632278663e-06 qs=1.27422044263e-06 aspect=5.99989027814 mean_iota=0.42000796608 solver_iterations=2210
evaluation=224 objective=9.11644805742e-07 qs=9.09903683469e-07 aspect=5.99995858308 mean_iota=0.419994924439 solver_iterations=2219
evaluation=225 objective=1.25968807376e-06 qs=1.25671549819e-06 aspect=5.99994626997 mean_iota=0.419990744752 solver_iterations=2209
evaluation=226 objective=8.66218423228e-07 qs=8.59998271296e-07 aspect=5.99992133018 mean_iota=0.419994413323 solver_iterations=2219
evaluation=227 objective=9.34825657726e-07 qs=9.28784447378e-07 aspect=5.99992239912 mean_iota=0.419995605169 solver_iterations=2216
evaluation=228 objective=9.31031113484e-07 qs=9.24981927583e-07 aspect=5.99992234796 mean_iota=0.419995601535 solver_iterations=2216
evaluation=229 objective=9.2812293631e-07 qs=9.22071037388e-07 aspect=5.99992233054 mean_iota=0.419995600685 solver_iterations=2216
evaluation=230 objective=9.28009731243e-07 qs=9.21965532995e-07 aspect=5.99992238039 mean_iota=0.41999559612 solver_iterations=2216
evaluation=231 objective=9.18076482295e-07 qs=9.11883979626e-07 aspect=5.99992140844 mean_iota=0.419996016364 solver_iterations=2219
evaluation=232 objective=9.35205271979e-07 qs=9.30115824875e-07 aspect=5.99992930696 mean_iota=0.419990411434 solver_iterations=2213
evaluation=233 objective=9.32104186706e-07 qs=9.25360868091e-07 aspect=5.99991820655 mean_iota=0.420007290415 solver_iterations=2219
evaluation=234 objective=9.31519769777e-07 qs=9.24351939091e-07 aspect=5.99991668266 mean_iota=0.420015035009 solver_iterations=2218
evaluation=235 objective=9.29521467232e-07 qs=9.23472045631e-07 aspect=5.99992234025 mean_iota=0.419995712162 solver_iterations=2219
evaluation=236 objective=9.27985037881e-07 qs=9.2193193817e-07 aspect=5.99992232402 mean_iota=0.419995579412 solver_iterations=2216
evaluation=237 objective=9.28186959397e-07 qs=9.22137723488e-07 aspect=5.99992234765 mean_iota=0.419995601363 solver_iterations=2216
evaluation=238 objective=9.28604506508e-07 qs=9.2255540943e-07 aspect=5.99992234855 mean_iota=0.419995601285 solver_iterations=2216
evaluation=239 objective=9.29458450218e-07 qs=9.23409897205e-07 aspect=5.99992235197 mean_iota=0.419995602736 solver_iterations=2216
evaluation=240 objective=9.30912338547e-07 qs=9.24898325016e-07 aspect=5.99992257528 mean_iota=0.419995592557 solver_iterations=2217
evaluation=241 objective=9.30318656999e-07 qs=9.24301170035e-07 aspect=5.99992252933 mean_iota=0.419996027281 solver_iterations=2216
evaluation=242 objective=9.29170724815e-07 qs=9.23120315463e-07 aspect=5.99992234029 mean_iota=0.419995597905 solver_iterations=2216
evaluation=243 objective=9.29373520075e-07 qs=9.2332562975e-07 aspect=5.99992238963 mean_iota=0.419995048078 solver_iterations=2216
evaluation=244 objective=9.29148617455e-07 qs=9.23099445214e-07 aspect=5.99992235 mean_iota=0.41999556713 solver_iterations=2216
evaluation=245 objective=9.29497704539e-07 qs=9.23449359426e-07 aspect=5.99992235228 mean_iota=0.419995620931 solver_iterations=2216
evaluation=246 objective=9.29221768394e-07 qs=9.23172553854e-07 aspect=5.9999223478 mean_iota=0.419995601159 solver_iterations=2216
accepted mode=4 iteration=2 objective=9.29221768394e-07
    2    244    4.646108842e-07     0.039393033170.002442815097
evaluation=247 objective=6.16877609923e-07 qs=6.16470377042e-07 aspect=5.99999997373 mean_iota=0.419979820005 solver_iterations=2316
evaluation=248 objective=4.27900784822e-06 qs=4.27036503882e-06 aspect=5.99998561941 mean_iota=0.419908152256 solver_iterations=2316
evaluation=249 objective=9.74645432175e-07 qs=9.74184604995e-07 aspect=5.99999918708 mean_iota=0.419978548512 solver_iterations=2316
evaluation=250 objective=6.18121158604e-07 qs=6.17714001047e-07 aspect=5.99999997517 mean_iota=0.41997982187 solver_iterations=2316
evaluation=251 objective=6.17479758184e-07 qs=6.17072523829e-07 aspect=5.99999997368 mean_iota=0.419979819969 solver_iterations=2316
evaluation=252 objective=6.15267491624e-07 qs=6.14860258239e-07 aspect=5.99999997516 mean_iota=0.419979819991 solver_iterations=2316
evaluation=253 objective=7.03002650906e-07 qs=7.02596081262e-07 aspect=5.9999996417 mean_iota=0.419979839611 solver_iterations=2316
evaluation=254 objective=4.86537910129e-06 qs=4.86492207467e-06 aspect=6.00000315388 mean_iota=0.419978855741 solver_iterations=2293
evaluation=255 objective=3.63081780884e-05 qs=3.63078672671e-05 aspect=6.00001761161 mean_iota=0.419999192311 solver_iterations=2238
evaluation=256 objective=0.000232053719363 qs=0.00012113422173 aspect=5.98947451945 mean_iota=0.419634272065 solver_iterations=2278
evaluation=257 objective=0.000232280240348 qs=0.000229710053495 aspect=6.00122903627 mean_iota=0.421029396285 solver_iterations=2264
evaluation=258 objective=2.55958181771e-05 qs=2.55953959134e-05 aspect=5.99998511902 mean_iota=0.419985828896 solver_iterations=2291
evaluation=259 objective=9.04293481173e-07 qs=9.03890220092e-07 aspect=5.99999883026 mean_iota=0.419979952736 solver_iterations=2316
evaluation=260 objective=6.15447032879e-07 qs=6.15039733909e-07 aspect=5.99999997915 mean_iota=0.419979818361 solver_iterations=2316
evaluation=261 objective=6.17028908228e-07 qs=6.16621678248e-07 aspect=5.99999997556 mean_iota=0.419979820075 solver_iterations=2316
evaluation=262 objective=6.17303452387e-07 qs=6.16896193661e-07 aspect=5.99999995797 mean_iota=0.419979819391 solver_iterations=2316
evaluation=263 objective=6.35410502872e-07 qs=6.35003489358e-07 aspect=6.00000081051 mean_iota=0.419979841712 solver_iterations=2316
evaluation=264 objective=6.26389785424e-07 qs=6.25949665936e-07 aspect=5.99999462775 mean_iota=0.419979720493 solver_iterations=2316
evaluation=265 objective=6.15836580758e-07 qs=6.13305024406e-07 aspect=6.00005031327 mean_iota=0.420000362037 solver_iterations=2317
evaluation=266 objective=8.6576295966e-07 qs=8.41341513173e-07 aspect=6.00011713065 mean_iota=0.419896550214 solver_iterations=2320
evaluation=267 objective=6.54788873353e-07 qs=6.54172328136e-07 aspect=6.00000406337 mean_iota=0.419975504403 solver_iterations=2316
evaluation=268 objective=6.59630165462e-07 qs=6.59259461486e-07 aspect=6.00000183018 mean_iota=0.419980833508 solver_iterations=2316
evaluation=269 objective=6.16697760743e-07 qs=6.16290367992e-07 aspect=5.99999993209 mean_iota=0.419979816142 solver_iterations=2316
evaluation=270 objective=6.17235775614e-07 qs=6.16828547394e-07 aspect=5.99999997353 mean_iota=0.419979820121 solver_iterations=2316
evaluation=271 objective=6.15705518077e-07 qs=6.15298354138e-07 aspect=5.99999995593 mean_iota=0.419979821744 solver_iterations=2316
evaluation=272 objective=6.16818300726e-07 qs=6.16411078894e-07 aspect=5.99999997552 mean_iota=0.419979820277 solver_iterations=2316
evaluation=273 objective=6.16497474145e-07 qs=6.16099002988e-07 aspect=5.99999939806 mean_iota=0.419980047335 solver_iterations=2316
evaluation=274 objective=6.16680392479e-07 qs=6.16247537934e-07 aspect=6.00000027084 mean_iota=0.419979196606 solver_iterations=2316
evaluation=275 objective=6.18006925093e-07 qs=6.17943764366e-07 aspect=5.99999892134 mean_iota=0.419992126168 solver_iterations=2316
evaluation=276 objective=6.16969407581e-07 qs=6.16510167201e-07 aspect=5.99999975611 mean_iota=0.419978571493 solver_iterations=2316
evaluation=277 objective=6.15031718893e-07 qs=6.14629949124e-07 aspect=5.99999946402 mean_iota=0.419979962972 solver_iterations=2316
evaluation=278 objective=6.17844869013e-07 qs=6.17438053707e-07 aspect=5.99999999468 mean_iota=0.419979830338 solver_iterations=2316
evaluation=279 objective=6.1692728716e-07 qs=6.16520101328e-07 aspect=5.99999997335 mean_iota=0.419979821171 solver_iterations=2316
evaluation=280 objective=6.17041171722e-07 qs=6.16633941062e-07 aspect=5.9999999743 mean_iota=0.419979820059 solver_iterations=2316
evaluation=281 objective=6.16787482979e-07 qs=6.16380316827e-07 aspect=5.99999997704 mean_iota=0.419979821655 solver_iterations=2316
evaluation=282 objective=6.19186807048e-07 qs=6.1878017839e-07 aspect=6.00000011932 mean_iota=0.419979835318 solver_iterations=2316
evaluation=283 objective=6.16880449986e-07 qs=6.16475569921e-07 aspect=5.99999998054 mean_iota=0.419979878378 solver_iterations=2316
evaluation=284 objective=6.16777503762e-07 qs=6.1634726329e-07 aspect=5.99999992592 mean_iota=0.419979257893 solver_iterations=2316
evaluation=285 objective=6.17212651106e-07 qs=6.16815889605e-07 aspect=6.00000002236 mean_iota=0.41998008114 solver_iterations=2316
evaluation=286 objective=6.16868393163e-07 qs=6.1646341689e-07 aspect=5.99999999494 mean_iota=0.419979875978 solver_iterations=2316
evaluation=287 objective=6.16991654562e-07 qs=6.16583871407e-07 aspect=5.99999997193 mean_iota=0.419979806378 solver_iterations=2316
evaluation=288 objective=1.71409705986e-06 qs=1.71374915855e-06 aspect=5.99999997373 mean_iota=0.420018652094 solver_iterations=2316
evaluation=289 objective=8.22149124284e-07 qs=8.21812801166e-07 aspect=5.99999997373 mean_iota=0.419981660904 solver_iterations=2316
evaluation=290 objective=6.19297883931e-07 qs=6.18890590817e-07 aspect=5.99999997373 mean_iota=0.419979818513 solver_iterations=2316
evaluation=291 objective=6.17137799631e-07 qs=6.16730573534e-07 aspect=5.99999997373 mean_iota=0.419979820173 solver_iterations=2316
evaluation=292 objective=6.13757522937e-07 qs=6.13350283328e-07 aspect=5.99999997757 mean_iota=0.419979819834 solver_iterations=2316
evaluation=293 objective=6.01831336089e-07 qs=6.01424087015e-07 aspect=5.99999988385 mean_iota=0.419979819921 solver_iterations=2316
evaluation=294 objective=4.10960957326e-06 qs=4.10916130456e-06 aspect=6.00000097073 mean_iota=0.419978849908 solver_iterations=2314
evaluation=295 objective=3.64667443222e-05 qs=3.64167250172e-05 aspect=6.00022186734 mean_iota=0.419971818642 solver_iterations=2232
evaluation=296 objective=0.000252439736813 qs=8.03234564821e-05 aspect=5.98697102191 mean_iota=0.4184631167 solver_iterations=2318
evaluation=297 objective=6.26317948371e-05 qs=4.72696384138e-05 aspect=5.99614769136 mean_iota=0.419277591142 solver_iterations=2249
evaluation=298 objective=1.46278717469e-05 qs=1.46265919302e-05 aspect=6.00003177464 mean_iota=0.41998356258 solver_iterations=2293
evaluation=299 objective=8.35056716224e-07 qs=8.34646229594e-07 aspect=6.00000109176 mean_iota=0.419979768967 solver_iterations=2316
evaluation=300 objective=6.1317183498e-07 qs=6.12764616646e-07 aspect=5.99999996932 mean_iota=0.419979820372 solver_iterations=2316
evaluation=301 objective=6.16627838215e-07 qs=6.16220608794e-07 aspect=5.99999997517 mean_iota=0.419979820089 solver_iterations=2316
evaluation=302 objective=6.20360777713e-07 qs=6.19953487055e-07 aspect=5.99999993183 mean_iota=0.419979818672 solver_iterations=2316
evaluation=303 objective=6.36658383978e-07 qs=6.36249473452e-07 aspect=6.00000037985 mean_iota=0.419979782032 solver_iterations=2316
evaluation=304 objective=6.18857953238e-07 qs=6.18401022341e-07 aspect=5.99999494644 mean_iota=0.419979230012 solver_iterations=2316
evaluation=305 objective=7.30301667817e-07 qs=7.29549392166e-07 aspect=5.99997356308 mean_iota=0.419992694885 solver_iterations=2317
evaluation=306 objective=6.19544651258e-07 qs=6.18238559168e-07 aspect=6.00002955968 mean_iota=0.41997920776 solver_iterations=2316
evaluation=307 objective=7.51548033168e-07 qs=7.50241877764e-07 aspect=6.00002655988 mean_iota=0.419975490241 solver_iterations=2314
evaluation=308 objective=6.09337215176e-07 qs=6.08876784711e-07 aspect=5.99999943176 mean_iota=0.419978549882 solver_iterations=2316
evaluation=309 objective=6.2042255865e-07 qs=6.2001568662e-07 aspect=6.00000004569 mean_iota=0.419979828983 solver_iterations=2316
evaluation=310 objective=6.1750144492e-07 qs=6.17094211238e-07 aspect=5.99999997399 mean_iota=0.419979819985 solver_iterations=2316
evaluation=311 objective=6.16908414984e-07 qs=6.16501161243e-07 aspect=5.99999995254 mean_iota=0.419979819527 solver_iterations=2316
evaluation=312 objective=6.16493266951e-07 qs=6.16085950693e-07 aspect=5.99999997827 mean_iota=0.419979817934 solver_iterations=2316
evaluation=313 objective=6.15754624384e-07 qs=6.15354475764e-07 aspect=5.99999929018 mean_iota=0.419980008883 solver_iterations=2316
evaluation=314 objective=6.19617068069e-07 qs=6.18869432529e-07 aspect=6.00000729877 mean_iota=0.419973649223 solver_iterations=2316
evaluation=315 objective=6.17539178113e-07 qs=6.1745161553e-07 aspect=5.99999501226 mean_iota=0.419992082611 solver_iterations=2316
evaluation=316 objective=6.1790144873e-07 qs=6.17868407075e-07 aspect=5.99999494028 mean_iota=0.419997272207 solver_iterations=2314
evaluation=317 objective=6.16117673031e-07 qs=6.15710571915e-07 aspect=5.99999995132 mean_iota=0.419979823312 solver_iterations=2316
evaluation=318 objective=6.18011163782e-07 qs=6.17603432387e-07 aspect=5.99999994052 mean_iota=0.419979807728 solver_iterations=2316
evaluation=319 objective=6.16680366229e-07 qs=6.16273124346e-07 aspect=5.99999997354 mean_iota=0.419979819782 solver_iterations=2316
evaluation=320 objective=6.16736690695e-07 qs=6.16329477575e-07 aspect=5.99999997449 mean_iota=0.419979820494 solver_iterations=2316
evaluation=321 objective=6.17175994681e-07 qs=6.16768817128e-07 aspect=5.99999997884 mean_iota=0.41997982137 solver_iterations=2316
evaluation=322 objective=6.17575723191e-07 qs=6.17166937066e-07 aspect=6.00000017128 mean_iota=0.419979782266 solver_iterations=2316
evaluation=323 objective=6.1742175756e-07 qs=6.17038885228e-07 aspect=6.00000014315 mean_iota=0.4199804334 solver_iterations=2316
evaluation=324 objective=6.16851381332e-07 qs=6.16443844453e-07 aspect=5.99999997001 mean_iota=0.41997981248 solver_iterations=2316
evaluation=325 objective=6.17034642076e-07 qs=6.16600152527e-07 aspect=6.00000002161 mean_iota=0.419979155598 solver_iterations=2316
evaluation=326 objective=6.16872287609e-07 qs=6.16462404902e-07 aspect=5.99999997359 mean_iota=0.419979754457 solver_iterations=2316
evaluation=327 objective=6.16996003145e-07 qs=6.16589402197e-07 aspect=5.9999999789 mean_iota=0.419979835663 solver_iterations=2316
evaluation=328 objective=6.16877609923e-07 qs=6.16470377042e-07 aspect=5.99999997373 mean_iota=0.419979820005 solver_iterations=2316
accepted mode=4 iteration=3 objective=6.16877609923e-07
    3    325     3.08438805e-07     0.019444422340.002442815097
evaluation=329 objective=9.33103275526e-07 qs=8.5049488201e-07 aspect=5.99971293589 mean_iota=0.419985766601 solver_iterations=2295
evaluation=330 objective=5.29278301203e-07 qs=5.28663697429e-07 aspect=5.99997920095 mean_iota=0.419986509134 solver_iterations=2216
evaluation=331 objective=4.39486242539e-06 qs=4.38640124754e-06 aspect=5.99996483957 mean_iota=0.419915000458 solver_iterations=2215
evaluation=332 objective=8.15873488419e-07 qs=8.15188277991e-07 aspect=5.99997839968 mean_iota=0.419985213634 solver_iterations=2216
evaluation=333 objective=5.29849959404e-07 qs=5.2923550206e-07 aspect=5.99997920288 mean_iota=0.419986511591 solver_iterations=2216
evaluation=334 objective=5.29523865694e-07 qs=5.28909257717e-07 aspect=5.99997920091 mean_iota=0.41998650905 solver_iterations=2216
evaluation=335 objective=5.29304649808e-07 qs=5.28690105553e-07 aspect=5.9999792024 mean_iota=0.419986509116 solver_iterations=2216
evaluation=336 objective=7.43188695925e-07 qs=7.4256070068e-07 aspect=5.99997886642 mean_iota=0.419986532745 solver_iterations=2216
evaluation=337 objective=4.18639189968e-06 qs=4.1858775356e-06 aspect=5.9999824636 mean_iota=0.419985618109 solver_iterations=2212
evaluation=338 objective=3.6453991474e-05 qs=3.64538930383e-05 aspect=5.9999973597 mean_iota=0.420009563712 solver_iterations=2247
evaluation=339 objective=0.000233492736501 qs=0.000121980572206 aspect=5.98944603292 mean_iota=0.419645115288 solver_iterations=2303
evaluation=340 objective=0.00023143888309 qs=0.000228890894353 aspect=6.00120995964 mean_iota=0.421041146682 solver_iterations=2322
evaluation=341 objective=2.40505789281e-05 qs=2.40492872724e-05 aspect=5.99996482341 mean_iota=0.419992633661 solver_iterations=2211
evaluation=342 objective=1.07314684334e-06 qs=1.07248656012e-06 aspect=5.99997804699 mean_iota=0.419986645282 solver_iterations=2216
evaluation=343 objective=5.29338485121e-07 qs=5.28724063017e-07 aspect=5.99997920626 mean_iota=0.419986507694 solver_iterations=2216
evaluation=344 objective=5.29397160431e-07 qs=5.28782633612e-07 aspect=5.99997920279 mean_iota=0.419986509162 solver_iterations=2216
evaluation=345 objective=5.3018478222e-07 qs=5.29569261144e-07 aspect=5.99997917881 mean_iota=0.419986509295 solver_iterations=2216
evaluation=346 objective=5.33799475783e-07 qs=5.33216569295e-07 aspect=5.99997996849 mean_iota=0.419986522417 solver_iterations=2215
evaluation=347 objective=5.33087137103e-07 qs=5.32187949706e-07 aspect=5.99997327065 mean_iota=0.419986408494 solver_iterations=2216
evaluation=348 objective=5.87270559916e-07 qs=5.86241467775e-07 aspect=6.00003148741 mean_iota=0.420006134762 solver_iterations=2209
evaluation=349 objective=7.28222414894e-07 qs=7.10177271312e-07 aspect=6.00009351597 mean_iota=0.419903563975 solver_iterations=2220
evaluation=350 objective=5.52583099709e-07 qs=5.51985322036e-07 aspect=5.99998338081 mean_iota=0.419982067344 solver_iterations=2215
evaluation=351 objective=6.05308087178e-07 qs=6.04794685992e-07 aspect=5.99998107858 mean_iota=0.419987534804 solver_iterations=2216
evaluation=352 objective=5.31105583887e-07 qs=5.3048915232e-07 aspect=5.99997915982 mean_iota=0.41998650488 solver_iterations=2216
evaluation=353 objective=5.29069137479e-07 qs=5.28454531962e-07 aspect=5.99997920083 mean_iota=0.419986509263 solver_iterations=2216
evaluation=354 objective=5.30041531994e-07 qs=5.29426256226e-07 aspect=5.99997918391 mean_iota=0.41998651052 solver_iterations=2216
evaluation=355 objective=5.29222700094e-07 qs=5.2860815781e-07 aspect=5.99997920221 mean_iota=0.419986509476 solver_iterations=2216
evaluation=356 objective=5.29516047619e-07 qs=5.28882818955e-07 aspect=5.99997861315 mean_iota=0.419986739857 solver_iterations=2216
evaluation=357 objective=5.29311701562e-07 qs=5.28692752479e-07 aspect=5.99997945054 mean_iota=0.419985976132 solver_iterations=2215
evaluation=358 objective=5.29547551045e-07 qs=5.29066802221e-07 aspect=5.9999780849 mean_iota=0.41999930905 solver_iterations=2215
evaluation=359 objective=5.29232754817e-07 qs=5.2859564588e-07 aspect=5.99997909321 mean_iota=0.419985857336 solver_iterations=2216
evaluation=360 objective=5.31539369309e-07 qs=5.30909767021e-07 aspect=5.99997877417 mean_iota=0.41998661843 solver_iterations=2215
evaluation=361 objective=5.28929852962e-07 qs=5.28316727267e-07 aspect=5.99997922767 mean_iota=0.419986522757 solver_iterations=2216
evaluation=362 objective=5.29365076357e-07 qs=5.28750507053e-07 aspect=5.99997920056 mean_iota=0.419986511023 solver_iterations=2216
evaluation=363 objective=5.29248770481e-07 qs=5.28634164012e-07 aspect=5.99997920108 mean_iota=0.419986508836 solver_iterations=2216
evaluation=364 objective=5.29353820229e-07 qs=5.28739354244e-07 aspect=5.99997920336 mean_iota=0.419986510536 solver_iterations=2216
evaluation=365 objective=5.28890094774e-07 qs=5.28281841382e-07 aspect=5.99997934231 mean_iota=0.419986527317 solver_iterations=2216
evaluation=366 objective=5.292950151e-07 qs=5.28682226525e-07 aspect=5.99997920776 mean_iota=0.419986566041 solver_iterations=2216
evaluation=367 objective=5.29122613141e-07 qs=5.28489274876e-07 aspect=5.99997916172 mean_iota=0.419985889568 solver_iterations=2216
evaluation=368 objective=5.29132636861e-07 qs=5.28526191118e-07 aspect=5.99997924587 mean_iota=0.419986744366 solver_iterations=2215
evaluation=369 objective=5.29312008847e-07 qs=5.28699306543e-07 aspect=5.99997921769 mean_iota=0.419986553895 solver_iterations=2216
evaluation=370 objective=5.2935861968e-07 qs=5.28743562915e-07 aspect=5.999979199 mean_iota=0.419986495361 solver_iterations=2216
evaluation=371 objective=1.87645232699e-06 qs=1.87538120494e-06 aspect=5.99997920095 mean_iota=0.420025268988 solver_iterations=2216
evaluation=372 objective=7.19819930659e-07 qs=7.19251682159e-07 aspect=5.99997920095 mean_iota=0.41998835319 solver_iterations=2215
evaluation=373 objective=5.29701051536e-07 qs=5.29086404989e-07 aspect=5.99997920095 mean_iota=0.419986507549 solver_iterations=2216
evaluation=374 objective=5.29380204917e-07 qs=5.28765607641e-07 aspect=5.99997920095 mean_iota=0.419986509375 solver_iterations=2216
evaluation=375 objective=5.29350876036e-07 qs=5.28736427792e-07 aspect=5.99997920477 mean_iota=0.419986509012 solver_iterations=2216
evaluation=376 objective=6.1602435499e-07 qs=6.15406405027e-07 aspect=5.99997911802 mean_iota=0.419986513235 solver_iterations=2216
evaluation=377 objective=4.18580671491e-06 qs=4.1852116293e-06 aspect=5.9999804848 mean_iota=0.419985362969 solver_iterations=2212
evaluation=378 objective=3.49110973607e-05 qs=3.48693235346e-05 aspect=6.00020368352 mean_iota=0.419983063385 solver_iterations=2248
evaluation=379 objective=0.000252025324697 qs=7.91954057123e-05 aspect=5.98694299608 mean_iota=0.418468801903 solver_iterations=2192
evaluation=380 objective=6.24101529409e-05 qs=4.68908056119e-05 aspect=5.99612533914 mean_iota=0.41928841688 solver_iterations=2280
evaluation=381 objective=1.33928456343e-05 qs=1.33926487468e-05 aspect=6.000009676 mean_iota=0.419989838184 solver_iterations=2212
evaluation=382 objective=8.55299147579e-07 qs=8.54727384668e-07 aspect=5.99998029492 mean_iota=0.419986454786 solver_iterations=2216
evaluation=383 objective=5.29287276032e-07 qs=5.28672492481e-07 aspect=5.99997919653 mean_iota=0.419986509289 solver_iterations=2216
evaluation=384 objective=5.29204756343e-07 qs=5.285902182e-07 aspect=5.99997920256 mean_iota=0.419986509092 solver_iterations=2216
evaluation=385 objective=5.30961608642e-07 qs=5.30345190856e-07 aspect=5.99997915714 mean_iota=0.419986509524 solver_iterations=2216
evaluation=386 objective=5.3230040598e-07 qs=5.31701511004e-07 aspect=5.99997960641 mean_iota=0.419986472386 solver_iterations=2215
evaluation=387 objective=5.36744122817e-07 qs=5.35897871486e-07 aspect=5.99997451095 mean_iota=0.419985980033 solver_iterations=2216
evaluation=388 objective=6.39092818314e-07 qs=6.37029498815e-07 aspect=5.99995464738 mean_iota=0.420002541439 solver_iterations=2314
evaluation=389 objective=5.29471092792e-07 qs=5.29272671054e-07 aspect=6.00000202915 mean_iota=0.419986060692 solver_iterations=2216
evaluation=390 objective=6.52075852571e-07 qs=6.51720224152e-07 aspect=6.0000056183 mean_iota=0.419981998248 solver_iterations=2210
evaluation=391 objective=5.61463635825e-07 qs=5.60793025615e-07 aspect=5.99997868878 mean_iota=0.419985288028 solver_iterations=2216
evaluation=392 objective=5.30676898534e-07 qs=5.30065685245e-07 aspect=5.99997927602 mean_iota=0.419986519282 solver_iterations=2216
evaluation=393 objective=5.29530900039e-07 qs=5.28916316051e-07 aspect=5.99997920111 mean_iota=0.419986509626 solver_iterations=2216
evaluation=394 objective=5.2953013198e-07 qs=5.28914668141e-07 aspect=5.99997918121 mean_iota=0.419986507713 solver_iterations=2216
evaluation=395 objective=5.29278939143e-07 qs=5.28664434852e-07 aspect=5.99997920525 mean_iota=0.419986506204 solver_iterations=2216
evaluation=396 objective=5.29865477596e-07 qs=5.29228391664e-07 aspect=5.99997855568 mean_iota=0.419986687327 solver_iterations=2216
evaluation=397 objective=5.32126336063e-07 qs=5.31550226772e-07 aspect=5.9999864974 mean_iota=0.419980155883 solver_iterations=2212
evaluation=398 objective=5.29514651705e-07 qs=5.28853596089e-07 aspect=5.99997433692 mean_iota=0.419998430986 solver_iterations=2216
evaluation=399 objective=5.30724439091e-07 qs=5.30062869006e-07 aspect=5.99997447682 mean_iota=0.42000318389 solver_iterations=2212
evaluation=400 objective=5.29423291173e-07 qs=5.28809304771e-07 aspect=5.99997919975 mean_iota=0.419986533892 solver_iterations=2216
evaluation=401 objective=5.29152667742e-07 qs=5.28536361498e-07 aspect=5.99997916914 mean_iota=0.419986495135 solver_iterations=2215
evaluation=402 objective=5.29467314091e-07 qs=5.28852705444e-07 aspect=5.99997920073 mean_iota=0.419986509296 solver_iterations=2216
evaluation=403 objective=5.29402863038e-07 qs=5.28788284664e-07 aspect=5.9999792013 mean_iota=0.419986509548 solver_iterations=2216
evaluation=404 objective=5.29250880948e-07 qs=5.2863644772e-07 aspect=5.99997920455 mean_iota=0.419986509908 solver_iterations=2216
evaluation=405 objective=5.29578976617e-07 qs=5.28971490993e-07 aspect=5.99997939749 mean_iota=0.419986471425 solver_iterations=2216
evaluation=406 objective=5.29501812953e-07 qs=5.28909397384e-07 aspect=5.99997937084 mean_iota=0.419987082821 solver_iterations=2215
evaluation=407 objective=5.29260251543e-07 qs=5.28645364563e-07 aspect=5.99997919881 mean_iota=0.41998650194 solver_iterations=2216
evaluation=408 objective=5.29265191124e-07 qs=5.28633816079e-07 aspect=5.99997925331 mean_iota=0.419985824317 solver_iterations=2215
evaluation=409 objective=5.29310967854e-07 qs=5.28694338885e-07 aspect=5.99997919786 mean_iota=0.419986439036 solver_iterations=2216
evaluation=410 objective=5.29346264727e-07 qs=5.28732240828e-07 aspect=5.99997920542 mean_iota=0.419986523753 solver_iterations=2216
evaluation=411 objective=5.29278301203e-07 qs=5.28663697429e-07 aspect=5.99997920095 mean_iota=0.419986509134 solver_iterations=2216
accepted mode=4 iteration=4 objective=5.29278301203e-07
    4    407    2.646391506e-07    0.0017752620690.0006107037744
evaluation=412 objective=4.6600218919e-07 qs=4.65845072988e-07 aspect=5.99999117584 mean_iota=0.419991097729 solver_iterations=2298
evaluation=413 objective=4.32306307216e-06 qs=4.31605966853e-06 aspect=5.99997679684 mean_iota=0.419919594671 solver_iterations=2298
evaluation=414 objective=7.62583863852e-07 qs=7.62387055029e-07 aspect=5.99999037003 mean_iota=0.419989798409 solver_iterations=2298
evaluation=415 objective=4.65601302899e-07 qs=4.65444255957e-07 aspect=5.99999117757 mean_iota=0.419991099908 solver_iterations=2298
evaluation=416 objective=4.65647876781e-07 qs=4.65490758054e-07 aspect=5.99999117579 mean_iota=0.419991097634 solver_iterations=2298
evaluation=417 objective=4.659586e-07 qs=4.65801508832e-07 aspect=5.99999117726 mean_iota=0.419991097732 solver_iterations=2298
evaluation=418 objective=6.37085180768e-07 qs=6.36922636114e-07 aspect=5.99999085536 mean_iota=0.419991116295 solver_iterations=2298
evaluation=419 objective=4.1350503316e-06 qs=4.13489844023e-06 aspect=5.99999469176 mean_iota=0.419988877324 solver_iterations=2243
evaluation=420 objective=3.62254808954e-05 qs=3.62253176474e-05 aspect=6.0000091058 mean_iota=0.420008962834 solver_iterations=2213
evaluation=421 objective=0.000233673429104 qs=0.000122414500375 aspect=5.98945799858 mean_iota=0.419646256172 solver_iterations=2283
evaluation=422 objective=0.000231113748564 qs=0.000228537434995 aspect=6.00122083017 mean_iota=0.421042059149 solver_iterations=2221
evaluation=423 objective=2.40911719557e-05 qs=2.40905836308e-05 aspect=5.99997614541 mean_iota=0.419995608725 solver_iterations=2238
evaluation=424 objective=9.71532512883e-07 qs=9.71354682185e-07 aspect=5.99998998748 mean_iota=0.419991192041 solver_iterations=2301
evaluation=425 objective=4.66345926294e-07 qs=4.66188872975e-07 aspect=5.99999118075 mean_iota=0.419991096401 solver_iterations=2298
evaluation=426 objective=4.65969363858e-07 qs=4.65812281142e-07 aspect=5.9999911777 mean_iota=0.419991097766 solver_iterations=2298
evaluation=427 objective=4.66064044704e-07 qs=4.65906503946e-07 aspect=5.99999115206 mean_iota=0.419991097492 solver_iterations=2298
evaluation=428 objective=4.72886276908e-07 qs=4.72743236889e-07 aspect=5.99999199331 mean_iota=0.41999111558 solver_iterations=2298
evaluation=429 objective=4.71888205371e-07 qs=4.71556995905e-07 aspect=5.99998420108 mean_iota=0.419990966526 solver_iterations=2298
evaluation=430 objective=5.20137212992e-07 qs=5.18231428022e-07 aspect=6.00004228212 mean_iota=0.420010863118 solver_iterations=2291
evaluation=431 objective=6.76388341348e-07 qs=6.56258988832e-07 aspect=6.00010565753 mean_iota=0.41990531189 solver_iterations=2214
evaluation=432 objective=4.86925702609e-07 qs=4.86725718932e-07 aspect=5.99999541047 mean_iota=0.419986623906 solver_iterations=2298
evaluation=433 objective=5.32785372977e-07 qs=5.32674727813e-07 aspect=5.99999305964 mean_iota=0.419992095788 solver_iterations=2298
evaluation=434 objective=4.66149640525e-07 qs=4.6599177333e-07 aspect=5.99999113772 mean_iota=0.41999109342 solver_iterations=2298
evaluation=435 objective=4.65952368418e-07 qs=4.65795251241e-07 aspect=5.99999117571 mean_iota=0.419991097806 solver_iterations=2298
evaluation=436 objective=4.66249974488e-07 qs=4.66092534989e-07 aspect=5.99999115607 mean_iota=0.419991099189 solver_iterations=2298
evaluation=437 objective=4.65994070181e-07 qs=4.65837014581e-07 aspect=5.99999117898 mean_iota=0.41999109802 solver_iterations=2298
evaluation=438 objective=4.66154277477e-07 qs=4.65989709962e-07 aspect=5.99999054849 mean_iota=0.419991326103 solver_iterations=2298
evaluation=439 objective=4.65943454597e-07 qs=4.65782434311e-07 aspect=5.99999150526 mean_iota=0.419990573463 solver_iterations=2298
evaluation=440 objective=4.6586568457e-07 qs=4.65767429745e-07 aspect=5.99999026228 mean_iota=0.420001852492 solver_iterations=2298
evaluation=441 objective=4.6593878374e-07 qs=4.65759709387e-07 aspect=5.99999099876 mean_iota=0.419990097882 solver_iterations=2298
evaluation=442 objective=4.66668973507e-07 qs=4.66506093857e-07 aspect=5.99999071951 mean_iota=0.419991239165 solver_iterations=2298
evaluation=443 objective=4.65919985504e-07 qs=4.65763536409e-07 aspect=5.99999120159 mean_iota=0.419991109722 solver_iterations=2298
evaluation=444 objective=4.66062262082e-07 qs=4.65905157989e-07 aspect=5.99999117541 mean_iota=0.419991098838 solver_iterations=2298
evaluation=445 objective=4.65994206018e-07 qs=4.65837092536e-07 aspect=5.99999117613 mean_iota=0.419991097598 solver_iterations=2298
evaluation=446 objective=4.6602489217e-07 qs=4.65867841491e-07 aspect=5.99999117811 mean_iota=0.419991099162 solver_iterations=2298
evaluation=447 objective=4.66102031967e-07 qs=4.65947383737e-07 aspect=5.9999913043 mean_iota=0.419991109943 solver_iterations=2298
evaluation=448 objective=4.66009629069e-07 qs=4.65854303396e-07 aspect=5.99999118847 mean_iota=0.419991186221 solver_iterations=2298
evaluation=449 objective=4.65931132746e-07 qs=4.65761614185e-07 aspect=5.99999113462 mean_iota=0.419990464617 solver_iterations=2298
evaluation=450 objective=4.65916532095e-07 qs=4.65764439188e-07 aspect=5.99999122082 mean_iota=0.419991338655 solver_iterations=2298
evaluation=451 objective=4.66005467437e-07 qs=4.65849969666e-07 aspect=5.99999120026 mean_iota=0.41999116471 solver_iterations=2298
evaluation=452 objective=4.66028456694e-07 qs=4.65871061894e-07 aspect=5.99999117389 mean_iota=0.419991084024 solver_iterations=2298
evaluation=453 objective=1.82856016514e-06 qs=1.82758676737e-06 aspect=5.99999117584 mean_iota=0.420029925441 solver_iterations=2298
evaluation=454 objective=6.76656925121e-07 qs=6.76529184871e-07 aspect=5.99999117584 mean_iota=0.419992937813 solver_iterations=2298
evaluation=455 objective=4.66999251919e-07 qs=4.66842108264e-07 aspect=5.99999117584 mean_iota=0.419991096187 solver_iterations=2298
evaluation=456 objective=4.66721424306e-07 qs=4.6656431194e-07 aspect=5.99999117584 mean_iota=0.419991097944 solver_iterations=2298
evaluation=457 objective=4.66181028568e-07 qs=4.66023971883e-07 aspect=5.99999117931 mean_iota=0.419991097632 solver_iterations=2298
evaluation=458 objective=5.31971209858e-07 qs=5.31812613505e-07 aspect=5.9999910902 mean_iota=0.419991099893 solver_iterations=2298
evaluation=459 objective=3.87351239697e-06 qs=3.87336180872e-06 aspect=5.99999260253 mean_iota=0.419990208901 solver_iterations=2295
evaluation=460 objective=3.48152786071e-05 qs=3.47680192922e-05 aspect=6.00021665071 mean_iota=0.419982061637 solver_iterations=2204
evaluation=461 objective=0.000251263979456 qs=7.87713739943e-05 aspect=5.98695574823 mean_iota=0.418470261032 solver_iterations=2149
evaluation=462 objective=6.1929810494e-05 qs=4.65077213418e-05 aspect=5.99613793431 mean_iota=0.41928828532 solver_iterations=2208
evaluation=463 objective=1.3541319552e-05 qs=1.35407875778e-05 aspect=6.00002200477 mean_iota=0.419993088815 solver_iterations=2239
evaluation=464 objective=7.57731837165e-07 qs=7.57591418488e-07 aspect=5.99999225854 mean_iota=0.419991028459 solver_iterations=2298
evaluation=465 objective=4.65558940211e-07 qs=4.65401748221e-07 aspect=5.99999117132 mean_iota=0.419991097956 solver_iterations=2298
evaluation=466 objective=4.66041155948e-07 qs=4.65884068118e-07 aspect=5.99999117746 mean_iota=0.419991097719 solver_iterations=2298
evaluation=467 objective=4.66589017353e-07 qs=4.66431095797e-07 aspect=5.99999113043 mean_iota=0.419991097622 solver_iterations=2298
evaluation=468 objective=4.70824708672e-07 qs=4.70674172005e-07 aspect=5.99999159385 mean_iota=0.419991062818 solver_iterations=2298
evaluation=469 objective=4.69968322473e-07 qs=4.69732456261e-07 aspect=5.99998781746 mean_iota=0.419990648422 solver_iterations=2301
evaluation=470 objective=6.37208090425e-07 qs=6.36116556365e-07 aspect=5.99996721694 mean_iota=0.420004099431 solver_iterations=2290
evaluation=471 objective=4.65771391386e-07 qs=4.65461828386e-07 aspect=6.00001484914 mean_iota=0.419990562515 solver_iterations=2301
evaluation=472 objective=5.93099333636e-07 qs=5.92637064622e-07 aspect=6.00001710828 mean_iota=0.41998697787 solver_iterations=2297
evaluation=473 objective=4.91678161584e-07 qs=4.91487889631e-07 aspect=5.9999906535 mean_iota=0.419989855305 solver_iterations=2301
evaluation=474 objective=4.66898953016e-07 qs=4.66743332621e-07 aspect=5.99999125098 mean_iota=0.419991107588 solver_iterations=2298
evaluation=475 objective=4.6608532072e-07 qs=4.6592821272e-07 aspect=5.99999117607 mean_iota=0.419991097964 solver_iterations=2298
evaluation=476 objective=4.66664083018e-07 qs=4.66506527381e-07 aspect=5.99999115236 mean_iota=0.419991096352 solver_iterations=2298
evaluation=477 objective=4.66013646341e-07 qs=4.65856586434e-07 aspect=5.99999118121 mean_iota=0.419991095573 solver_iterations=2298
evaluation=478 objective=4.66406603907e-07 qs=4.66237857766e-07 aspect=5.99999041246 mean_iota=0.419991234997 solver_iterations=2301
evaluation=479 objective=4.66854592197e-07 qs=4.66638452395e-07 aspect=5.99999785121 mean_iota=0.419985456187 solver_iterations=2295
evaluation=480 objective=4.65909332577e-07 qs=4.65718778887e-07 aspect=5.99998651232 mean_iota=0.42000293876 solver_iterations=2301
evaluation=481 objective=4.66576162111e-07 qs=4.66298172637e-07 aspect=5.99998608953 mean_iota=0.420009191759 solver_iterations=2295
evaluation=482 objective=4.65837061466e-07 qs=4.656799878e-07 aspect=5.99999116022 mean_iota=0.419991115633 solver_iterations=2298
evaluation=483 objective=4.66050957773e-07 qs=4.65893041649e-07 aspect=5.999991142 mean_iota=0.419991086412 solver_iterations=2298
evaluation=484 objective=4.66161431666e-07 qs=4.66004314127e-07 aspect=5.99999117561 mean_iota=0.419991097886 solver_iterations=2298
evaluation=485 objective=4.66057318621e-07 qs=4.65900214652e-07 aspect=5.99999117631 mean_iota=0.419991097956 solver_iterations=2298
evaluation=486 objective=4.65996441276e-07 qs=4.65839411554e-07 aspect=5.99999117966 mean_iota=0.419991098802 solver_iterations=2298
evaluation=487 objective=4.66225192576e-07 qs=4.66070368034e-07 aspect=5.99999134709 mean_iota=0.419991058424 solver_iterations=2298
evaluation=488 objective=4.66098850521e-07 qs=4.65953597797e-07 aspect=5.99999134939 mean_iota=0.419991608355 solver_iterations=2298
evaluation=489 objective=4.65991952835e-07 qs=4.65834478257e-07 aspect=5.99999117125 mean_iota=0.419991082166 solver_iterations=2298
evaluation=490 objective=4.66015374987e-07 qs=4.65848750593e-07 aspect=5.99999121826 mean_iota=0.419990539271 solver_iterations=2298
evaluation=491 objective=4.65994730989e-07 qs=4.65836615192e-07 aspect=5.99999117598 mean_iota=0.41999104163 solver_iterations=2298
evaluation=492 objective=4.66017482844e-07 qs=4.65860702083e-07 aspect=5.99999118033 mean_iota=0.41999111213 solver_iterations=2298
evaluation=493 objective=4.6600218919e-07 qs=4.65845072988e-07 aspect=5.99999117584 mean_iota=0.419991097729 solver_iterations=2298
accepted mode=4 iteration=5 objective=4.6600218919e-07
    5    488    2.330010946e-07     0.003340698140.0006107037744
evaluation=494 objective=7.77222718141e-07 qs=7.7697773305e-07 aspect=5.9999887547 mean_iota=0.419989112933 solver_iterations=2444
evaluation=495 objective=4.62374438074e-07 qs=4.62351331119e-07 aspect=5.9999988877 mean_iota=0.41999532349 solver_iterations=2301
evaluation=496 objective=4.26547047434e-06 qs=4.25943361057e-06 aspect=5.99998451709 mean_iota=0.419923861026 solver_iterations=2301
evaluation=497 objective=7.57187961046e-07 qs=7.57148512651e-07 aspect=5.99999808208 mean_iota=0.419994019199 solver_iterations=2301
evaluation=498 objective=4.62739296225e-07 qs=4.62716214968e-07 aspect=5.99999888949 mean_iota=0.419995325812 solver_iterations=2301
evaluation=499 objective=4.62535241763e-07 qs=4.62512133897e-07 aspect=5.99999888765 mean_iota=0.419995323404 solver_iterations=2301
evaluation=500 objective=4.6270872453e-07 qs=4.62685620844e-07 aspect=5.99999888912 mean_iota=0.419995323502 solver_iterations=2301
evaluation=501 objective=6.64826338152e-07 qs=6.64802574833e-07 aspect=5.99999856342 mean_iota=0.419995341723 solver_iterations=2301
evaluation=502 objective=4.05819847037e-06 qs=4.05816464096e-06 aspect=6.0000023393 mean_iota=0.419994674865 solver_iterations=2301
evaluation=503 objective=3.62744465193e-05 qs=3.62738980909e-05 aspect=6.000016726 mean_iota=0.420016391141 solver_iterations=2282
evaluation=504 objective=0.000233656176233 qs=0.000122548669925 aspect=5.98946517085 mean_iota=0.419646614804 solver_iterations=2196
evaluation=505 objective=0.000231323003525 qs=0.0002287125716 aspect=6.00122857945 mean_iota=0.421049297121 solver_iterations=2299
evaluation=506 objective=2.41872688179e-05 qs=2.41870008356e-05 aspect=5.99998363375 mean_iota=0.420000358156 solver_iterations=2248
evaluation=507 objective=1.01796474119e-06 qs=1.01793885963e-06 aspect=5.99999768171 mean_iota=0.419995471525 solver_iterations=2301
evaluation=508 objective=4.63105340504e-07 qs=4.63082232219e-07 aspect=5.9999988929 mean_iota=0.419995322114 solver_iterations=2301
evaluation=509 objective=4.62527107069e-07 qs=4.6250400549e-07 aspect=5.99999888955 mean_iota=0.419995323625 solver_iterations=2301
evaluation=510 objective=4.62836015919e-07 qs=4.62812846981e-07 aspect=5.99999886389 mean_iota=0.419995322588 solver_iterations=2301
evaluation=511 objective=4.69868452626e-07 qs=4.69846706739e-07 aspect=5.99999971994 mean_iota=0.419995345169 solver_iterations=2301
evaluation=512 objective=4.65572865853e-07 qs=4.65484499699e-07 aspect=5.99999192498 mean_iota=0.419995187491 solver_iterations=2301
evaluation=513 objective=5.15356974362e-07 qs=5.12632515039e-07 aspect=6.00004996459 mean_iota=0.420015099648 solver_iterations=2300
evaluation=514 objective=6.59304770561e-07 qs=6.38869651942e-07 aspect=6.00011297306 mean_iota=0.419912408867 solver_iterations=2281
evaluation=515 objective=4.84100083198e-07 qs=4.84007617479e-07 aspect=6.00000307483 mean_iota=0.419990888957 solver_iterations=2301
evaluation=516 objective=5.43486977943e-07 qs=5.43472701953e-07 aspect=6.00000077769 mean_iota=0.419996302543 solver_iterations=2301
evaluation=517 objective=4.63279879555e-07 qs=4.63256653908e-07 aspect=5.99999885113 mean_iota=0.419995319642 solver_iterations=2301
evaluation=518 objective=4.62464171136e-07 qs=4.62441063771e-07 aspect=5.99999888758 mean_iota=0.419995323475 solver_iterations=2301
evaluation=519 objective=4.62656390938e-07 qs=4.6263325375e-07 aspect=5.99999886731 mean_iota=0.419995325152 solver_iterations=2301
evaluation=520 objective=4.62382675418e-07 qs=4.62359574887e-07 aspect=5.99999888975 mean_iota=0.419995323689 solver_iterations=2301
evaluation=521 objective=4.6254540244e-07 qs=4.62522504228e-07 aspect=5.99999819509 mean_iota=0.419995568239 solver_iterations=2301
evaluation=522 objective=4.62447601882e-07 qs=4.624197073e-07 aspect=5.99999922806 mean_iota=0.419994775186 solver_iterations=2301
evaluation=523 objective=4.62320629282e-07 qs=4.62280340578e-07 aspect=5.99999799881 mean_iota=0.420006023617 solver_iterations=2301
evaluation=524 objective=4.62409863263e-07 qs=4.62374473962e-07 aspect=5.99999868457 mean_iota=0.419994198367 solver_iterations=2301
evaluation=525 objective=4.63857002197e-07 qs=4.63834039201e-07 aspect=5.9999984142 mean_iota=0.419995478027 solver_iterations=2301
evaluation=526 objective=4.6253187287e-07 qs=4.62508925678e-07 aspect=5.9999989124 mean_iota=0.419995334776 solver_iterations=2301
evaluation=527 objective=4.62432320609e-07 qs=4.62409217341e-07 aspect=5.99999888728 mean_iota=0.419995323985 solver_iterations=2301
evaluation=528 objective=4.62403504508e-07 qs=4.62380400629e-07 aspect=5.99999888788 mean_iota=0.419995323776 solver_iterations=2301
evaluation=529 objective=4.62367780737e-07 qs=4.62344692002e-07 aspect=5.99999889002 mean_iota=0.419995324888 solver_iterations=2301
evaluation=530 objective=4.62484344115e-07 qs=4.62461591519e-07 aspect=5.99999902385 mean_iota=0.419995330981 solver_iterations=2301
evaluation=531 objective=4.62382354342e-07 qs=4.62360051443e-07 aspect=5.99999889915 mean_iota=0.419995407503 solver_iterations=2301
evaluation=532 objective=4.62288867426e-07 qs=4.6225969079e-07 aspect=5.99999884853 mean_iota=0.419994722618 solver_iterations=2301
evaluation=533 objective=4.62317176986e-07 qs=4.6229657266e-07 aspect=5.99999893558 mean_iota=0.419995587366 solver_iterations=2301
evaluation=534 objective=4.62393524098e-07 qs=4.62371147577e-07 aspect=5.99999891433 mean_iota=0.419995395889 solver_iterations=2301
evaluation=535 objective=4.62402436503e-07 qs=4.62379202369e-07 aspect=5.99999888575 mean_iota=0.419995310375 solver_iterations=2301
evaluation=536 objective=1.79879402608e-06 qs=1.79762555556e-06 aspect=5.9999988877 mean_iota=0.420034164796 solver_iterations=2301
evaluation=537 objective=6.59895560778e-07 qs=6.59886317588e-07 aspect=5.9999988877 mean_iota=0.419997170516 solver_iterations=2301
evaluation=538 objective=4.62596363975e-07 qs=4.62573241674e-07 aspect=5.9999988877 mean_iota=0.41999532185 solver_iterations=2301
evaluation=539 objective=4.62664252307e-07 qs=4.62641147489e-07 aspect=5.9999988877 mean_iota=0.419995323719 solver_iterations=2301
evaluation=540 objective=4.62842216472e-07 qs=4.62819117388e-07 aspect=5.9999988913 mean_iota=0.419995323476 solver_iterations=2301
evaluation=541 objective=5.49381149637e-07 qs=5.49357865575e-07 aspect=5.99999881207 mean_iota=0.419995323156 solver_iterations=2301
evaluation=542 objective=4.00679816917e-06 qs=4.00676775705e-06 aspect=6.0000005234 mean_iota=0.419994510175 solver_iterations=2299
evaluation=543 objective=3.49112293779e-05 qs=3.48604577713e-05 aspect=6.00022511574 mean_iota=0.419990278316 solver_iterations=2291
evaluation=544 objective=0.000251075440389 qs=7.87733399145e-05 aspect=5.98696254586 mean_iota=0.418474585268 solver_iterations=2211
evaluation=545 objective=6.18380462475e-05 qs=4.64824914918e-05 aspect=5.99614511668 mean_iota=0.419296132596 solver_iterations=2279
evaluation=546 objective=1.36389525579e-05 qs=1.36380675432e-05 aspect=6.00002973194 mean_iota=0.419998986723 solver_iterations=2301
evaluation=547 objective=7.8942241757e-07 qs=7.89399754183e-07 aspect=5.99999995765 mean_iota=0.419995239581 solver_iterations=2301
evaluation=548 objective=4.62621718199e-07 qs=4.62598602772e-07 aspect=5.99999888313 mean_iota=0.419995323674 solver_iterations=2301
evaluation=549 objective=4.62497090524e-07 qs=4.62473987991e-07 aspect=5.99999888928 mean_iota=0.419995323587 solver_iterations=2301
evaluation=550 objective=4.63593842364e-07 qs=4.63570616383e-07 aspect=5.9999988409 mean_iota=0.419995322129 solver_iterations=2301
evaluation=551 objective=4.66380833141e-07 qs=4.66358184452e-07 aspect=5.99999930942 mean_iota=0.419995291307 solver_iterations=2301
evaluation=552 objective=4.6530907676e-07 qs=4.65264200512e-07 aspect=5.99999561681 mean_iota=0.419994934046 solver_iterations=2301
evaluation=553 objective=6.19481609109e-07 qs=6.18795365076e-07 aspect=5.99997519469 mean_iota=0.42000842264 solver_iterations=2302
evaluation=554 objective=4.63128725412e-07 qs=4.62622089363e-07 aspect=6.00002191109 mean_iota=0.419994848278 solver_iterations=2301
evaluation=555 objective=5.87605195574e-07 qs=5.86913021595e-07 aspect=6.00002483904 mean_iota=0.419991328435 solver_iterations=2302
evaluation=556 objective=4.92865052652e-07 qs=4.92827995818e-07 aspect=5.99999837574 mean_iota=0.419994133263 solver_iterations=2301
evaluation=557 objective=4.63802092062e-07 qs=4.63779247613e-07 aspect=5.9999989631 mean_iota=0.419995334242 solver_iterations=2301
evaluation=558 objective=4.6249265971e-07 qs=4.62469550164e-07 aspect=5.99999888794 mean_iota=0.419995323156 solver_iterations=2301
evaluation=559 objective=4.63200601948e-07 qs=4.63177433892e-07 aspect=5.99999886347 mean_iota=0.419995322784 solver_iterations=2301
evaluation=560 objective=4.62400611359e-07 qs=4.62377495178e-07 aspect=5.99999889177 mean_iota=0.419995321539 solver_iterations=2301
evaluation=561 objective=4.63062177302e-07 qs=4.63038236418e-07 aspect=5.99999807413 mean_iota=0.419995502012 solver_iterations=2301
evaluation=562 objective=4.6408769167e-07 qs=4.63949222997e-07 aspect=6.00000553733 mean_iota=0.419989617004 solver_iterations=2301
evaluation=563 objective=4.62667556612e-07 qs=4.62576328483e-07 aspect=5.99999409321 mean_iota=0.420007505863 solver_iterations=2301
evaluation=564 objective=4.6272746341e-07 qs=4.62494671397e-07 aspect=5.99999363656 mean_iota=0.420013867179 solver_iterations=2301
evaluation=565 objective=4.62554986689e-07 qs=4.6253190329e-07 aspect=5.99999886446 mean_iota=0.419995331601 solver_iterations=2301
evaluation=566 objective=4.62502390889e-07 qs=4.62479135724e-07 aspect=5.99999885293 mean_iota=0.41999531605 solver_iterations=2301
evaluation=567 objective=4.62458678871e-07 qs=4.6243556711e-07 aspect=5.99999888748 mean_iota=0.419995323028 solver_iterations=2301
evaluation=568 objective=4.6237969505e-07 qs=4.6235659369e-07 aspect=5.99999888811 mean_iota=0.419995323991 solver_iterations=2301
evaluation=569 objective=4.62388710506e-07 qs=4.62365624242e-07 aspect=5.99999889169 mean_iota=0.419995324756 solver_iterations=2301
evaluation=570 objective=4.62352868115e-07 qs=4.62329713325e-07 aspect=5.9999990693 mean_iota=0.419995278921 solver_iterations=2301
evaluation=571 objective=4.62513785583e-07 qs=4.62495834043e-07 aspect=5.99999907006 mean_iota=0.419995866386 solver_iterations=2301
evaluation=572 objective=4.62353479312e-07 qs=4.62330172935e-07 aspect=5.99999888127 mean_iota=0.419995303745 solver_iterations=2301
evaluation=573 objective=4.62392836384e-07 qs=4.62364347987e-07 aspect=5.99999892791 mean_iota=0.419994771327 solver_iterations=2301
evaluation=574 objective=4.62363342833e-07 qs=4.62339752504e-07 aspect=5.99999888843 mean_iota=0.419995271919 solver_iterations=2301
evaluation=575 objective=4.6238683149e-07 qs=4.62363870708e-07 aspect=5.99999889231 mean_iota=0.419995338046 solver_iterations=2301
evaluation=576 objective=4.62374438074e-07 qs=4.62351331119e-07 aspect=5.9999988877 mean_iota=0.41999532349 solver_iterations=2301
accepted mode=4 iteration=6 objective=4.62374438074e-07
    6    570     2.31187219e-07   0.00042522510763.81689859e-05
evaluation=577 objective=4.57544450735e-07 qs=4.57544191992e-07 aspect=6.00000049628 mean_iota=0.419999888435 solver_iterations=2302
evaluation=578 objective=4.26559090682e-06 qs=4.26027533476e-06 aspect=5.99998612202 mean_iota=0.419928425049 solver_iterations=2302
evaluation=579 objective=7.532886674e-07 qs=7.53286568991e-07 aspect=5.99999969073 mean_iota=0.419998584812 solver_iterations=2302
evaluation=580 objective=4.57979434003e-07 qs=4.57979173994e-07 aspect=6.00000049808 mean_iota=0.419999890779 solver_iterations=2302
evaluation=581 objective=4.57723767035e-07 qs=4.5772350832e-07 aspect=6.00000049623 mean_iota=0.419999888343 solver_iterations=2302
evaluation=582 objective=4.57797413345e-07 qs=4.57797153202e-07 aspect=6.0000004977 mean_iota=0.419999888479 solver_iterations=2302
evaluation=583 objective=6.60888918408e-07 qs=6.60888880053e-07 aspect=6.00000017127 mean_iota=0.419999905024 solver_iterations=2302
evaluation=584 objective=4.0838222264e-06 qs=4.08378288245e-06 aspect=6.00000394005 mean_iota=0.419995119427 solver_iterations=2197
evaluation=585 objective=3.62872263551e-05 qs=3.62864553852e-05 aspect=6.00001826916 mean_iota=0.420020909515 solver_iterations=2299
evaluation=586 objective=0.000233541741681 qs=0.000122479974947 aspect=5.98946707694 mean_iota=0.419654603914 solver_iterations=2259
evaluation=587 objective=0.000231353759373 qs=0.000228730266544 aspect=6.00122991932 mean_iota=0.421053940839 solver_iterations=2293
evaluation=588 objective=2.42366185952e-05 qs=2.42363952213e-05 aspect=5.99998520086 mean_iota=0.420002087923 solver_iterations=2197
evaluation=589 objective=1.01286863059e-06 qs=1.01286812396e-06 aspect=5.99999928903 mean_iota=0.420000033888 solver_iterations=2302
evaluation=590 objective=4.58132399485e-07 qs=4.5813213537e-07 aspect=6.00000050138 mean_iota=0.419999887139 solver_iterations=2302
evaluation=591 objective=4.57677795879e-07 qs=4.57677535331e-07 aspect=6.00000049813 mean_iota=0.419999888589 solver_iterations=2302
evaluation=592 objective=4.58081622736e-07 qs=4.58081386891e-07 aspect=6.00000047241 mean_iota=0.419999887437 solver_iterations=2302
evaluation=593 objective=4.65150736666e-07 qs=4.65148951482e-07 aspect=6.00000133315 mean_iota=0.419999911177 solver_iterations=2302
evaluation=594 objective=4.60952267096e-07 qs=4.60909925351e-07 aspect=5.9999934978 mean_iota=0.419999748836 solver_iterations=2302
evaluation=595 objective=5.36994786709e-07 qs=5.3409200842e-07 aspect=6.00005152332 mean_iota=0.420015752006 solver_iterations=2196
evaluation=596 objective=6.56504889585e-07 qs=6.36438896371e-07 aspect=6.00011469787 mean_iota=0.419916871233 solver_iterations=2290
evaluation=597 objective=4.79192430024e-07 qs=4.79149902627e-07 aspect=6.00000468967 mean_iota=0.419995468512 solver_iterations=2300
evaluation=598 objective=5.38018555485e-07 qs=5.38012103634e-07 aspect=6.00000238762 mean_iota=0.420000866681 solver_iterations=2302
evaluation=599 objective=4.58473252573e-07 qs=4.5847302774e-07 aspect=6.00000045992 mean_iota=0.41999988463 solver_iterations=2302
evaluation=600 objective=4.57614920771e-07 qs=4.57614662138e-07 aspect=6.00000049617 mean_iota=0.419999888417 solver_iterations=2302
evaluation=601 objective=4.57844361011e-07 qs=4.57844122732e-07 aspect=6.00000047561 mean_iota=0.419999890095 solver_iterations=2302
evaluation=602 objective=4.57549660945e-07 qs=4.5754940016e-07 aspect=6.00000049839 mean_iota=0.419999888659 solver_iterations=2302
evaluation=603 objective=4.57736218079e-07 qs=4.57736161171e-07 aspect=5.99999980258 mean_iota=0.420000133919 solver_iterations=2302
evaluation=604 objective=4.57562217698e-07 qs=4.57561080132e-07 aspect=6.0000008382 mean_iota=0.419999340466 solver_iterations=2302
evaluation=605 objective=4.57659804363e-07 qs=4.57547462833e-07 aspect=5.99999961284 mean_iota=0.420010592056 solver_iterations=2300
evaluation=606 objective=4.5754989291e-07 qs=4.57548180882e-07 aspect=6.00000028319 mean_iota=0.419998722568 solver_iterations=2302
evaluation=607 objective=4.58855235985e-07 qs=4.58855233686e-07 aspect=6.00000001902 mean_iota=0.420000044014 solver_iterations=2302
evaluation=608 objective=4.57701805791e-07 qs=4.57701524754e-07 aspect=6.00000052053 mean_iota=0.419999899583 solver_iterations=2302
evaluation=609 objective=4.57600002393e-07 qs=4.57599744145e-07 aspect=6.00000049586 mean_iota=0.419999888767 solver_iterations=2302
evaluation=610 objective=4.57558505645e-07 qs=4.57558246824e-07 aspect=6.00000049645 mean_iota=0.419999888814 solver_iterations=2302
evaluation=611 objective=4.5754952259e-07 qs=4.57549261762e-07 aspect=6.00000049868 mean_iota=0.419999889797 solver_iterations=2302
evaluation=612 objective=4.57658258695e-07 qs=4.57657851241e-07 aspect=6.00000062974 mean_iota=0.419999895669 solver_iterations=2302
evaluation=613 objective=4.57546165676e-07 qs=4.57545905851e-07 aspect=6.00000050932 mean_iota=0.419999979433 solver_iterations=2302
evaluation=614 objective=4.57538703796e-07 qs=4.57538001538e-07 aspect=6.00000045616 mean_iota=0.419999297021 solver_iterations=2302
evaluation=615 objective=4.57516916425e-07 qs=4.57516591486e-07 aspect=6.00000054662 mean_iota=0.420000161703 solver_iterations=2302
evaluation=616 objective=4.5755225167e-07 qs=4.57551976782e-07 aspect=6.00000052277 mean_iota=0.41999996004 solver_iterations=2302
evaluation=617 objective=4.57552312859e-07 qs=4.57552052957e-07 aspect=6.00000049434 mean_iota=0.419999875371 solver_iterations=2302
evaluation=618 objective=1.79076845075e-06 qs=1.78926902556e-06 aspect=6.00000049628 mean_iota=0.420038719232 solver_iterations=2300
evaluation=619 objective=6.54762929363e-07 qs=6.54759668434e-07 aspect=6.00000049628 mean_iota=0.42000173627 solver_iterations=2302
evaluation=620 objective=4.5780382178e-07 qs=4.57803562666e-07 aspect=6.00000049628 mean_iota=0.419999886786 solver_iterations=2302
evaluation=621 objective=4.57852067687e-07 qs=4.57851808997e-07 aspect=6.00000049628 mean_iota=0.419999888669 solver_iterations=2302
evaluation=622 objective=4.57935432002e-07 qs=4.57935169664e-07 aspect=6.00000049989 mean_iota=0.419999888435 solver_iterations=2302
evaluation=623 objective=5.43299756315e-07 qs=5.43299566425e-07 aspect=6.00000042095 mean_iota=0.419999887359 solver_iterations=2302
evaluation=624 objective=4.03168076862e-06 qs=4.03165068486e-06 aspect=6.000002114 mean_iota=0.419994938897 solver_iterations=2197
evaluation=625 objective=3.49162165414e-05 qs=3.48647679766e-05 aspect=6.00022672621 mean_iota=0.419993382597 solver_iterations=2244
evaluation=626 objective=0.000251012748303 qs=7.87797031918e-05 aspect=5.98696459173 mean_iota=0.418479744641 solver_iterations=2227
evaluation=627 objective=6.18178210472e-05 qs=4.64839175328e-05 aspect=5.99614710031 mean_iota=0.419300666392 solver_iterations=2288
evaluation=628 objective=1.36650244109e-05 qs=1.36640323152e-05 aspect=6.00003149349 mean_iota=0.419999494371 solver_iterations=2197
evaluation=629 objective=7.8402164296e-07 qs=7.84019145535e-07 aspect=6.00000156821 mean_iota=0.419999804705 solver_iterations=2302
evaluation=630 objective=4.5772662378e-07 qs=4.57726369585e-07 aspect=6.00000049172 mean_iota=0.419999888624 solver_iterations=2302
evaluation=631 objective=4.57687410263e-07 qs=4.57687149968e-07 aspect=6.00000049787 mean_iota=0.419999888546 solver_iterations=2302
evaluation=632 objective=4.58894824153e-07 qs=4.58894609453e-07 aspect=6.00000044934 mean_iota=0.419999886911 solver_iterations=2302
evaluation=633 objective=4.61729102627e-07 qs=4.61728237437e-07 aspect=6.00000091907 mean_iota=0.419999856808 solver_iterations=2302
evaluation=634 objective=4.60502670491e-07 qs=4.60494921189e-07 aspect=5.99999726132 mean_iota=0.419999501048 solver_iterations=2302
evaluation=635 objective=6.34096040233e-07 qs=6.33470866089e-07 aspect=5.99997677506 mean_iota=0.420009261544 solver_iterations=2174
evaluation=636 objective=4.58405143686e-07 qs=4.57842575997e-07 aspect=6.00002371115 mean_iota=0.419999409009 solver_iterations=2302
evaluation=637 objective=6.1036828667e-07 qs=6.09604439721e-07 aspect=6.00002640939 mean_iota=0.419991851916 solver_iterations=2197
evaluation=638 objective=4.87930306075e-07 qs=4.87928610476e-07 aspect=5.99999998037 mean_iota=0.419998697996 solver_iterations=2302
evaluation=639 objective=4.58974725285e-07 qs=4.58974388725e-07 aspect=6.00000057132 mean_iota=0.419999899239 solver_iterations=2302
evaluation=640 objective=4.57634344954e-07 qs=4.57634085874e-07 aspect=6.00000049653 mean_iota=0.419999888037 solver_iterations=2302
evaluation=641 objective=4.58293744214e-07 qs=4.58293509113e-07 aspect=6.00000047173 mean_iota=0.419999887882 solver_iterations=2302
evaluation=642 objective=4.57554904466e-07 qs=4.57554641202e-07 aspect=6.00000050039 mean_iota=0.419999886523 solver_iterations=2302
evaluation=643 objective=4.58185059047e-07 qs=4.5818495482e-07 aspect=5.99999968394 mean_iota=0.420000065823 solver_iterations=2302
evaluation=644 objective=4.86532638953e-07 qs=4.8638366055e-07 aspect=6.00000713558 mean_iota=0.41999009738 solver_iterations=2197
evaluation=645 objective=4.57900170264e-07 qs=4.57734670498e-07 aspect=5.99999568131 mean_iota=0.420012118114 solver_iterations=2300
evaluation=646 objective=4.85485170954e-07 qs=4.85251365142e-07 aspect=5.99999518463 mean_iota=0.420014512686 solver_iterations=2197
evaluation=647 objective=4.57713388152e-07 qs=4.57713153971e-07 aspect=6.00000047221 mean_iota=0.419999894178 solver_iterations=2302
evaluation=648 objective=4.57679135145e-07 qs=4.57678908251e-07 aspect=6.0000004613 mean_iota=0.419999881266 solver_iterations=2302
evaluation=649 objective=4.57609931369e-07 qs=4.57609672722e-07 aspect=6.00000049607 mean_iota=0.419999887915 solver_iterations=2302
evaluation=650 objective=4.57566892301e-07 qs=4.57566633274e-07 aspect=6.00000049669 mean_iota=0.419999888976 solver_iterations=2302
evaluation=651 objective=4.57550907225e-07 qs=4.5755064471e-07 aspect=6.00000050035 mean_iota=0.41999988971 solver_iterations=2302
evaluation=652 objective=4.57635638736e-07 qs=4.57635160287e-07 aspect=6.00000067395 mean_iota=0.419999844296 solver_iterations=2302
evaluation=653 objective=4.57607400063e-07 qs=4.57606773562e-07 aspect=6.0000006742 mean_iota=0.420000414678 solver_iterations=2302
evaluation=654 objective=4.57541737712e-07 qs=4.57541480687e-07 aspect=6.00000049012 mean_iota=0.419999870347 solver_iterations=2302
evaluation=655 objective=4.57546035202e-07 qs=4.57545291925e-07 aspect=6.00000053624 mean_iota=0.41999932493 solver_iterations=2302
evaluation=656 objective=4.57546823499e-07 qs=4.57546550116e-07 aspect=6.00000049696 mean_iota=0.419999837466 solver_iterations=2302
evaluation=657 objective=4.57548742208e-07 qs=4.57548481867e-07 aspect=6.00000050097 mean_iota=0.419999903225 solver_iterations=2302
evaluation=658 objective=4.57544450735e-07 qs=4.57544191992e-07 aspect=6.00000049628 mean_iota=0.419999888435 solver_iterations=2302
accepted mode=4 iteration=7 objective=4.57544450735e-07
    7    651    2.287722254e-07    0.0020945735163.81689859e-05
evaluation=659 objective=4.87233416807e-07 qs=4.87073438307e-07 aspect=5.99999987122 mean_iota=0.419987352395 solver_iterations=2197
evaluation=660 objective=4.58141647548e-07 qs=4.58042793151e-07 aspect=6.00000001896 mean_iota=0.419990057463 solver_iterations=2300
evaluation=661 objective=4.57708811595e-07 qs=4.57669453709e-07 aspect=6.00000049866 mean_iota=0.419993746263 solver_iterations=2300
evaluation=662 objective=4.57621226523e-07 qs=4.57618100953e-07 aspect=6.00000049454 mean_iota=0.419998302648 solver_iterations=2302
evaluation=663 objective=4.57591058398e-07 qs=4.57590561473e-07 aspect=6.0000004879 mean_iota=0.419999491196 solver_iterations=2302
evaluation=664 objective=4.57582255947e-07 qs=4.57581970022e-07 aspect=6.00000049161 mean_iota=0.419999789654 solver_iterations=2302
evaluation=665 objective=4.57580109222e-07 qs=4.57579845846e-07 aspect=6.00000049477 mean_iota=0.419999863715 solver_iterations=2302
evaluation=666 objective=4.57579655408e-07 qs=4.57579395614e-07 aspect=6.00000049588 mean_iota=0.419999882105 solver_iterations=2302
evaluation=667 objective=4.57579546091e-07 qs=4.57579287059e-07 aspect=6.00000049618 mean_iota=0.419999886693 solver_iterations=2302
evaluation=668 objective=4.57579524096e-07 qs=4.57579265245e-07 aspect=6.00000049626 mean_iota=0.419999887837 solver_iterations=2302
evaluation=669 objective=4.5757951612e-07 qs=4.57579257314e-07 aspect=6.00000049628 mean_iota=0.419999888124 solver_iterations=2302
evaluation=670 objective=4.5757951579e-07 qs=4.57579256995e-07 aspect=6.00000049628 mean_iota=0.419999888196 solver_iterations=2302
evaluation=671 objective=4.57579515079e-07 qs=4.57579256287e-07 aspect=6.00000049628 mean_iota=0.419999888214 solver_iterations=2302
evaluation=672 objective=4.57579513605e-07 qs=4.57579254814e-07 aspect=6.00000049628 mean_iota=0.419999888218 solver_iterations=2302
evaluation=673 objective=4.57579522086e-07 qs=4.57579263296e-07 aspect=6.00000049628 mean_iota=0.419999888218 solver_iterations=2302
evaluation=674 objective=4.57579510553e-07 qs=4.57579251763e-07 aspect=6.00000049628 mean_iota=0.41999988822 solver_iterations=2302
evaluation=675 objective=4.57579522714e-07 qs=4.57579263923e-07 aspect=6.00000049628 mean_iota=0.419999888218 solver_iterations=2302
evaluation=676 objective=4.57579515901e-07 qs=4.5757925711e-07 aspect=6.00000049628 mean_iota=0.419999888218 solver_iterations=2302
evaluation=677 objective=4.57579515399e-07 qs=4.57579256608e-07 aspect=6.00000049628 mean_iota=0.41999988822 solver_iterations=2302
evaluation=678 objective=4.57579519411e-07 qs=4.5757926062e-07 aspect=6.00000049628 mean_iota=0.419999888219 solver_iterations=2302
finished max_mode=4 status=The step size satisfies xtol. objective=4.57544450735e-07 evaluations=670 iterations=7
