beginning max_mode=1 variables=8 jacobian_method=finite-difference
evaluation=1 objective=10.5719742232 qs=1.57197422316 aspect=5 mean_iota=-0.758775538368 solver_iterations=1021
evaluation=2 objective=10.5716054142 qs=1.5716054142 aspect=5 mean_iota=-0.759431678788 solver_iterations=1021
evaluation=3 objective=10.5719801419 qs=1.57198164188 aspect=5.00000025 mean_iota=-0.758775526834 solver_iterations=1021
evaluation=4 objective=10.5887735623 qs=1.57377856234 aspect=4.99750187344 mean_iota=-0.758604531436 solver_iterations=1029
evaluation=5 objective=10.5719789876 qs=1.57198048759 aspect=5.00000025 mean_iota=-0.758775548373 solver_iterations=1021
evaluation=6 objective=10.573594196 qs=1.57359419603 aspect=5 mean_iota=-0.759423647615 solver_iterations=1021
evaluation=7 objective=10.5719776296 qs=1.57197912964 aspect=5.00000025 mean_iota=-0.758775570389 solver_iterations=1021
evaluation=8 objective=10.5870716148 qs=1.57207661482 aspect=4.99750187344 mean_iota=-0.758586010017 solver_iterations=1192
evaluation=9 objective=10.5719788018 qs=1.57198030177 aspect=5.00000025 mean_iota=-0.758775549142 solver_iterations=1021
 iter   nfev              cost        optimality       radius
    0      9        5.285987112       41.97160624          0.4
evaluation=10 objective=25.9242244841 qs=6.92455782991 aspect=12.358860706 mean_iota=-0.64697270701 solver_iterations=1142
evaluation=11 objective=4.57809983321 qs=0.686327696521 aspect=6.02724250434 mean_iota=-0.820038137017 solver_iterations=1046
evaluation=12 objective=4.57734804567 qs=0.685411346813 aspect=6.02720079611 mean_iota=-0.820712392602 solver_iterations=1049
evaluation=13 objective=4.57809413193 qs=0.686428098695 aspect=6.02726939669 mean_iota=-0.820036170683 solver_iterations=1046
evaluation=14 objective=4.59078822045 qs=0.687281431823 aspect=6.02427056796 mean_iota=-0.81993910951 solver_iterations=1074
evaluation=15 objective=4.57806221192 qs=0.686339762282 aspect=6.02725509768 mean_iota=-0.820038994532 solver_iterations=1046
evaluation=16 objective=4.57871572415 qs=0.686943587463 aspect=6.02724250434 mean_iota=-0.820724409144 solver_iterations=1044
evaluation=17 objective=4.57804565216 qs=0.686316645795 aspect=6.02725343585 mean_iota=-0.820039910769 solver_iterations=1046
evaluation=18 objective=4.59038351213 qs=0.686720916404 aspect=6.02423113808 mean_iota=-0.819861083944 solver_iterations=1068
evaluation=19 objective=4.57806955027 qs=0.686340530697 aspect=6.0272534325 mean_iota=-0.820038491776 solver_iterations=1046
evaluation=20 objective=4.57809983321 qs=0.686327696521 aspect=6.02724250434 mean_iota=-0.820038137017 solver_iterations=1046
accepted mode=1 iteration=1 objective=4.57809983321
    1     19        2.289049917        38.8680499 0.1014403017
evaluation=21 rejected_equilibrium=1 failed_stage=0 fsqr=1 fsqz=1 fsql=1 penalty_objective=98573.98763
evaluation=22 objective=2.23351312813 qs=0.524073933897 aspect=6.69254476397 mean_iota=-0.84980459049 solver_iterations=1097
evaluation=23 objective=2.23313514201 qs=0.5235816276 aspect=6.69250104612 mean_iota=-0.850486601507 solver_iterations=1098
evaluation=24 objective=2.23359076042 qs=0.524250447534 aspect=6.69258257894 mean_iota=-0.849799881975 solver_iterations=1097
evaluation=25 objective=2.24297846492 qs=0.52491734955 aspect=6.68925169641 mean_iota=-0.849737580951 solver_iterations=1091
evaluation=26 objective=2.23350545779 qs=0.524100148244 aspect=6.69255772229 mean_iota=-0.849805476844 solver_iterations=1097
evaluation=27 objective=2.23397753508 qs=0.524538340849 aspect=6.69254476397 mean_iota=-0.850506074402 solver_iterations=1098
evaluation=28 objective=2.23344480408 qs=0.524091684403 aspect=6.69257768121 mean_iota=-0.849810965674 solver_iterations=1098
evaluation=29 objective=2.24259921322 qs=0.524349199047 aspect=6.68917964077 mean_iota=-0.849627786966 solver_iterations=1099
evaluation=30 objective=2.23350953216 qs=0.524100478842 aspect=6.69255629057 mean_iota=-0.849804987735 solver_iterations=1097
evaluation=31 objective=2.23351312813 qs=0.524073933897 aspect=6.69254476397 mean_iota=-0.84980459049 solver_iterations=1097
accepted mode=1 iteration=2 objective=2.23351312813
    2     29        1.116756564       32.309884280.04646878492
evaluation=32 objective=0.383690824288 qs=0.221304862935 aspect=8.40297141506 mean_iota=-0.948052533134 solver_iterations=1094
evaluation=33 objective=0.383530854704 qs=0.221205620411 aspect=8.40289605892 mean_iota=-0.948666314302 solver_iterations=1094
evaluation=34 objective=0.383191906502 qs=0.220785654473 aspect=8.40299659059 mean_iota=-0.948001777988 solver_iterations=1093
evaluation=35 objective=0.379974752078 qs=0.220914803501 aspect=8.39882320466 mean_iota=-0.948054583084 solver_iterations=1088
evaluation=36 objective=0.383642240099 qs=0.221236107103 aspect=8.40299644291 mean_iota=-0.948055532667 solver_iterations=1098
evaluation=37 objective=0.383375678953 qs=0.2209897176 aspect=8.40297141506 mean_iota=-0.94873652047 solver_iterations=1098
evaluation=38 objective=0.383439801645 qs=0.220785763683 aspect=8.40330390274 mean_iota=-0.948145068382 solver_iterations=1093
evaluation=39 objective=0.380759687165 qs=0.221985868355 aspect=8.39846432564 mean_iota=-0.947733732824 solver_iterations=1092
evaluation=40 objective=0.383653115589 qs=0.221248420788 aspect=8.40299465853 mean_iota=-0.948053965355 solver_iterations=1098
evaluation=41 objective=0.383690824288 qs=0.221304862935 aspect=8.40297141506 mean_iota=-0.948052533134 solver_iterations=1094
accepted mode=1 iteration=3 objective=0.383690824288
    3     38       0.1918454121       16.345220520.09293756985
evaluation=42 objective=0.184655512224 qs=0.173662387664 aspect=8.10484810232 mean_iota=-0.834967041371 solver_iterations=1372
evaluation=43 objective=0.184706785502 qs=0.173719121396 aspect=8.10482205925 mean_iota=-0.835347285321 solver_iterations=1371
evaluation=44 objective=0.184919479202 qs=0.173976000741 aspect=8.10461108193 mean_iota=-0.834791724841 solver_iterations=1372
evaluation=45 objective=0.184274459556 qs=0.174159718979 aspect=8.10057206658 mean_iota=-0.834847945321 solver_iterations=1295
evaluation=46 objective=0.184665608974 qs=0.173670380318 aspect=8.10485813586 mean_iota=-0.834968521246 solver_iterations=1372
evaluation=47 objective=0.184729915648 qs=0.173736791088 aspect=8.10484810232 mean_iota=-0.835401090093 solver_iterations=1372
evaluation=48 objective=0.18498484181 qs=0.173842873242 aspect=8.10555552363 mean_iota=-0.83523867901 solver_iterations=1374
evaluation=49 objective=0.183787246853 qs=0.173765963041 aspect=8.1001063625 mean_iota=-0.834481930765 solver_iterations=1292
evaluation=50 objective=0.184673207231 qs=0.173677174629 aspect=8.10486196928 mean_iota=-0.834969147311 solver_iterations=1372
evaluation=51 objective=0.184655512224 qs=0.173662387664 aspect=8.10484810232 mean_iota=-0.834967041371 solver_iterations=1372
accepted mode=1 iteration=4 objective=0.184655512224
    4     47      0.09232775611       3.6363040570.09293756985
evaluation=52 objective=0.192038789006 qs=0.187861952846 aspect=8.06462844698 mean_iota=-0.851449099638 solver_iterations=1266
evaluation=53 objective=0.167274562829 qs=0.165224985276 aspect=8.04527226029 mean_iota=-0.855756877106 solver_iterations=1261
evaluation=54 objective=0.167347272006 qs=0.16529986432 aspect=8.04524828931 mean_iota=-0.856086121904 solver_iterations=1261
evaluation=55 objective=0.167355802188 qs=0.165337827695 aspect=8.04492187098 mean_iota=-0.855527611934 solver_iterations=1264
evaluation=56 objective=0.167227991216 qs=0.1655548437 aspect=8.04090412591 mean_iota=-0.855574390035 solver_iterations=1260
evaluation=57 objective=0.167274818132 qs=0.16522511798 aspect=8.0452736143 mean_iota=-0.855757084851 solver_iterations=1261
evaluation=58 objective=0.167304210847 qs=0.165254633294 aspect=8.04527226029 mean_iota=-0.85613437894 solver_iterations=1262
evaluation=59 objective=0.16734322781 qs=0.165214586318 aspect=8.04613720291 mean_iota=-0.856084467832 solver_iterations=1264
evaluation=60 objective=0.167115358817 qs=0.165483544452 aspect=8.04039572211 mean_iota=-0.855232405741 solver_iterations=1274
evaluation=61 objective=0.167276832273 qs=0.165226667444 aspect=8.04527874589 mean_iota=-0.85575804682 solver_iterations=1261
evaluation=62 objective=0.167274562829 qs=0.165224985276 aspect=8.04527226029 mean_iota=-0.855756877106 solver_iterations=1261
accepted mode=1 iteration=5 objective=0.167274562829
    5     57      0.08363728141      0.89084205170.02958377185
evaluation=63 objective=0.151228229231 qs=0.148833288739 aspect=8.04893812922 mean_iota=-0.876562573467 solver_iterations=1250
evaluation=64 objective=0.151278148101 qs=0.148884749844 aspect=8.0489223697 mean_iota=-0.87680151627 solver_iterations=1251
evaluation=65 objective=0.15142227225 qs=0.149086021818 aspect=8.04833477456 mean_iota=-0.876239169332 solver_iterations=1244
evaluation=66 objective=0.151266580143 qs=0.149302823296 aspect=8.0443142962 mean_iota=-0.876289810891 solver_iterations=1250
evaluation=67 objective=0.151228529681 qs=0.148833538395 aspect=8.04893864818 mean_iota=-0.876562662619 solver_iterations=1250
evaluation=68 objective=0.151275751005 qs=0.148880810513 aspect=8.04893812922 mean_iota=-0.876838024652 solver_iterations=1250
evaluation=69 objective=0.151449667484 qs=0.148940031732 aspect=8.05009626485 mean_iota=-0.877000768438 solver_iterations=1244
evaluation=70 objective=0.150910777651 qs=0.148995393938 aspect=8.04376509697 mean_iota=-0.875940884568 solver_iterations=1262
evaluation=71 objective=0.15123151143 qs=0.148836144418 aspect=8.04894248678 mean_iota=-0.876563492303 solver_iterations=1250
evaluation=72 objective=0.151228229231 qs=0.148833288739 aspect=8.04893812922 mean_iota=-0.876562573467 solver_iterations=1250
accepted mode=1 iteration=6 objective=0.151228229231
    6     66      0.07561411462       1.718629518 0.0591675437
evaluation=73 objective=0.159230518337 qs=0.145407655043 aspect=8.11757067361 mean_iota=-1.00315936109 solver_iterations=1273
evaluation=74 objective=0.144490166645 qs=0.143219152487 aspect=8.03565128551 mean_iota=-0.903598386879 solver_iterations=1242
evaluation=75 objective=0.144525200131 qs=0.143255174192 aspect=8.03563742329 mean_iota=-0.903797450536 solver_iterations=1242
evaluation=76 objective=0.144566490309 qs=0.143349621404 aspect=8.0348836481 mean_iota=-0.903222624895 solver_iterations=1234
evaluation=77 objective=0.144526084413 qs=0.143573093547 aspect=8.03087055013 mean_iota=-0.903272341102 solver_iterations=1240
evaluation=78 objective=0.144490257213 qs=0.143219202558 aspect=8.03565185347 mean_iota=-0.903598490448 solver_iterations=1242
evaluation=79 objective=0.144518297395 qs=0.143247283237 aspect=8.03565128551 mean_iota=-0.90382873725 solver_iterations=1242
evaluation=80 objective=0.144576322832 qs=0.143207608151 aspect=8.03699614413 mean_iota=-0.904096456045 solver_iterations=1234
evaluation=81 objective=0.144421712601 qs=0.143503714932 aspect=8.03029847635 mean_iota=-0.902922788804 solver_iterations=1233
evaluation=82 objective=0.144491092795 qs=0.143219778211 aspect=8.03565549866 mean_iota=-0.90359932822 solver_iterations=1242
evaluation=83 objective=0.144490166645 qs=0.143219152487 aspect=8.03565128551 mean_iota=-0.903598386879 solver_iterations=1242
accepted mode=1 iteration=7 objective=0.144490166645
    7     76      0.07224508332      0.47543276140.02958377185
evaluation=84 objective=0.142392696704 qs=0.139522918874 aspect=8.05357030736 mean_iota=-0.971673462756 solver_iterations=1258
evaluation=85 objective=0.142370649013 qs=0.139501955652 aspect=8.05356018447 mean_iota=-0.971805007204 solver_iterations=1260
evaluation=86 objective=0.142340016543 qs=0.13959387955 aspect=8.05240359713 mean_iota=-0.971188859153 solver_iterations=1262
evaluation=87 objective=0.1421821659 qs=0.139841620544 aspect=8.04837918308 mean_iota=-0.971251612385 solver_iterations=1269
evaluation=88 objective=0.142391828526 qs=0.139521793656 aspect=8.05357270639 mean_iota=-0.971673998484 solver_iterations=1258
evaluation=89 objective=0.142403399727 qs=0.139533621896 aspect=8.05357030736 mean_iota=-0.971827146508 solver_iterations=1258
evaluation=90 objective=0.14250833777 qs=0.139444056782 aspect=8.05535594808 mean_iota=-0.972287404579 solver_iterations=1263
evaluation=91 objective=0.142175811798 qs=0.139894453554 aspect=8.04776356608 mean_iota=-0.970879653658 solver_iterations=1249
evaluation=92 objective=0.142393122989 qs=0.139523220665 aspect=8.05357146932 mean_iota=-0.971673749877 solver_iterations=1258
evaluation=93 objective=0.142392696704 qs=0.139522918874 aspect=8.05357030736 mean_iota=-0.971673462756 solver_iterations=1258
accepted mode=1 iteration=8 objective=0.142392696704
    8     85      0.07119634835       1.0266265150.02958377185
evaluation=94 objective=0.145168539218 qs=0.142220687284 aspect=8.05429412431 mean_iota=-0.865792499296 solver_iterations=1280
evaluation=95 objective=0.140709015867 qs=0.139916278968 aspect=8.02815558381 mean_iota=-0.941937974809 solver_iterations=1243
evaluation=96 objective=0.140692308444 qs=0.139900170046 aspect=8.02814495332 mean_iota=-0.942081197476 solver_iterations=1242
evaluation=97 objective=0.140768919277 qs=0.140034149504 aspect=8.02710663706 mean_iota=-0.941488884952 solver_iterations=1244
evaluation=98 objective=0.14079171207 qs=0.140258057977 aspect=8.02310095438 mean_iota=-0.941561188683 solver_iterations=1233
evaluation=99 objective=0.140708566101 qs=0.139915613886 aspect=8.02815940722 mean_iota=-0.941938842366 solver_iterations=1243
evaluation=100 objective=0.140729267608 qs=0.139936530709 aspect=8.02815558381 mean_iota=-0.942105698061 solver_iterations=1243
evaluation=101 objective=0.14077132379 qs=0.139883117491 aspect=8.02980279012 mean_iota=-0.94253301645 solver_iterations=1245
evaluation=102 objective=0.140764787355 qs=0.140258295807 aspect=8.02250536708 mean_iota=-0.941154339384 solver_iterations=1236
evaluation=103 objective=0.140710239712 qs=0.139917242532 aspect=8.02816020561 mean_iota=-0.94193910988 solver_iterations=1243
evaluation=104 objective=0.140709015867 qs=0.139916278968 aspect=8.02815558381 mean_iota=-0.941937974809 solver_iterations=1243
accepted mode=1 iteration=9 objective=0.140709015867
    9     95      0.07035450793      0.54371918410.01314958206
evaluation=105 objective=0.140716618494 qs=0.139879408123 aspect=8.02893458781 mean_iota=-0.917980635149 solver_iterations=1244
evaluation=106 objective=0.14057086738 qs=0.139802031486 aspect=8.02772789019 mean_iota=-0.937578780288 solver_iterations=1256
evaluation=107 objective=0.140571453269 qs=0.139803222343 aspect=8.02771697901 mean_iota=-0.937725450891 solver_iterations=1257
evaluation=108 objective=0.140610508541 qs=0.139897736653 aspect=8.02669778808 mean_iota=-0.937137956098 solver_iterations=1249
evaluation=109 objective=0.140640281603 qs=0.140125202558 aspect=8.02269535295 mean_iota=-0.937209309221 solver_iterations=1246
evaluation=110 objective=0.140570714991 qs=0.139801496873 aspect=8.02773478173 mean_iota=-0.937580316095 solver_iterations=1257
evaluation=111 objective=0.14057663748 qs=0.139807801586 aspect=8.02772789019 mean_iota=-0.937749524183 solver_iterations=1257
evaluation=112 objective=0.140611073753 qs=0.139749437644 aspect=8.02935363877 mean_iota=-0.938172275361 solver_iterations=1249
evaluation=113 objective=0.140646320505 qs=0.140157799246 aspect=8.02210251704 mean_iota=-0.936799201328 solver_iterations=1242
evaluation=114 objective=0.140571205205 qs=0.139801933423 aspect=8.02773574916 mean_iota=-0.937580706477 solver_iterations=1258
evaluation=115 objective=0.14057086738 qs=0.139802031486 aspect=8.02772789019 mean_iota=-0.937578780288 solver_iterations=1256
accepted mode=1 iteration=10 objective=0.14057086738
   10    105      0.07028543369     0.081350231330.003452185248
evaluation=116 objective=0.140558177985 qs=0.139764662065 aspect=8.0281694146 mean_iota=-0.925064906595 solver_iterations=1250
evaluation=117 objective=0.140556154454 qs=0.139763273568 aspect=8.02815814066 mean_iota=-0.925216778521 solver_iterations=1250
evaluation=118 objective=0.140593657707 qs=0.139854474991 aspect=8.02718791489 mean_iota=-0.92463732916 solver_iterations=1255
evaluation=119 objective=0.140616021774 qs=0.140078226848 aspect=8.02319040592 mean_iota=-0.924704395221 solver_iterations=1247
evaluation=120 objective=0.140557356424 qs=0.139763157467 aspect=8.02818153575 mean_iota=-0.925067557228 solver_iterations=1250
evaluation=121 objective=0.140570299347 qs=0.139776783427 aspect=8.0281694146 mean_iota=-0.925242647962 solver_iterations=1250
evaluation=122 objective=0.14059130813 qs=0.139707003232 aspect=8.02973726447 mean_iota=-0.925646403637 solver_iterations=1254
evaluation=123 objective=0.140629571568 qs=0.140118499298 aspect=8.02260690757 mean_iota=-0.92429290251 solver_iterations=1239
evaluation=124 objective=0.140559184768 qs=0.139764924267 aspect=8.02818262765 mean_iota=-0.925068116769 solver_iterations=1251
evaluation=125 objective=0.140558177985 qs=0.139764662065 aspect=8.0281694146 mean_iota=-0.925064906595 solver_iterations=1250
accepted mode=1 iteration=11 objective=0.140558177985
   11    114      0.07027908899      0.19127854220.0008630463119
evaluation=126 objective=0.140523075969 qs=0.139736152647 aspect=8.0280521536 mean_iota=-0.927843722184 solver_iterations=1252
evaluation=127 objective=0.140528247686 qs=0.139741956342 aspect=8.02804088701 mean_iota=-0.927994582611 solver_iterations=1254
evaluation=128 objective=0.140564549705 qs=0.139832333655 aspect=8.02705949094 mean_iota=-0.927419699654 solver_iterations=1247
evaluation=129 objective=0.14059198775 qs=0.140060050696 aspect=8.0230637606 mean_iota=-0.92748921393 solver_iterations=1246
evaluation=130 objective=0.140523200939 qs=0.139735501624 aspect=8.02806598145 mean_iota=-0.927846701424 solver_iterations=1252
evaluation=131 objective=0.140529462417 qs=0.139742539095 aspect=8.0280521536 mean_iota=-0.92802016647 solver_iterations=1252
evaluation=132 objective=0.140565896428 qs=0.139687747377 aspect=8.0296335798 mean_iota=-0.928434494695 solver_iterations=1247
evaluation=133 objective=0.140589622851 qs=0.140084360834 aspect=8.0224780341 mean_iota=-0.927068917511 solver_iterations=1259
evaluation=134 objective=0.140523402797 qs=0.139735632836 aspect=8.02806723999 mean_iota=-0.927847335893 solver_iterations=1251
evaluation=135 objective=0.140523075969 qs=0.139736152647 aspect=8.0280521536 mean_iota=-0.927843722184 solver_iterations=1252
accepted mode=1 iteration=12 objective=0.140523075969
   12    123      0.07026153798     0.031110457580.0008630463119
evaluation=136 objective=0.140505528841 qs=0.139706218541 aspect=8.02827207632 mean_iota=-0.930911049235 solver_iterations=1241
evaluation=137 objective=0.140510832559 qs=0.13971215485 aspect=8.02826088656 mean_iota=-0.931059914081 solver_iterations=1241
evaluation=138 objective=0.140543465754 qs=0.139800047685 aspect=8.02726569399 mean_iota=-0.930483303884 solver_iterations=1238
evaluation=139 objective=0.140571419616 qs=0.140029941332 aspect=8.02326968596 mean_iota=-0.930553060236 solver_iterations=1255
evaluation=140 objective=0.140505657608 qs=0.139705575906 aspect=8.02828571551 mean_iota=-0.930914021497 solver_iterations=1241
evaluation=141 objective=0.140510135288 qs=0.139710824988 aspect=8.02827207632 mean_iota=-0.931085389985 solver_iterations=1241
evaluation=142 objective=0.14054809901 qs=0.139655925736 aspect=8.02986926973 mean_iota=-0.931505488064 solver_iterations=1240
evaluation=143 objective=0.140570649573 qs=0.14005618022 aspect=8.02268191687 mean_iota=-0.930132520183 solver_iterations=1261
evaluation=144 objective=0.140505565534 qs=0.139705413573 aspect=8.02828695745 mean_iota=-0.930914626614 solver_iterations=1240
evaluation=145 objective=0.140505528841 qs=0.139706218541 aspect=8.02827207632 mean_iota=-0.930911049235 solver_iterations=1241
accepted mode=1 iteration=13 objective=0.140505528841
   13    132      0.07025276442      0.01473218860.001726092624
evaluation=146 objective=0.140509816182 qs=0.139714205573 aspect=8.02820657032 mean_iota=-0.93561914085 solver_iterations=1249
evaluation=147 objective=0.140504205628 qs=0.139708973915 aspect=8.02819985307 mean_iota=-0.93162652321 solver_iterations=1250
evaluation=148 objective=0.140508753732 qs=0.139714150492 aspect=8.02818870766 mean_iota=-0.931774795113 solver_iterations=1250
evaluation=149 objective=0.14054265568 qs=0.139803369657 aspect=8.02718981471 mean_iota=-0.931197505767 solver_iterations=1256
evaluation=150 objective=0.140567886031 qs=0.140029965646 aspect=8.02319311073 mean_iota=-0.931264372463 solver_iterations=1263
evaluation=151 objective=0.140504297914 qs=0.139708338464 aspect=8.02821275333 mean_iota=-0.931629324791 solver_iterations=1250
evaluation=152 objective=0.14050883106 qs=0.139713599347 aspect=8.02819985307 mean_iota=-0.93180016338 solver_iterations=1250
evaluation=153 objective=0.140546736497 qs=0.139658622218 aspect=8.02980124627 mean_iota=-0.932221652466 solver_iterations=1257
evaluation=154 objective=0.14057083713 qs=0.140059863783 aspect=8.02260471958 mean_iota=-0.93084681366 solver_iterations=1253
evaluation=155 objective=0.140504394248 qs=0.139708369481 aspect=8.02821391087 mean_iota=-0.931629911083 solver_iterations=1251
evaluation=156 objective=0.140504205628 qs=0.139708973915 aspect=8.02819985307 mean_iota=-0.93162652321 solver_iterations=1250
accepted mode=1 iteration=14 objective=0.140504205628
   14    142      0.07025210281     0.011564161919.380714556e-05
evaluation=157 objective=0.140503581674 qs=0.139716931078 aspect=8.02804729214 mean_iota=-0.931922802494 solver_iterations=1251
evaluation=158 objective=0.140508353842 qs=0.139722328243 aspect=8.02803614807 mean_iota=-0.932070978486 solver_iterations=1251
evaluation=159 objective=0.140542023829 qs=0.139811067582 aspect=8.02703620251 mean_iota=-0.931493622877 solver_iterations=1255
evaluation=160 objective=0.140569186542 qs=0.140038357303 aspect=8.02303973176 mean_iota=-0.931560174803 solver_iterations=1266
evaluation=161 objective=0.140503612252 qs=0.139716229114 aspect=8.02806034814 mean_iota=-0.931925581034 solver_iterations=1252
evaluation=162 objective=0.140507794942 qs=0.139721144345 aspect=8.02804729214 mean_iota=-0.932096261138 solver_iterations=1252
evaluation=163 objective=0.140545577441 qs=0.13966646438 aspect=8.02964984084 mean_iota=-0.932518279498 solver_iterations=1256
evaluation=164 objective=0.140571487908 qs=0.140067428412 aspect=8.02245126936 mean_iota=-0.931143151453 solver_iterations=1252
evaluation=165 objective=0.140503666972 qs=0.139716217101 aspect=8.02806153721 mean_iota=-0.931926174985 solver_iterations=1252
evaluation=166 objective=0.140503581674 qs=0.139716931078 aspect=8.02804729214 mean_iota=-0.931922802494 solver_iterations=1251
accepted mode=1 iteration=15 objective=0.140503581674
   15    151      0.07025179084     0.013835690829.380714556e-05
evaluation=167 objective=0.140504292164 qs=0.139716690926 aspect=8.02806423415 mean_iota=-0.932152460362 solver_iterations=1257
evaluation=168 objective=0.140503842528 qs=0.139716442106 aspect=8.02806065612 mean_iota=-0.931972163684 solver_iterations=1254
evaluation=169 objective=0.140503547956 qs=0.139716360863 aspect=8.02805685464 mean_iota=-0.931935442636 solver_iterations=1252
evaluation=170 objective=0.140508457737 qs=0.139721895672 aspect=8.02804571385 mean_iota=-0.932083614528 solver_iterations=1252
evaluation=171 objective=0.140542707537 qs=0.139811236343 aspect=8.02704572415 mean_iota=-0.931506312537 solver_iterations=1255
evaluation=172 objective=0.140569778554 qs=0.140038511483 aspect=8.02304923147 mean_iota=-0.931572768712 solver_iterations=1265
evaluation=173 objective=0.140503707849 qs=0.139715788933 aspect=8.02806989341 mean_iota=-0.931938270273 solver_iterations=1252
evaluation=174 objective=0.140507731994 qs=0.139720544902 aspect=8.02805685464 mean_iota=-0.932108948025 solver_iterations=1252
evaluation=175 objective=0.140546320419 qs=0.139666637438 aspect=8.02965945012 mean_iota=-0.932530997618 solver_iterations=1256
evaluation=176 objective=0.140570691442 qs=0.140066205469 aspect=8.02246076521 mean_iota=-0.931155814959 solver_iterations=1251
evaluation=177 objective=0.14050387957 qs=0.139715893787 aspect=8.02807108447 mean_iota=-0.931939033619 solver_iterations=1252
evaluation=178 objective=0.140503547956 qs=0.139716360863 aspect=8.02805685464 mean_iota=-0.931935442636 solver_iterations=1252
accepted mode=1 iteration=16 objective=0.140503547956
   16    162      0.07025177398     0.034326389035.862946598e-06
evaluation=179 objective=0.140503588724 qs=0.139717426909 aspect=8.02803857726 mean_iota=-0.931938540556 solver_iterations=1251
evaluation=180 objective=0.140503532948 qs=0.139716785411 aspect=8.02804902026 mean_iota=-0.931935134112 solver_iterations=1252
evaluation=181 objective=0.14050854972 qs=0.139722427288 aspect=8.02803787495 mean_iota=-0.932083305613 solver_iterations=1252
evaluation=182 objective=0.140541545977 qs=0.139810498556 aspect=8.02703788863 mean_iota=-0.93150599227 solver_iterations=1255
evaluation=183 objective=0.140568712148 qs=0.140037805893 aspect=8.02304140308 mean_iota=-0.931572542451 solver_iterations=1266
evaluation=184 objective=0.140503674983 qs=0.139716195646 aspect=8.02806206224 mean_iota=-0.93193796167 solver_iterations=1252
evaluation=185 objective=0.140507535546 qs=0.139720788009 aspect=8.02804902026 mean_iota=-0.932108638651 solver_iterations=1252
evaluation=186 objective=0.140545088039 qs=0.139665869695 aspect=8.02965161622 mean_iota=-0.932530669625 solver_iterations=1256
evaluation=187 objective=0.140571886333 qs=0.140067751791 aspect=8.0224529406 mean_iota=-0.931155496644 solver_iterations=1251
evaluation=188 objective=0.140503790502 qs=0.139716244139 aspect=8.02806325645 mean_iota=-0.93193872581 solver_iterations=1252
evaluation=189 objective=0.140503532948 qs=0.139716785411 aspect=8.02804902026 mean_iota=-0.931935134112 solver_iterations=1252
accepted mode=1 iteration=17 objective=0.140503532948
   17    172      0.07025176647     0.022204066143.664341623e-07
evaluation=190 objective=0.14050353209 qs=0.139716874414 aspect=8.02804741835 mean_iota=-0.931935163779 solver_iterations=1252
evaluation=191 objective=0.140508573162 qs=0.139722540601 aspect=8.02803627225 mean_iota=-0.932083335198 solver_iterations=1252
evaluation=192 objective=0.140541342888 qs=0.139810382119 aspect=8.02703628615 mean_iota=-0.931506019732 solver_iterations=1255
evaluation=193 objective=0.140568518259 qs=0.140037685773 aspect=8.0230398022 mean_iota=-0.931572570183 solver_iterations=1266
evaluation=194 objective=0.140503671998 qs=0.139716282519 aspect=8.02806046113 mean_iota=-0.931937991335 solver_iterations=1252
evaluation=195 objective=0.140507497119 qs=0.139720839442 aspect=8.02804741835 mean_iota=-0.932108668119 solver_iterations=1252
evaluation=196 objective=0.140544870219 qs=0.139665746847 aspect=8.0296500147 mean_iota=-0.932530697036 solver_iterations=1256
evaluation=197 objective=0.140572101367 qs=0.140068038671 aspect=8.02245134063 mean_iota=-0.931155524186 solver_iterations=1251
evaluation=198 objective=0.140503766857 qs=0.139716310316 aspect=8.02806165606 mean_iota=-0.931938772086 solver_iterations=1253
evaluation=199 objective=0.14050353209 qs=0.139716874414 aspect=8.02804741835 mean_iota=-0.931935163779 solver_iterations=1252
accepted mode=1 iteration=18 objective=0.14050353209
   18    181      0.07025176604     0.018475549949.160854059e-08
evaluation=200 objective=0.140503531879 qs=0.139716895374 aspect=8.02804704092 mean_iota=-0.931935184149 solver_iterations=1252
evaluation=201 objective=0.140508578089 qs=0.1397225667 aspect=8.02803589466 mean_iota=-0.932083355566 solver_iterations=1252
evaluation=202 objective=0.140541300751 qs=0.1398103604 aspect=8.02703590854 mean_iota=-0.931506039639 solver_iterations=1255
evaluation=203 objective=0.140568478318 qs=0.140037663214 aspect=8.02303942499 mean_iota=-0.931572590037 solver_iterations=1266
evaluation=204 objective=0.14050367139 qs=0.139716303081 aspect=8.02806008391 mean_iota=-0.931938011717 solver_iterations=1252
evaluation=205 objective=0.140507489021 qs=0.139720852517 aspect=8.02804704092 mean_iota=-0.93210868847 solver_iterations=1252
evaluation=206 objective=0.140544824833 qs=0.139665723836 aspect=8.0296496374 mean_iota=-0.932530716967 solver_iterations=1256
evaluation=207 objective=0.14057214659 qs=0.140068100823 aspect=8.02245096362 mean_iota=-0.931155544097 solver_iterations=1251
evaluation=208 objective=0.140503763661 qs=0.139716328282 aspect=8.02806127899 mean_iota=-0.931938792534 solver_iterations=1253
evaluation=209 objective=0.140503531879 qs=0.139716895374 aspect=8.02804704092 mean_iota=-0.931935184149 solver_iterations=1252
accepted mode=1 iteration=19 objective=0.140503531879
   19    190      0.07025176594     0.017986916392.290213515e-08
evaluation=210 objective=0.140503531845 qs=0.139716900575 aspect=8.02804694761 mean_iota=-0.931935189628 solver_iterations=1252
evaluation=211 objective=0.14050857932 qs=0.139722573166 aspect=8.0280358013 mean_iota=-0.93208336104 solver_iterations=1252
evaluation=212 objective=0.140541290538 qs=0.139810355235 aspect=8.02703581519 mean_iota=-0.931506044995 solver_iterations=1255
evaluation=213 objective=0.140568468637 qs=0.14003765783 aspect=8.02303933173 mean_iota=-0.931572595351 solver_iterations=1266
evaluation=214 objective=0.140503671248 qs=0.139716308173 aspect=8.02805999065 mean_iota=-0.931938017172 solver_iterations=1252
evaluation=215 objective=0.14050748704 qs=0.13972085577 aspect=8.02804694761 mean_iota=-0.932108693931 solver_iterations=1252
evaluation=216 objective=0.140544813823 qs=0.139665718356 aspect=8.02964954412 mean_iota=-0.932530722328 solver_iterations=1256
evaluation=217 objective=0.140572157579 qs=0.140068115996 aspect=8.02245087042 mean_iota=-0.931155549445 solver_iterations=1251
evaluation=218 objective=0.140503762893 qs=0.139716332747 aspect=8.02806118577 mean_iota=-0.931938798026 solver_iterations=1253
evaluation=219 objective=0.140503531845 qs=0.139716900575 aspect=8.02804694761 mean_iota=-0.931935189628 solver_iterations=1252
accepted mode=1 iteration=20 objective=0.140503531845
   20    199      0.07025176592     0.017866785045.725533787e-09
evaluation=220 objective=0.140503531818 qs=0.139716901852 aspect=8.02804692435 mean_iota=-0.931935191027 solver_iterations=1252
evaluation=221 objective=0.140508579615 qs=0.139722574765 aspect=8.02803577803 mean_iota=-0.932083362431 solver_iterations=1252
evaluation=222 objective=0.140541287998 qs=0.139810353953 aspect=8.02703579191 mean_iota=-0.931506046348 solver_iterations=1255
evaluation=223 objective=0.140568466234 qs=0.140037656499 aspect=8.02303930848 mean_iota=-0.931572596714 solver_iterations=1266
evaluation=224 objective=0.140503671222 qs=0.139716309452 aspect=8.0280599674 mean_iota=-0.931938018569 solver_iterations=1252
evaluation=225 objective=0.140507486556 qs=0.13972085659 aspect=8.02804692435 mean_iota=-0.932108695319 solver_iterations=1252
evaluation=226 objective=0.140544811098 qs=0.13966571701 aspect=8.02964952087 mean_iota=-0.932530723695 solver_iterations=1256
evaluation=227 objective=0.140572160299 qs=0.14006811976 aspect=8.02245084718 mean_iota=-0.931155550819 solver_iterations=1251
evaluation=228 objective=0.140503762677 qs=0.139716333835 aspect=8.02806116253 mean_iota=-0.93193879943 solver_iterations=1253
evaluation=229 objective=0.140503531818 qs=0.139716901852 aspect=8.02804692435 mean_iota=-0.931935191027 solver_iterations=1252
accepted mode=1 iteration=21 objective=0.140503531818
   21    208      0.07025176591     0.017835912341.431383447e-09
evaluation=230 objective=0.140503531826 qs=0.139716902187 aspect=8.02804691854 mean_iota=-0.931935191375 solver_iterations=1252
evaluation=231 objective=0.140503531821 qs=0.139716901937 aspect=8.0280469229 mean_iota=-0.931935191115 solver_iterations=1252
evaluation=232 objective=0.140503531828 qs=0.139716901883 aspect=8.02804692399 mean_iota=-0.931935191043 solver_iterations=1252
evaluation=233 objective=0.140503531833 qs=0.139716901873 aspect=8.02804692426 mean_iota=-0.931935191032 solver_iterations=1252
evaluation=234 objective=0.140503531831 qs=0.139716901867 aspect=8.02804692433 mean_iota=-0.931935191025 solver_iterations=1252
evaluation=235 objective=0.140503531836 qs=0.13971690187 aspect=8.02804692434 mean_iota=-0.931935191013 solver_iterations=1252
evaluation=236 objective=0.140503531836 qs=0.139716901871 aspect=8.02804692435 mean_iota=-0.931935191022 solver_iterations=1252
evaluation=237 objective=0.140503531831 qs=0.139716901866 aspect=8.02804692435 mean_iota=-0.931935191014 solver_iterations=1252
evaluation=238 objective=0.140503531824 qs=0.139716901859 aspect=8.02804692435 mean_iota=-0.931935191028 solver_iterations=1252
evaluation=239 objective=0.140503531832 qs=0.139716901866 aspect=8.02804692435 mean_iota=-0.931935191019 solver_iterations=1252
evaluation=240 objective=0.140503531826 qs=0.139716901861 aspect=8.02804692435 mean_iota=-0.931935191011 solver_iterations=1252
evaluation=241 objective=0.140503531825 qs=0.13971690186 aspect=8.02804692435 mean_iota=-0.931935191018 solver_iterations=1252
evaluation=242 objective=0.140503531827 qs=0.139716901861 aspect=8.02804692435 mean_iota=-0.931935191015 solver_iterations=1252
finished max_mode=1 status=The step size satisfies xtol. objective=0.140503531818 evaluations=220 iterations=21 equilibrium_evaluations=242 nonlinear_iterations=295662 analytic_jacobians=0 linear_iterations=0
beginning max_mode=2 variables=24 jacobian_method=finite-difference
evaluation=1 objective=0.140961712773 qs=0.140175082808 aspect=8.02804692435 mean_iota=-0.931032940533 solver_iterations=2169
evaluation=2 objective=0.140971543372 qs=0.140185538522 aspect=8.02803577803 mean_iota=-0.931179814583 solver_iterations=2170
evaluation=3 objective=0.140961525125 qs=0.140174895142 aspect=8.02804692467 mean_iota=-0.931032906683 solver_iterations=2169
evaluation=4 objective=0.140961589071 qs=0.140174946779 aspect=8.0280471441 mean_iota=-0.931033092747 solver_iterations=2169
evaluation=5 objective=0.140999231362 qs=0.140268297317 aspect=8.02703579191 mean_iota=-0.930605694159 solver_iterations=2167
evaluation=6 objective=0.141032240783 qs=0.140501431048 aspect=8.02303930848 mean_iota=-0.930673670602 solver_iterations=2169
evaluation=7 objective=0.140961770844 qs=0.140174409073 aspect=8.0280599674 mean_iota=-0.931035769937 solver_iterations=2169
evaluation=8 objective=0.140961681987 qs=0.140175052522 aspect=8.02804691544 mean_iota=-0.931032930208 solver_iterations=2169
evaluation=9 objective=0.140960627623 qs=0.140174004984 aspect=8.02804679374 mean_iota=-0.931033227306 solver_iterations=2169
evaluation=10 objective=0.140961645408 qs=0.140175014836 aspect=8.02804693516 mean_iota=-0.931033106141 solver_iterations=2169
evaluation=11 objective=0.140961916025 qs=0.140175256179 aspect=8.02804745703 mean_iota=-0.931032775938 solver_iterations=2169
evaluation=12 objective=0.140962000303 qs=0.140175371503 aspect=8.02804690358 mean_iota=-0.931032944319 solver_iterations=2169
evaluation=13 objective=0.140961807319 qs=0.140175177342 aspect=8.02804692455 mean_iota=-0.93103294172 solver_iterations=2169
evaluation=14 objective=0.140963500219 qs=0.140176870253 aspect=8.02804692435 mean_iota=-0.931205648963 solver_iterations=2170
evaluation=15 objective=0.140961250012 qs=0.140174620046 aspect=8.02804692435 mean_iota=-0.931032904913 solver_iterations=2169
evaluation=16 objective=0.140961608389 qs=0.14017498929 aspect=8.02804673064 mean_iota=-0.931032792794 solver_iterations=2169
evaluation=17 objective=0.141001245304 qs=0.140122151216 aspect=8.02964952087 mean_iota=-0.931625658818 solver_iterations=2173
evaluation=18 objective=0.141030816244 qs=0.140526775705 aspect=8.02245084718 mean_iota=-0.930255506693 solver_iterations=2173
evaluation=19 objective=0.1409617601 qs=0.140174331258 aspect=8.02806116253 mean_iota=-0.93103638264 solver_iterations=2170
evaluation=20 objective=0.140961556246 qs=0.140174926695 aspect=8.02804691696 mean_iota=-0.931032930485 solver_iterations=2169
evaluation=21 objective=0.140961882559 qs=0.140175246135 aspect=8.02804703948 mean_iota=-0.931032561666 solver_iterations=2169
evaluation=22 objective=0.140961224212 qs=0.140174620864 aspect=8.02804644984 mean_iota=-0.931033390434 solver_iterations=2169
evaluation=23 objective=0.140961750015 qs=0.140175092131 aspect=8.02804742205 mean_iota=-0.931032775822 solver_iterations=2169
evaluation=24 objective=0.140961848901 qs=0.14017521995 aspect=8.02804690626 mean_iota=-0.931032942621 solver_iterations=2169
evaluation=25 objective=0.140961840518 qs=0.140175210544 aspect=8.02804692452 mean_iota=-0.931032941828 solver_iterations=2169
 iter   nfev              cost        optimality       radius
    0     25      0.07048085639       5.425832847 0.2751401289
evaluation=26 objective=0.993370578535 qs=0.919543355947 aspect=8.27171165339 mean_iota=-0.934929583433 solver_iterations=1535
evaluation=27 rejected_equilibrium=1 failed_stage=0 fsqr=1 fsqz=1 fsql=1 penalty_objective=39867.3013319
evaluation=28 objective=0.0738386132913 qs=0.0732051379791 aspect=8.02516893546 mean_iota=-0.978452048552 solver_iterations=1753
evaluation=29 objective=0.0737531631711 qs=0.0731201727016 aspect=8.02515930185 mean_iota=-0.978622022393 solver_iterations=1756
evaluation=30 objective=0.0738376109771 qs=0.0732041358498 aspect=8.02516893179 mean_iota=-0.97845178547 solver_iterations=1753
evaluation=31 objective=0.0738389613357 qs=0.0732054748671 aspect=8.02516915709 mean_iota=-0.978452236448 solver_iterations=1753
evaluation=32 objective=0.07399094671 qs=0.0734055810556 aspect=8.02419433104 mean_iota=-0.978027171991 solver_iterations=1602
evaluation=33 objective=0.0739116218757 qs=0.0735048786479 aspect=8.02016787614 mean_iota=-0.978085814824 solver_iterations=1607
evaluation=34 objective=0.0738456629112 qs=0.0732115521776 aspect=8.02518155543 mean_iota=-0.978454813244 solver_iterations=1755
evaluation=35 objective=0.0738389374914 qs=0.0732054623209 aspect=8.02516893264 mean_iota=-0.97845204638 solver_iterations=1753
evaluation=36 objective=0.0738137113959 qs=0.0731800454862 aspect=8.02517272154 mean_iota=-0.978466431587 solver_iterations=1739
evaluation=37 objective=0.0738369801113 qs=0.0732036194207 aspect=8.02516665831 mean_iota=-0.978453692737 solver_iterations=1752
evaluation=38 objective=0.0738388492559 qs=0.0732052588538 aspect=8.02517122171 mean_iota=-0.978451869184 solver_iterations=1753
evaluation=39 objective=0.0738387078902 qs=0.0732052461275 aspect=8.02516866629 mean_iota=-0.97845198401 solver_iterations=1752
evaluation=40 objective=0.0738386562003 qs=0.0732051806864 aspect=8.02516893947 mean_iota=-0.978452049255 solver_iterations=1753
evaluation=41 objective=0.073885903992 qs=0.0732524286798 aspect=8.02516893546 mean_iota=-0.978643046569 solver_iterations=1736
evaluation=42 objective=0.0738371772918 qs=0.0732037019797 aspect=8.02516893546 mean_iota=-0.978451782857 solver_iterations=1753
evaluation=43 objective=0.0738387553508 qs=0.0732052887583 aspect=8.02516876224 mean_iota=-0.978451872882 solver_iterations=1753
evaluation=44 objective=0.0740379310854 qs=0.0733208131312 aspect=8.02677905813 mean_iota=-0.979062376445 solver_iterations=1643
evaluation=45 objective=0.073781258725 qs=0.0733978574448 aspect=8.01958063533 mean_iota=-0.977664127818 solver_iterations=1829
evaluation=46 objective=0.0738403750639 qs=0.0732062280144 aspect=8.0251822765 mean_iota=-0.978454768619 solver_iterations=1751
evaluation=47 objective=0.0738387810283 qs=0.0732053059095 aspect=8.02516893162 mean_iota=-0.978452048981 solver_iterations=1753
evaluation=48 objective=0.0738460490992 qs=0.0732128559604 aspect=8.02516332925 mean_iota=-0.978441348722 solver_iterations=1753
evaluation=49 objective=0.0738311966064 qs=0.0731985732967 aspect=8.02515200409 mean_iota=-0.978461995892 solver_iterations=1752
evaluation=50 objective=0.0738389234609 qs=0.0732052949141 aspect=8.0251719794 mean_iota=-0.97845183211 solver_iterations=1753
evaluation=51 objective=0.0738387082569 qs=0.0732052463614 aspect=8.02516866893 mean_iota=-0.978451975093 solver_iterations=1753
evaluation=52 objective=0.0738386219966 qs=0.07320514642 aspect=8.02516894071 mean_iota=-0.978452047135 solver_iterations=1753
evaluation=53 objective=0.0738386132913 qs=0.0732051379791 aspect=8.02516893546 mean_iota=-0.978452048552 solver_iterations=1753
accepted mode=2 iteration=1 objective=0.0738386132913
    1     52      0.03691930665       2.2738431180.01568164874
evaluation=54 objective=0.0404608181552 qs=0.0404602491535 aspect=8.00075432202 mean_iota=-1.02192091239 solver_iterations=2186
evaluation=55 objective=0.0408280560468 qs=0.0408274966331 aspect=8.00074793963 mean_iota=-1.02211929601 solver_iterations=2187
evaluation=56 objective=0.0404672947704 qs=0.0404667261354 aspect=8.00075407889 mean_iota=-1.02192029727 solver_iterations=2188
evaluation=57 objective=0.0404930843175 qs=0.0404925128667 aspect=8.00075594365 mean_iota=-1.0219225112 solver_iterations=2186
evaluation=58 objective=0.0404280595025 qs=0.0404280453633 aspect=7.99988109166 mean_iota=-1.02151836941 solver_iterations=2193
evaluation=59 objective=0.0406857843522 qs=0.0406685500359 aspect=7.9958485766 mean_iota=-1.02160456406 solver_iterations=2201
evaluation=60 objective=0.0405031378742 qs=0.0405025497355 aspect=8.000766902 mean_iota=-1.02192331731 solver_iterations=2187
evaluation=61 objective=0.0405159263964 qs=0.0405153562838 aspect=8.00075505804 mean_iota=-1.02192126884 solver_iterations=2186
evaluation=62 objective=0.0404469755244 qs=0.040446362842 aspect=8.0007827403 mean_iota=-1.02194664824 solver_iterations=2189
evaluation=63 objective=0.0404694657459 qs=0.0404689489945 aspect=8.00071885423 mean_iota=-1.02192916571 solver_iterations=2188
evaluation=64 objective=0.0404587009873 qs=0.0404581172898 aspect=8.00076400099 mean_iota=-1.02192240173 solver_iterations=2187
evaluation=65 objective=0.040481972024 qs=0.0404814056357 aspect=8.00075258773 mean_iota=-1.02191977614 solver_iterations=2186
evaluation=66 objective=0.0404616332825 qs=0.0404610642778 aspect=8.00075432397 mean_iota=-1.02192089563 solver_iterations=2186
evaluation=67 objective=0.0401131554728 qs=0.0401125864711 aspect=8.00075432202 mean_iota=-1.02213970192 solver_iterations=2186
evaluation=68 objective=0.0404615733359 qs=0.0404610043342 aspect=8.00075432202 mean_iota=-1.02192086487 solver_iterations=2187
evaluation=69 objective=0.0405408252539 qs=0.0405402604472 aspect=8.00075153619 mean_iota=-1.02191758641 solver_iterations=2186
evaluation=70 objective=0.040363709364 qs=0.040358076915 aspect=8.00237327811 mean_iota=-1.02249614314 solver_iterations=2192
evaluation=71 objective=0.0405538829577 qs=0.0405308907365 aspect=7.99520497955 mean_iota=-1.02119704398 solver_iterations=2193
evaluation=72 objective=0.0404080941208 qs=0.0404075041355 aspect=8.00076810501 mean_iota=-1.02192236903 solver_iterations=2188
evaluation=73 objective=0.0405118099456 qs=0.0405112397969 aspect=8.00075508192 mean_iota=-1.02192122761 solver_iterations=2186
evaluation=74 objective=0.0404458155313 qs=0.0404452832419 aspect=8.00072958166 mean_iota=-1.02191093638 solver_iterations=2191
evaluation=75 objective=0.040467549697 qs=0.0404670846332 aspect=8.00068195582 mean_iota=-1.0219293981 solver_iterations=2188
evaluation=76 objective=0.04046212236 qs=0.0404615487409 aspect=8.0007573765 mean_iota=-1.02192160673 solver_iterations=2186
evaluation=77 objective=0.0404705015833 qs=0.0404699353656 aspect=8.00075247434 mean_iota=-1.02192003784 solver_iterations=2186
evaluation=78 objective=0.0404612496598 qs=0.0404606806499 aspect=8.00075432746 mean_iota=-1.02192089711 solver_iterations=2186
evaluation=79 objective=0.0404608181552 qs=0.0404602491535 aspect=8.00075432202 mean_iota=-1.02192091239 solver_iterations=2186
accepted mode=2 iteration=2 objective=0.0404608181552
    2     77      0.02023040908       19.295836220.01568164874
evaluation=80 objective=0.0155354615455 qs=0.0155209761117 aspect=7.99619402656 mean_iota=-1.04780453617 solver_iterations=2993
evaluation=81 objective=0.0155079950744 qs=0.0154935237471 aspect=7.99619588023 mean_iota=-1.04800217829 solver_iterations=2991
evaluation=82 objective=0.0155060014531 qs=0.0154915083592 aspect=7.99619302037 mean_iota=-1.04780449089 solver_iterations=2993
evaluation=83 objective=0.0155558006568 qs=0.0155413810272 aspect=7.99620268125 mean_iota=-1.0478127477 solver_iterations=2990
evaluation=84 objective=0.0157602638707 qs=0.0157388953762 aspect=7.9953773931 mean_iota=-1.04738796837 solver_iterations=2971
evaluation=85 objective=0.0158242961116 qs=0.0157499656718 aspect=7.99137848971 mean_iota=-1.04753600688 solver_iterations=2994
evaluation=86 objective=0.0155370020587 qs=0.0155225604742 aspect=7.99619979151 mean_iota=-1.04780531523 solver_iterations=2992
evaluation=87 objective=0.0155289867851 qs=0.0155145084214 aspect=7.9961949555 mean_iota=-1.04780492349 solver_iterations=2992
evaluation=88 objective=0.0155364219451 qs=0.0155221373976 aspect=7.99622050961 mean_iota=-1.0478256138 solver_iterations=3013
evaluation=89 objective=0.0155344279529 qs=0.0155192576743 aspect=7.99610509581 mean_iota=-1.04782107243 solver_iterations=2984
evaluation=90 objective=0.0155355158447 qs=0.0155210529131 aspect=7.99619698388 mean_iota=-1.04780537828 solver_iterations=2992
evaluation=91 objective=0.0155355001304 qs=0.0155210124443 aspect=7.99619373068 mean_iota=-1.04780333986 solver_iterations=2992
evaluation=92 objective=0.0155329043558 qs=0.015518420207 aspect=7.99619419538 mean_iota=-1.04780444606 solver_iterations=2992
evaluation=93 objective=0.0155499113422 qs=0.0155354259084 aspect=7.99619402656 mean_iota=-1.04802261903 solver_iterations=2991
evaluation=94 objective=0.0155587809307 qs=0.0155442954969 aspect=7.99619402656 mean_iota=-1.04780522283 solver_iterations=2993
evaluation=95 objective=0.0155354610155 qs=0.0155209961148 aspect=7.996196725 mean_iota=-1.04779948755 solver_iterations=2990
evaluation=96 objective=0.0157207041086 qs=0.0157160662355 aspect=7.99784642785 mean_iota=-1.04834386933 solver_iterations=2981
evaluation=97 objective=0.0155691482656 qs=0.0154818640738 aspect=7.99065739909 mean_iota=-1.04708213376 solver_iterations=2787
evaluation=98 objective=0.0155368447749 qs=0.0155223766186 aspect=7.99619629703 mean_iota=-1.04780467738 solver_iterations=2992
evaluation=99 objective=0.015543805039 qs=0.0155293274607 aspect=7.9961950587 mean_iota=-1.04780492888 solver_iterations=2992
evaluation=100 objective=0.0155351429025 qs=0.015520491158 aspect=7.99617224028 mean_iota=-1.04779841967 solver_iterations=3012
evaluation=101 objective=0.0155413086252 qs=0.01552567247 aspect=7.99604574214 mean_iota=-1.04781259436 solver_iterations=2987
evaluation=102 objective=0.0155364713354 qs=0.0155221055922 aspect=7.99620978324 mean_iota=-1.047809729 solver_iterations=2987
evaluation=103 objective=0.0155355052568 qs=0.0155210150083 aspect=7.99619339411 mean_iota=-1.04780402058 solver_iterations=2992
evaluation=104 objective=0.0155319261418 qs=0.0155174422083 aspect=7.99619422367 mean_iota=-1.04780447161 solver_iterations=2992
evaluation=105 objective=0.0155354615455 qs=0.0155209761117 aspect=7.99619402656 mean_iota=-1.04780453617 solver_iterations=2993
accepted mode=2 iteration=3 objective=0.0155354615455
    3    102     0.007767730773       2.9375456580.03136329747
evaluation=106 objective=0.133329710714 qs=0.124779504273 aspect=7.90753267365 mean_iota=-1.12313488147 solver_iterations=2791
evaluation=107 objective=0.0110675631427 qs=0.0110643306592 aspect=7.99820208913 mean_iota=-1.06856216201 solver_iterations=2638
evaluation=108 objective=0.0110070321035 qs=0.0110038172662 aspect=7.99820700325 mean_iota=-1.0687583867 solver_iterations=2670
evaluation=109 objective=0.0110477066252 qs=0.0110444705109 aspect=7.99820107969 mean_iota=-1.06856251538 solver_iterations=2669
evaluation=110 objective=0.0110406963002 qs=0.0110374992531 aspect=7.99821197118 mean_iota=-1.06856801145 solver_iterations=2660
evaluation=111 objective=0.0112607937541 qs=0.0112541069157 aspect=7.9974141078 mean_iota=-1.068134945 solver_iterations=2663
evaluation=112 objective=0.0112650680319 qs=0.0112220202373 aspect=7.99343891818 mean_iota=-1.06829024009 solver_iterations=2663
evaluation=113 objective=0.0110645276817 qs=0.0110613410293 aspect=7.99821488029 mean_iota=-1.06856295013 solver_iterations=2670
evaluation=114 objective=0.0110654715791 qs=0.0110622397487 aspect=7.99820227074 mean_iota=-1.06856220658 solver_iterations=2638
evaluation=115 objective=0.0110683378923 qs=0.0110651831655 aspect=7.99822384494 mean_iota=-1.06858100588 solver_iterations=2666
evaluation=116 objective=0.0110655730708 qs=0.0110618762424 aspect=7.99807728617 mean_iota=-1.06858448562 solver_iterations=2659
evaluation=117 objective=0.0110676219217 qs=0.011064412244 aspect=7.99820844265 mean_iota=-1.06856477527 solver_iterations=2670
evaluation=118 objective=0.0110652900062 qs=0.0110620592128 aspect=7.99820255922 mean_iota=-1.06856172373 solver_iterations=2670
evaluation=119 objective=0.0110642671015 qs=0.0110610355171 aspect=7.99820233919 mean_iota=-1.06856211836 solver_iterations=2638
evaluation=120 objective=0.0111157831916 qs=0.0111125507082 aspect=7.99820208913 mean_iota=-1.06877482723 solver_iterations=2670
evaluation=121 objective=0.0110759570029 qs=0.0110727245194 aspect=7.99820208913 mean_iota=-1.06856294072 solver_iterations=2669
evaluation=122 objective=0.0110274188575 qs=0.011024221503 aspect=7.99821188519 mean_iota=-1.06855934036 solver_iterations=2632
evaluation=123 objective=0.0112324372774 qs=0.0112324198201 aspect=7.99986787421 mean_iota=-1.06908362543 solver_iterations=2658
evaluation=124 objective=0.0111143957088 qs=0.0110608944057 aspect=7.9926855415 mean_iota=-1.06784396735 solver_iterations=2754
evaluation=125 objective=0.0110766646024 qs=0.0110734604982 aspect=7.99820999884 mean_iota=-1.06856246991 solver_iterations=2670
evaluation=126 objective=0.0110672174713 qs=0.0110639861077 aspect=7.99820240061 mean_iota=-1.06856224749 solver_iterations=2638
evaluation=127 objective=0.0110674462381 qs=0.0110641499302 aspect=7.99818442629 mean_iota=-1.06855664428 solver_iterations=2663
evaluation=128 objective=0.0110732720644 qs=0.0110692911009 aspect=7.99800476481 mean_iota=-1.06857224967 solver_iterations=2659
evaluation=129 objective=0.0110681671332 qs=0.0110650076862 aspect=7.99822251666 mean_iota=-1.06856996878 solver_iterations=2664
evaluation=130 objective=0.0110675296109 qs=0.0110642970729 aspect=7.99820207398 mean_iota=-1.06856212702 solver_iterations=2638
evaluation=131 objective=0.0110647602682 qs=0.0110615288493 aspect=7.99820238522 mean_iota=-1.06856213446 solver_iterations=2670
evaluation=132 objective=0.0110675631427 qs=0.0110643306592 aspect=7.99820208913 mean_iota=-1.06856216201 solver_iterations=2638
accepted mode=2 iteration=4 objective=0.0110675631427
    4    128     0.005533781571       3.0496141820.01568164874
evaluation=133 objective=0.0106295704676 qs=0.0104454092808 aspect=7.98642939991 mean_iota=-1.09719851966 solver_iterations=2794
evaluation=134 objective=0.0105210085852 qs=0.010337144063 aspect=7.98644033473 mean_iota=-1.09739931777 solver_iterations=2794
evaluation=135 objective=0.0106056161682 qs=0.0104214263501 aspect=7.98642834505 mean_iota=-1.09719952346 solver_iterations=2795
evaluation=136 objective=0.0104828659482 qs=0.0102989284373 aspect=7.98643764361 mean_iota=-1.097194811 solver_iterations=2789
evaluation=137 objective=0.0111448582733 qs=0.010941813267 aspect=7.98575061383 mean_iota=-1.09678415814 solver_iterations=2776
evaluation=138 objective=0.0111063593896 qs=0.0107778693743 aspect=7.98187570649 mean_iota=-1.09693555311 solver_iterations=2801
evaluation=139 objective=0.0106271700604 qs=0.0104433740141 aspect=7.98644285995 mean_iota=-1.09719748372 solver_iterations=2794
evaluation=140 objective=0.0106211817798 qs=0.0104370267554 aspect=7.98642962696 mean_iota=-1.09719845842 solver_iterations=2794
evaluation=141 objective=0.0106290320676 qs=0.0104450809721 aspect=7.98643714279 mean_iota=-1.09721156679 solver_iterations=2784
evaluation=142 objective=0.0106509780363 qs=0.0104607193271 aspect=7.98620657007 mean_iota=-1.09723704083 solver_iterations=2768
evaluation=143 objective=0.0106365341077 qs=0.0104529941229 aspect=7.98645230703 mean_iota=-1.09721228529 solver_iterations=2783
evaluation=144 objective=0.0106171220592 qs=0.0104330523279 aspect=7.98643276995 mean_iota=-1.09719814632 solver_iterations=2794
evaluation=145 objective=0.0106284979038 qs=0.0104443368623 aspect=7.98642940527 mean_iota=-1.09719854348 solver_iterations=2794
evaluation=146 objective=0.0107563812678 qs=0.010572220081 aspect=7.98642939991 mean_iota=-1.09741069014 solver_iterations=2794
evaluation=147 objective=0.0106161069352 qs=0.0104319457484 aspect=7.98642939991 mean_iota=-1.09719963402 solver_iterations=2795
evaluation=148 objective=0.0104472950362 qs=0.0102637404754 aspect=7.98645176909 mean_iota=-1.09720160826 solver_iterations=2792
evaluation=149 objective=0.0110423341759 qs=0.0108991892848 aspect=7.98803568259 mean_iota=-1.09769010941 solver_iterations=2785
evaluation=150 objective=0.0105649034606 qs=0.010208103542 aspect=7.98111085183 mean_iota=-1.09649331017 solver_iterations=2771
evaluation=151 objective=0.01065423574 qs=0.0104702891545 aspect=7.98643730906 mean_iota=-1.09719840572 solver_iterations=2794
evaluation=152 objective=0.0106230687641 qs=0.0104389115999 aspect=7.98642954812 mean_iota=-1.09719845466 solver_iterations=2794
evaluation=153 objective=0.0106287943909 qs=0.0104445459614 aspect=7.98642618589 mean_iota=-1.09719684957 solver_iterations=2794
evaluation=154 objective=0.0106828023291 qs=0.0104898048261 aspect=7.98610764588 mean_iota=-1.09721242893 solver_iterations=2775
evaluation=155 objective=0.0106322555052 qs=0.010448551933 aspect=7.98644627091 mean_iota=-1.09720850913 solver_iterations=2782
evaluation=156 objective=0.0106268097681 qs=0.0104427543391 aspect=7.98643329705 mean_iota=-1.09719868266 solver_iterations=2793
evaluation=157 objective=0.0106283395917 qs=0.0104441791643 aspect=7.98642942789 mean_iota=-1.09719854394 solver_iterations=2794
evaluation=158 objective=0.0106295704676 qs=0.0104454092808 aspect=7.98642939991 mean_iota=-1.09719851966 solver_iterations=2794
accepted mode=2 iteration=5 objective=0.0106295704676
    5    153     0.005314785234       8.6052465370.003920412184
evaluation=159 objective=0.00633416697391 qs=0.00633205566912 aspect=7.99854696704 mean_iota=-1.10347855583 solver_iterations=2567
evaluation=160 objective=0.00630918406709 qs=0.00630709726309 aspect=7.99855542255 mean_iota=-1.10367754434 solver_iterations=2567
evaluation=161 objective=0.00634932180804 qs=0.00634720752549 aspect=7.99854594273 mean_iota=-1.10347944928 solver_iterations=2567
evaluation=162 objective=0.00631414764589 qs=0.00631205117181 aspect=7.9985520794 mean_iota=-1.10347513784 solver_iterations=2567
evaluation=163 objective=0.00632779781083 qs=0.00632326786395 aspect=7.99787163281 mean_iota=-1.10305762938 solver_iterations=2575
evaluation=164 objective=0.00636532649253 qs=0.00632925793269 aspect=7.9939942894 mean_iota=-1.10320325873 solver_iterations=2573
evaluation=165 objective=0.00633235038681 qs=0.00633027589378 aspect=7.99855968995 mean_iota=-1.10347781981 solver_iterations=2567
evaluation=166 objective=0.00633363504447 qs=0.006331524539 aspect=7.99854724212 mean_iota=-1.10347863109 solver_iterations=2567
evaluation=167 objective=0.00633262487547 qs=0.00633054927228 aspect=7.99855930462 mean_iota=-1.1034899017 solver_iterations=2567
evaluation=168 objective=0.00633585988947 qs=0.00633305883993 aspect=7.99832636637 mean_iota=-1.10351505617 solver_iterations=2563
evaluation=169 objective=0.00633279090951 qs=0.00633075273962 aspect=7.99857235512 mean_iota=-1.10349657784 solver_iterations=2566
evaluation=170 objective=0.00633270144833 qs=0.00633060852073 aspect=7.99855330459 mean_iota=-1.10347753973 solver_iterations=2567
evaluation=171 objective=0.00633480038963 qs=0.00633268886929 aspect=7.99854689287 mean_iota=-1.10347852641 solver_iterations=2567
evaluation=172 objective=0.00635284420708 qs=0.00635073290229 aspect=7.99854696704 mean_iota=-1.10368849137 solver_iterations=2567
evaluation=173 objective=0.00632338124109 qs=0.00632126993631 aspect=7.99854696704 mean_iota=-1.10348023411 solver_iterations=2567
evaluation=174 objective=0.00632551601591 qs=0.00632346483475 aspect=7.99856780547 mean_iota=-1.1034821134 solver_iterations=2567
evaluation=175 objective=0.00631717227487 qs=0.0063171480655 aspect=8.00015559358 mean_iota=-1.1039706738 solver_iterations=2567
evaluation=176 objective=0.00649186549983 qs=0.00644583649744 aspect=7.99321553227 mean_iota=-1.10276322806 solver_iterations=2538
evaluation=177 objective=0.00633191128308 qs=0.00632983648435 aspect=7.99855958383 mean_iota=-1.10347800794 solver_iterations=2567
evaluation=178 objective=0.00633163153317 qs=0.00632952103987 aspect=7.9985472463 mean_iota=-1.10347842544 solver_iterations=2567
evaluation=179 objective=0.00633418781103 qs=0.00633205966288 aspect=7.99854118262 mean_iota=-1.10347409774 solver_iterations=2567
evaluation=180 objective=0.00633326930228 qs=0.0063301319337 aspect=7.99822873814 mean_iota=-1.10349994422 solver_iterations=2567
evaluation=181 objective=0.00633235633869 qs=0.00633028982223 aspect=7.99856246167 mean_iota=-1.10349013811 solver_iterations=2566
evaluation=182 objective=0.00633171683387 qs=0.00632962695479 aspect=7.99855435859 mean_iota=-1.10347946224 solver_iterations=2567
evaluation=183 objective=0.00633494465138 qs=0.00633283317373 aspect=7.99854690756 mean_iota=-1.10347853354 solver_iterations=2567
evaluation=184 objective=0.00633416697391 qs=0.00633205566912 aspect=7.99854696704 mean_iota=-1.10347855583 solver_iterations=2567
accepted mode=2 iteration=6 objective=0.00633416697391
    6    178     0.003167083487       1.3546362170.007840824368
evaluation=185 objective=0.00697376154818 qs=0.00691385885898 aspect=7.99226031724 mean_iota=-1.1125443717 solver_iterations=2257
evaluation=186 objective=0.0058804254018 qs=0.00588004638762 aspect=8.00061564128 mean_iota=-1.10693737408 solver_iterations=2507
evaluation=187 objective=0.00587464394474 qs=0.00587425409618 aspect=8.00062437854 mean_iota=-1.10713739072 solver_iterations=2508
evaluation=188 objective=0.00588576251276 qs=0.00588538469292 aspect=8.00061467051 mean_iota=-1.10693846774 solver_iterations=2508
evaluation=189 objective=0.00587757730013 qs=0.00587719454761 aspect=8.00061866996 mean_iota=-1.10693388829 solver_iterations=2509
evaluation=190 objective=0.00591471191523 qs=0.0059147090538 aspect=7.99994650765 mean_iota=-1.10651378326 solver_iterations=2357
evaluation=191 objective=0.00594324304398 qs=0.00592777160076 aspect=7.99606662445 mean_iota=-1.10665226992 solver_iterations=2424
evaluation=192 objective=0.00587993501209 qs=0.005879538161 aspect=8.00062996118 mean_iota=-1.10693629973 solver_iterations=2508
evaluation=193 objective=0.00588028343789 qs=0.00587990401566 aspect=8.00061597259 mean_iota=-1.10693746717 solver_iterations=2508
evaluation=194 objective=0.00587961915469 qs=0.00587922209488 aspect=8.00063012682 mean_iota=-1.10694808813 solver_iterations=2510
evaluation=195 objective=0.00587792577123 qs=0.00587776924663 aspect=8.0003956319 mean_iota=-1.10697290177 solver_iterations=2424
evaluation=196 objective=0.005879815529 qs=0.0058794032845 aspect=8.00064206269 mean_iota=-1.10695775567 solver_iterations=2510
evaluation=197 objective=0.00587990497448 qs=0.00587951479309 aspect=8.00062464502 mean_iota=-1.10693626489 solver_iterations=2508
evaluation=198 objective=0.00588058042025 qs=0.00588020149162 aspect=8.00061557179 mean_iota=-1.10693739595 solver_iterations=2508
evaluation=199 objective=0.00588987446193 qs=0.00588949544775 aspect=8.00061564128 mean_iota=-1.10714666774 solver_iterations=2506
evaluation=200 objective=0.00587681456122 qs=0.00587643554704 aspect=8.00061564128 mean_iota=-1.10693918607 solver_iterations=2508
evaluation=201 objective=0.00587834628155 qs=0.00587794202898 aspect=8.0006358086 mean_iota=-1.10694141722 solver_iterations=2508
evaluation=202 objective=0.00590721138314 qs=0.00590226881328 aspect=8.00222318912 mean_iota=-1.10742744731 solver_iterations=2513
evaluation=203 objective=0.00597167571506 qs=0.005949442454 aspect=7.99528478409 mean_iota=-1.10622814574 solver_iterations=2525
evaluation=204 objective=0.00588022242038 qs=0.00587982506848 aspect=8.00063035855 mean_iota=-1.10693648037 solver_iterations=2508
evaluation=205 objective=0.00587935240392 qs=0.00587897304488 aspect=8.00061592129 mean_iota=-1.10693726835 solver_iterations=2508
evaluation=206 objective=0.00588025877698 qs=0.00587988809785 aspect=8.00060883424 mean_iota=-1.10693146394 solver_iterations=2509
evaluation=207 objective=0.00588074686921 qs=0.00588065725198 aspect=8.00029936137 mean_iota=-1.10696009705 solver_iterations=2514
evaluation=208 objective=0.00587957646495 qs=0.00587918072429 aspect=8.00062907921 mean_iota=-1.10694897189 solver_iterations=2510
evaluation=209 objective=0.00587914894099 qs=0.00587875717729 aspect=8.0006259103 mean_iota=-1.10693880677 solver_iterations=2510
evaluation=210 objective=0.00588072127798 qs=0.00588034234238 aspect=8.00061557745 mean_iota=-1.10693739178 solver_iterations=2508
evaluation=211 objective=0.0058804254018 qs=0.00588004638762 aspect=8.00061564128 mean_iota=-1.10693737408 solver_iterations=2507
accepted mode=2 iteration=7 objective=0.0058804254018
    7    204     0.002940212701       0.5479527520.003920412184
evaluation=212 objective=0.00550947809915 qs=0.00550865905871 aspect=7.99909499147 mean_iota=-1.11651601345 solver_iterations=2574
evaluation=213 objective=0.0054769991733 qs=0.00547619768744 aspect=7.99910474258 mean_iota=-1.11671497214 solver_iterations=2574
evaluation=214 objective=0.00551162945663 qs=0.00551080883192 aspect=7.99909411661 mean_iota=-1.11651715331 solver_iterations=2575
evaluation=215 objective=0.0054785121804 qs=0.00547769415193 aspect=7.99909555074 mean_iota=-1.11651003722 solver_iterations=2574
evaluation=216 objective=0.00555365043487 qs=0.00555122555842 aspect=7.99844279852 mean_iota=-1.11608434376 solver_iterations=2571
evaluation=217 objective=0.00555767712952 qs=0.00552819956252 aspect=7.99457067527 mean_iota=-1.11621696821 solver_iterations=2444
evaluation=218 objective=0.00550398034046 qs=0.00550319279396 aspect=7.99911256183 mean_iota=-1.11651388778 solver_iterations=2574
evaluation=219 objective=0.00550688011056 qs=0.00550606183619 aspect=7.99909541481 mean_iota=-1.1165160078 solver_iterations=2574
evaluation=220 objective=0.00550928906949 qs=0.0055084961013 aspect=7.99910951239 mean_iota=-1.11652618849 solver_iterations=2573
evaluation=221 objective=0.00551371742334 qs=0.00551242793245 aspect=7.99886444248 mean_iota=-1.11655410677 solver_iterations=2574
evaluation=222 objective=0.00550844573901 qs=0.00550767585854 aspect=7.99912257167 mean_iota=-1.11654140508 solver_iterations=2575
evaluation=223 objective=0.00550506640695 qs=0.00550426665503 aspect=7.9991057115 mean_iota=-1.11651535311 solver_iterations=2574
evaluation=224 objective=0.00550942056719 qs=0.00550860133938 aspect=7.99909488795 mean_iota=-1.11651598807 solver_iterations=2574
evaluation=225 objective=0.00554012132593 qs=0.00553930228549 aspect=7.99909499147 mean_iota=-1.1167234239 solver_iterations=2574
evaluation=226 objective=0.00550665680685 qs=0.00550583776641 aspect=7.99909499147 mean_iota=-1.1165179185 solver_iterations=2575
evaluation=227 objective=0.00548279882893 qs=0.00548201775428 aspect=7.99911621573 mean_iota=-1.11652179091 solver_iterations=2574
evaluation=228 objective=0.00553502093914 qs=0.00553453342633 aspect=8.00069822117 mean_iota=-1.1169943108 solver_iterations=2576
evaluation=229 objective=0.00563021665587 qs=0.00559154657538 aspect=7.9937814728 mean_iota=-1.11581642979 solver_iterations=2609
evaluation=230 objective=0.0055166643105 qs=0.00551587886216 aspect=7.99911374476 mean_iota=-1.11651410119 solver_iterations=2574
evaluation=231 objective=0.0055070238917 qs=0.00550620540164 aspect=7.9990952956 mean_iota=-1.11651579629 solver_iterations=2574
evaluation=232 objective=0.00550928393025 qs=0.00550845328393 aspect=7.999088602 mean_iota=-1.11650986469 solver_iterations=2574
evaluation=233 objective=0.00551412864955 qs=0.00551260873946 aspect=7.99876715366 mean_iota=-1.1165401707 solver_iterations=2575
evaluation=234 objective=0.00550923294914 qs=0.00550843199796 aspect=7.99910504124 mean_iota=-1.11652893558 solver_iterations=2573
evaluation=235 objective=0.00550585879372 qs=0.00550506184712 aspect=7.99910728134 mean_iota=-1.1165184849 solver_iterations=2574
evaluation=236 objective=0.0055095658588 qs=0.00550874665401 aspect=7.99909490067 mean_iota=-1.11651598708 solver_iterations=2574
evaluation=237 objective=0.00550947809915 qs=0.00550865905871 aspect=7.99909499147 mean_iota=-1.11651601345 solver_iterations=2574
accepted mode=2 iteration=8 objective=0.00550947809915
    8    229      0.00275473905       1.3441371710.007840824368
evaluation=238 objective=0.00600325602417 qs=0.00595445506552 aspect=7.99301423171 mean_iota=-1.12592114298 solver_iterations=2300
evaluation=239 objective=0.00523512776262 qs=0.00523464060765 aspect=8.00069796488 mean_iota=-1.11938722391 solver_iterations=2417
evaluation=240 objective=0.00523048217025 qs=0.005229981271 aspect=8.00070774236 mean_iota=-1.11958656042 solver_iterations=2416
evaluation=241 objective=0.00523772392027 qs=0.00523723796599 aspect=8.00069710421 mean_iota=-1.11938849859 solver_iterations=2417
evaluation=242 objective=0.0052313899843 qs=0.00523090353985 aspect=8.0006974557 mean_iota=-1.11938162612 solver_iterations=2415
evaluation=243 objective=0.00528111755227 qs=0.00528111514321 aspect=8.00004908214 mean_iota=-1.11895047504 solver_iterations=2400
evaluation=244 objective=0.00530162070214 qs=0.00528695018422 aspect=7.99616978879 mean_iota=-1.11908053179 solver_iterations=2368
evaluation=245 objective=0.00523407238807 qs=0.00523355826679 aspect=8.0007170225 mean_iota=-1.11938465435 solver_iterations=2415
evaluation=246 objective=0.00523482062072 qs=0.00523433281493 aspect=8.00069843095 mean_iota=-1.11938718569 solver_iterations=2416
evaluation=247 objective=0.0052344425839 qs=0.00523393206808 aspect=8.00071450389 mean_iota=-1.1193974096 solver_iterations=2415
evaluation=248 objective=0.00523612409279 qs=0.00523589864027 aspect=8.0004748184 mean_iota=-1.11942309971 solver_iterations=2409
evaluation=249 objective=0.00523458446621 qs=0.00523405964056 aspect=8.00072444851 mean_iota=-1.1194142512 solver_iterations=2411
evaluation=250 objective=0.00523417423649 qs=0.00523367068255 aspect=8.00070961535 mean_iota=-1.11938670398 solver_iterations=2415
evaluation=251 objective=0.00523518922536 qs=0.00523470214567 aspect=8.00069791095 mean_iota=-1.11938721158 solver_iterations=2416
evaluation=252 objective=0.00524552218166 qs=0.00524503502669 aspect=8.00069796488 mean_iota=-1.11959445234 solver_iterations=2416
evaluation=253 objective=0.00523325349553 qs=0.00523276634055 aspect=8.00069796488 mean_iota=-1.11938913533 solver_iterations=2417
evaluation=254 objective=0.00523171456291 qs=0.00523119869885 aspect=8.00071823678 mean_iota=-1.11939307561 solver_iterations=2416
evaluation=255 objective=0.00526395377265 qs=0.00525865317261 aspect=8.0023023032 mean_iota=-1.11986238387 solver_iterations=2412
evaluation=256 objective=0.00531952089829 qs=0.00529813861991 aspect=7.99537590243 mean_iota=-1.11869149018 solver_iterations=2625
evaluation=257 objective=0.00523670074369 qs=0.00523618585752 aspect=8.00071755569 mean_iota=-1.11938503627 solver_iterations=2415
evaluation=258 objective=0.00523411130443 qs=0.00523362371654 aspect=8.00069827494 mean_iota=-1.11938702563 solver_iterations=2416
evaluation=259 objective=0.00523481789597 qs=0.00523434109878 aspect=8.00069050502 mean_iota=-1.11937960327 solver_iterations=2415
evaluation=260 objective=0.00523631400724 qs=0.00523617036987 aspect=8.00037899521 mean_iota=-1.1194129806 solver_iterations=2411
evaluation=261 objective=0.00523435078665 qs=0.00523385267992 aspect=8.00070576676 mean_iota=-1.11940066322 solver_iterations=2412
evaluation=262 objective=0.00523368171863 qs=0.00523317587662 aspect=8.00071122571 mean_iota=-1.11938968188 solver_iterations=2415
evaluation=263 objective=0.00523521868466 qs=0.00523473160279 aspect=8.00069791251 mean_iota=-1.11938720953 solver_iterations=2416
evaluation=264 objective=0.00523512776262 qs=0.00523464060765 aspect=8.00069796488 mean_iota=-1.11938722391 solver_iterations=2417
accepted mode=2 iteration=9 objective=0.00523512776262
    9    255     0.002617563881      0.52174027440.003920412184
evaluation=265 objective=0.0049437319074 qs=0.00494270786383 aspect=7.99898804962 mean_iota=-1.12728883807 solver_iterations=2582
evaluation=266 objective=0.0049083879645 qs=0.00490738486448 aspect=7.99899845119 mean_iota=-1.12748678689 solver_iterations=2582
evaluation=267 objective=0.00494467982387 qs=0.0049436541118 aspect=7.99898722556 mean_iota=-1.12729011378 solver_iterations=2582
evaluation=268 objective=0.0049073454804 qs=0.00490631683131 aspect=7.99898577661 mean_iota=-1.12728224281 solver_iterations=2582
evaluation=269 objective=0.00498571688618 qs=0.00498299090656 aspect=7.99834894591 mean_iota=-1.12683941126 solver_iterations=2588
evaluation=270 objective=0.00498006487293 qs=0.00494944504217 aspect=7.99446648116 mean_iota=-1.12696517422 solver_iterations=2572
evaluation=271 objective=0.0049346378326 qs=0.00493365563674 aspect=7.99900894205 mean_iota=-1.1272852033 solver_iterations=2582
evaluation=272 objective=0.00494083046944 qs=0.00493980754437 aspect=7.99898860242 mean_iota=-1.12728873987 solver_iterations=2582
evaluation=273 objective=0.00494291897779 qs=0.00494193225061 aspect=7.99900665858 mean_iota=-1.12729956352 solver_iterations=2583
evaluation=274 objective=0.00494805833477 qs=0.00494655276526 aspect=7.99877298349 mean_iota=-1.12732300402 solver_iterations=2587
evaluation=275 objective=0.00494351199458 qs=0.00494253468687 aspect=7.99901141125 mean_iota=-1.12731977234 solver_iterations=2588
evaluation=276 objective=0.00493888123292 qs=0.00493788070841 aspect=7.99899973778 mean_iota=-1.12728875898 solver_iterations=2582
evaluation=277 objective=0.0049436606806 qs=0.00494263655813 aspect=7.99898801064 mean_iota=-1.12728883206 solver_iterations=2582
evaluation=278 objective=0.00497746106902 qs=0.00497643702545 aspect=7.99898804962 mean_iota=-1.1274944149 solver_iterations=2582
evaluation=279 objective=0.0049413908686 qs=0.00494036682502 aspect=7.99898804962 mean_iota=-1.12729070931 solver_iterations=2582
evaluation=280 objective=0.00491267044856 qs=0.00491168723392 aspect=7.9990084282 mean_iota=-1.12729545238 solver_iterations=2582
evaluation=281 objective=0.00496197197279 qs=0.00496162196148 aspect=8.00059161754 mean_iota=-1.12775386873 solver_iterations=2583
evaluation=282 objective=0.00507076647347 qs=0.00503058142319 aspect=7.99366083205 mean_iota=-1.12659359665 solver_iterations=2418
evaluation=283 objective=0.00495572694062 qs=0.00495474556919 aspect=7.99900935807 mean_iota=-1.12728574822 solver_iterations=2582
evaluation=284 objective=0.0049411035357 qs=0.00494008016848 aspect=7.99898838386 mean_iota=-1.12728861479 solver_iterations=2582
evaluation=285 objective=0.00494301541887 qs=0.00494197375794 aspect=7.99897938209 mean_iota=-1.12727968285 solver_iterations=2582
evaluation=286 objective=0.00494903467446 qs=0.00494728918054 aspect=7.99867882858 mean_iota=-1.12731841103 solver_iterations=2588
evaluation=287 objective=0.00494352261881 qs=0.0049425024774 aspect=7.9989899795 mean_iota=-1.12730348849 solver_iterations=2588
evaluation=288 objective=0.00493998127393 qs=0.00493898420878 aspect=7.9990014685 mean_iota=-1.12729163945 solver_iterations=2582
evaluation=289 objective=0.00494364567541 qs=0.00494262155759 aspect=7.99898801293 mean_iota=-1.12728883162 solver_iterations=2582
evaluation=290 objective=0.0049437319074 qs=0.00494270786383 aspect=7.99898804962 mean_iota=-1.12728883807 solver_iterations=2582
accepted mode=2 iteration=10 objective=0.0049437319074
   10    280     0.002471865954       1.4970855620.003920412184
evaluation=291 objective=0.00458215163393 qs=0.00458180542094 aspect=7.99941160134 mean_iota=-1.13361184354 solver_iterations=2291
evaluation=292 objective=0.00455486877366 qs=0.00455453524821 aspect=7.99942248338 mean_iota=-1.13381089437 solver_iterations=2291
evaluation=293 objective=0.0045836142325 qs=0.00458326708175 aspect=7.999410805 mean_iota=-1.13361325752 solver_iterations=2291
evaluation=294 objective=0.00455424266107 qs=0.00455389205133 aspect=7.99940787692 mean_iota=-1.13360559798 solver_iterations=2293
evaluation=295 objective=0.00463960519965 qs=0.00463811150269 aspect=7.99877783104 mean_iota=-1.13315389221 solver_iterations=2299
evaluation=296 objective=0.00464632139838 qs=0.00462013413528 aspect=7.99488265077 mean_iota=-1.13327074831 solver_iterations=2289
evaluation=297 objective=0.00457548498336 qs=0.00457516350947 aspect=7.99943301333 mean_iota=-1.13360750506 solver_iterations=2292
evaluation=298 objective=0.00457940340619 qs=0.00457905799747 aspect=7.99941228518 mean_iota=-1.13361171184 solver_iterations=2291
evaluation=299 objective=0.00458079115541 qs=0.0045804703698 aspect=7.99943362061 mean_iota=-1.13362248993 solver_iterations=2291
evaluation=300 objective=0.00458489071162 qs=0.00458426639621 aspect=7.99920986367 mean_iota=-1.13364255613 solver_iterations=2286
evaluation=301 objective=0.00458296104443 qs=0.00458263874763 aspect=7.9994322881 mean_iota=-1.1336438394 solver_iterations=2289
evaluation=302 objective=0.00457849180497 qs=0.0045781594687 aspect=7.99942351385 mean_iota=-1.13361193651 solver_iterations=2291
evaluation=303 objective=0.00458212348996 qs=0.00458177724852 aspect=7.99941157716 mean_iota=-1.13361183783 solver_iterations=2291
evaluation=304 objective=0.00461079194328 qs=0.0046104457303 aspect=7.99941160134 mean_iota=-1.13381766694 solver_iterations=2291
evaluation=305 objective=0.0045789674336 qs=0.00457862122062 aspect=7.99941160134 mean_iota=-1.13361384519 solver_iterations=2291
evaluation=306 objective=0.0045554716237 qs=0.00455514795018 aspect=7.99943107688 mean_iota=-1.13361829604 solver_iterations=2289
evaluation=307 objective=0.00461002939051 qs=0.00460899028119 aspect=8.00101936711 mean_iota=-1.13407013629 solver_iterations=2300
evaluation=308 objective=0.00468214445015 qs=0.00464693064538 aspect=7.99406587793 mean_iota=-1.13292878194 solver_iterations=2299
evaluation=309 objective=0.00459603031458 qs=0.00459570963269 aspect=7.99943371218 mean_iota=-1.13360783595 solver_iterations=2291
evaluation=310 objective=0.00457951245341 qs=0.00457916669075 aspect=7.99941198413 mean_iota=-1.13361158537 solver_iterations=2291
evaluation=311 objective=0.00458088436372 qs=0.00458052543017 aspect=7.99940088937 mean_iota=-1.13359975951 solver_iterations=2291
evaluation=312 objective=0.00458723041007 qs=0.00458645418738 aspect=7.99911896499 mean_iota=-1.13364150693 solver_iterations=2294
evaluation=313 objective=0.00458155833876 qs=0.00458120935952 aspect=7.99940925536 mean_iota=-1.13362592503 solver_iterations=2287
evaluation=314 objective=0.00457880664769 qs=0.00457847625776 aspect=7.99942520444 mean_iota=-1.13361449568 solver_iterations=2291
evaluation=315 objective=0.00458210433256 qs=0.00458175809624 aspect=7.99941158151 mean_iota=-1.13361183586 solver_iterations=2291
evaluation=316 objective=0.00458215163393 qs=0.00458180542094 aspect=7.99941160134 mean_iota=-1.13361184354 solver_iterations=2291
accepted mode=2 iteration=11 objective=0.00458215163393
   11    305     0.002291075817       1.3117465510.007840824368
evaluation=317 objective=0.00508513085776 qs=0.00504314407661 aspect=7.99352027924 mean_iota=-1.14571122586 solver_iterations=2406
evaluation=318 objective=0.00437349577931 qs=0.00437313204562 aspect=8.00060310338 mean_iota=-1.13687745287 solver_iterations=2589
evaluation=319 objective=0.00437223103594 qs=0.00437185347453 aspect=8.00061446026 mean_iota=-1.13707534297 solver_iterations=2589
evaluation=320 objective=0.00437231321026 qs=0.0043719504016 aspect=8.000602336 mean_iota=-1.1368789366 solver_iterations=2590
evaluation=321 objective=0.00435950237443 qs=0.00435914426733 aspect=8.0005984205 mean_iota=-1.13686943947 solver_iterations=2513
evaluation=322 objective=0.00442289825709 qs=0.00442289768428 aspect=7.99997606659 mean_iota=-1.13641146972 solver_iterations=2511
evaluation=323 objective=0.00443369358943 qs=0.00441831968725 aspect=7.99607904321 mean_iota=-1.13653398491 solver_iterations=2360
evaluation=324 objective=0.00436037733378 qs=0.00435998730296 aspect=8.00062452448 mean_iota=-1.1368714183 solver_iterations=2512
evaluation=325 objective=0.00437229031755 qs=0.00437192567867 aspect=8.00060385336 mean_iota=-1.13687725496 solver_iterations=2587
evaluation=326 objective=0.00437386040424 qs=0.00437346830443 aspect=8.00062617873 mean_iota=-1.13688974715 solver_iterations=2611
evaluation=327 objective=0.00437286201133 qs=0.00437269867042 aspect=8.00040415457 mean_iota=-1.13691042072 solver_iterations=2806
evaluation=328 objective=0.00437171771122 qs=0.00437133113851 aspect=8.00062174972 mean_iota=-1.13691316451 solver_iterations=2810
evaluation=329 objective=0.00437177931811 qs=0.00437140221953 aspect=8.00061408353 mean_iota=-1.13687783244 solver_iterations=2590
evaluation=330 objective=0.00437342482343 qs=0.00437306112796 aspect=8.00060307169 mean_iota=-1.1368774499 solver_iterations=2589
evaluation=331 objective=0.00438302981433 qs=0.00438266608064 aspect=8.00060310338 mean_iota=-1.13708279742 solver_iterations=2589
evaluation=332 objective=0.00437370582673 qs=0.00437334209305 aspect=8.00060310338 mean_iota=-1.13687950984 solver_iterations=2590
evaluation=333 objective=0.00436883402794 qs=0.00436844526587 aspect=8.00062350788 mean_iota=-1.13688494157 solver_iterations=2589
evaluation=334 objective=0.00439321000319 qs=0.00438833349955 aspect=8.0022082807 mean_iota=-1.13732788184 solver_iterations=2514
evaluation=335 objective=0.00444768497836 qs=0.00442518174216 aspect=7.9952562424 mean_iota=-1.13619421228 solver_iterations=2761
evaluation=336 objective=0.00438022657642 qs=0.00437983586126 aspect=8.00062507213 mean_iota=-1.13687249854 solver_iterations=2587
evaluation=337 objective=0.00437317643177 qs=0.00437281220793 aspect=8.00060350961 mean_iota=-1.1368771456 solver_iterations=2589
evaluation=338 objective=0.00437376496248 qs=0.00437341495129 aspect=8.00059161744 mean_iota=-1.13686620418 solver_iterations=2611
evaluation=339 objective=0.00437549317489 qs=0.00437539428811 aspect=8.00031446269 mean_iota=-1.13690895057 solver_iterations=2586
evaluation=340 objective=0.00437362544822 qs=0.00437326855909 aspect=8.00059740198 mean_iota=-1.13689406864 solver_iterations=2608
evaluation=341 objective=0.00437255488844 qs=0.00437217568087 aspect=8.00061579832 mean_iota=-1.13688032308 solver_iterations=2590
evaluation=342 objective=0.00437285541783 qs=0.0043724917116 aspect=8.00060308062 mean_iota=-1.13687751554 solver_iterations=2589
evaluation=343 objective=0.00437349577931 qs=0.00437313204562 aspect=8.00060310338 mean_iota=-1.13687745287 solver_iterations=2589
accepted mode=2 iteration=12 objective=0.00437349577931
   12    331      0.00218674789        1.456557780.003920412184
evaluation=344 objective=0.00414572806344 qs=0.00414568037818 aspect=8.00021836955 mean_iota=-1.14462795084 solver_iterations=2242
evaluation=345 objective=0.00413605013151 qs=0.00413599701817 aspect=8.00023046332 mean_iota=-1.14482793483 solver_iterations=2242
evaluation=346 objective=0.00414680982062 qs=0.00414676247129 aspect=8.00021759903 mean_iota=-1.14462951084 solver_iterations=2242
evaluation=347 objective=0.0041329672929 qs=0.00413292305425 aspect=8.00021032988 mean_iota=-1.14461899059 solver_iterations=2242
evaluation=348 objective=0.00419739836925 qs=0.00419724261294 aspect=7.99960534025 mean_iota=-1.14415687041 solver_iterations=2122
evaluation=349 objective=0.00420968058962 qs=0.00419119204287 aspect=7.99570016899 mean_iota=-1.14427152611 solver_iterations=2136
evaluation=350 objective=0.00413985306956 qs=0.00413979656263 aspect=8.00023771187 mean_iota=-1.14462162683 solver_iterations=2127
evaluation=351 objective=0.00414414531599 qs=0.00414409722739 aspect=8.00021929115 mean_iota=-1.1446277432 solver_iterations=2242
evaluation=352 objective=0.00414508659686 qs=0.00414502683128 aspect=8.00024446999 mean_iota=-1.1446397986 solver_iterations=2243
evaluation=353 objective=0.00414701247202 qs=0.00414701142487 aspect=8.00003235967 mean_iota=-1.14465688472 solver_iterations=2245
evaluation=354 objective=0.00414589828143 qs=0.00414584323705 aspect=8.00023461539 mean_iota=-1.14466378928 solver_iterations=2245
evaluation=355 objective=0.0041437945965 qs=0.00414374164971 aspect=8.00023010169 mean_iota=-1.14462843693 solver_iterations=2242
evaluation=356 objective=0.00414571554358 qs=0.00414566786797 aspect=8.00021834744 mean_iota=-1.14462794649 solver_iterations=2242
evaluation=357 objective=0.00416225071856 qs=0.0041622030333 aspect=8.00021836955 mean_iota=-1.14483463992 solver_iterations=2242
evaluation=358 objective=0.00414399143644 qs=0.00414394375118 aspect=8.00021836955 mean_iota=-1.14463032319 solver_iterations=2242
evaluation=359 objective=0.00413452238668 qs=0.00413446436019 aspect=8.00024088688 mean_iota=-1.14463731918 solver_iterations=2245
evaluation=360 objective=0.00416743894978 qs=0.00416414209922 aspect=8.00181572315 mean_iota=-1.14506880544 solver_iterations=2126
evaluation=361 objective=0.0042337880519 qs=0.00420741852624 aspect=7.99486487336 mean_iota=-1.14394776866 solver_iterations=2354
evaluation=362 objective=0.00415606556906 qs=0.0041560072846 aspect=8.00024142175 mean_iota=-1.14462119926 solver_iterations=2242
evaluation=363 objective=0.00414411115108 qs=0.00414406328092 aspect=8.0002187925 mean_iota=-1.14462763299 solver_iterations=2242
evaluation=364 objective=0.0041449010812 qs=0.00414485918739 aspect=8.00020467978 mean_iota=-1.14461360954 solver_iterations=2245
evaluation=365 objective=0.00414825395711 qs=0.00414825101061 aspect=7.99994571834 mean_iota=-1.14466327665 solver_iterations=2246
evaluation=366 objective=0.00414528052296 qs=0.00414523789905 aspect=8.00020645558 mean_iota=-1.14464325107 solver_iterations=2245
evaluation=367 objective=0.00414420490022 qs=0.00414415125718 aspect=8.00023160968 mean_iota=-1.14463082417 solver_iterations=2243
evaluation=368 objective=0.00414561371353 qs=0.00414556603398 aspect=8.00021835647 mean_iota=-1.14462795083 solver_iterations=2242
evaluation=369 objective=0.00414572806344 qs=0.00414568037818 aspect=8.00021836955 mean_iota=-1.14462795084 solver_iterations=2242
accepted mode=2 iteration=13 objective=0.00414572806344
   13    356     0.002072864032      0.66482780060.003920412184
evaluation=370 objective=0.0039160339508 qs=0.00391556266809 aspect=7.99931349967 mean_iota=-1.14928317872 solver_iterations=2328
evaluation=371 objective=0.00389299701123 qs=0.0038925429839 aspect=7.9993261845 mean_iota=-1.14948420953 solver_iterations=2327
evaluation=372 objective=0.00391087173102 qs=0.00391039943436 aspect=7.99931276157 mean_iota=-1.14928474311 solver_iterations=2328
evaluation=373 objective=0.00388725488001 qs=0.00388677425418 aspect=7.99930672817 mean_iota=-1.14927535996 solver_iterations=2335
evaluation=374 objective=0.0039884989683 qs=0.00398687154057 aspect=7.99872429324 mean_iota=-1.14880759551 solver_iterations=2320
evaluation=375 objective=0.00398107572333 qs=0.00395430974071 aspect=7.99482641492 mean_iota=-1.14891166302 solver_iterations=2333
evaluation=376 objective=0.00390488716384 qs=0.00390444098943 aspect=7.99933203712 mean_iota=-1.14927720853 solver_iterations=2333
evaluation=377 objective=0.00390978827144 qs=0.00390931840799 aspect=7.99931453414 mean_iota=-1.14928290726 solver_iterations=2328
evaluation=378 objective=0.00391809039642 qs=0.00391765387028 aspect=7.99933929875 mean_iota=-1.14929486269 solver_iterations=2358
evaluation=379 objective=0.00392044265682 qs=0.00391968425145 aspect=7.99912913528 mean_iota=-1.14931094515 solver_iterations=2361
evaluation=380 objective=0.00391901588183 qs=0.00391855901582 aspect=7.99932408136 mean_iota=-1.14932037414 solver_iterations=2360
evaluation=381 objective=0.00391283266348 qs=0.00391237438117 aspect=7.99932303448 mean_iota=-1.1492837397 solver_iterations=2328
evaluation=382 objective=0.00391550674864 qs=0.0039150354141 aspect=7.99931346192 mean_iota=-1.14928316875 solver_iterations=2328
evaluation=383 objective=0.00394668694782 qs=0.00394621566512 aspect=7.99931349967 mean_iota=-1.14949134648 solver_iterations=2329
evaluation=384 objective=0.00391886912576 qs=0.00391839784306 aspect=7.99931349967 mean_iota=-1.14928544053 solver_iterations=2328
evaluation=385 objective=0.00388642796693 qs=0.00388598420607 aspect=7.99933384622 mean_iota=-1.14929101842 solver_iterations=2329
evaluation=386 objective=0.00394753469267 qs=0.00394674089944 aspect=8.00089095075 mean_iota=-1.14971485087 solver_iterations=2332
evaluation=387 objective=0.00401543820487 qs=0.00397930424794 aspect=7.99398884729 mean_iota=-1.14862520187 solver_iterations=2463
evaluation=388 objective=0.0039454973159 qs=0.00394505403301 aspect=7.99933420507 mean_iota=-1.14927640541 solver_iterations=2326
evaluation=389 objective=0.00391524319906 qs=0.00391477251311 aspect=7.99931393444 mean_iota=-1.14928278876 solver_iterations=2328
evaluation=390 objective=0.00391690122154 qs=0.00391641213533 aspect=7.99930065301 mean_iota=-1.14926755501 solver_iterations=2358
evaluation=391 objective=0.00392248308811 qs=0.00392156613329 aspect=7.99904242242 mean_iota=-1.14931869482 solver_iterations=2330
evaluation=392 objective=0.00391860159831 qs=0.0039181038651 aspect=7.9992944979 mean_iota=-1.14929861386 solver_iterations=2360
evaluation=393 objective=0.00391561982219 qs=0.00391516342781 aspect=7.99932443033 mean_iota=-1.14928561901 solver_iterations=2328
evaluation=394 objective=0.00391568613661 qs=0.00391521483019 aspect=7.99931348239 mean_iota=-1.1492831639 solver_iterations=2328
evaluation=395 objective=0.0039160339508 qs=0.00391556266809 aspect=7.99931349967 mean_iota=-1.14928317872 solver_iterations=2328
accepted mode=2 iteration=14 objective=0.0039160339508
   14    381     0.001958016975       1.4975191310.003920412184
evaluation=396 objective=0.00356759753275 qs=0.00356731977044 aspect=7.9994729684 mean_iota=-1.15253971677 solver_iterations=2251
evaluation=397 objective=0.00355099927353 qs=0.00355073515562 aspect=7.99948607597 mean_iota=-1.15274228128 solver_iterations=2251
evaluation=398 objective=0.00356756660828 qs=0.00356728805097 aspect=7.9994722147 mean_iota=-1.15254146186 solver_iterations=2251
evaluation=399 objective=0.00355043797709 qs=0.00355015198511 aspect=7.99946521782 mean_iota=-1.15253163732 solver_iterations=2244
evaluation=400 objective=0.00365133350564 qs=0.00365012180846 aspect=7.99889922883 mean_iota=-1.15205699874 solver_iterations=2242
evaluation=401 objective=0.00365889859338 qs=0.0036338659863 aspect=7.99499674036 mean_iota=-1.15216743373 solver_iterations=2246
evaluation=402 objective=0.00356525266608 qs=0.0035649911374 aspect=7.99948860125 mean_iota=-1.15253154224 solver_iterations=2214
evaluation=403 objective=0.00356341637311 qs=0.00356313991727 aspect=7.99947420932 mean_iota=-1.15253930443 solver_iterations=2251
evaluation=404 objective=0.00356654501127 qs=0.00356629643946 aspect=7.99950143024 mean_iota=-1.1525509485 solver_iterations=2248
evaluation=405 objective=0.00356869933122 qs=0.00356820421608 aspect=7.99929635582 mean_iota=-1.15256641283 solver_iterations=2248
evaluation=406 objective=0.00357049877044 qs=0.0035702286635 aspect=7.99948028186 mean_iota=-1.15257707145 solver_iterations=2249
evaluation=407 objective=0.00356619546788 qs=0.00356592733478 aspect=7.99948218429 mean_iota=-1.15254030662 solver_iterations=2251
evaluation=408 objective=0.00356746797229 qs=0.00356719018316 aspect=7.99947294295 mean_iota=-1.1525397225 solver_iterations=2251
evaluation=409 objective=0.00359258702063 qs=0.00359230925832 aspect=7.9994729684 mean_iota=-1.1527495057 solver_iterations=2251
evaluation=410 objective=0.00356606642436 qs=0.00356578866206 aspect=7.9994729684 mean_iota=-1.15254206848 solver_iterations=2251
evaluation=411 objective=0.00354770162326 qs=0.00354744384656 aspect=7.99949228285 mean_iota=-1.15254775422 solver_iterations=2249
evaluation=412 objective=0.00360219219833 qs=0.00360110652111 aspect=8.00104195836 mean_iota=-1.15296218579 solver_iterations=2247
evaluation=413 objective=0.00363610999075 qs=0.00360190324994 aspect=7.99415134709 mean_iota=-1.15189484397 solver_iterations=2392
evaluation=414 objective=0.00359040377062 qs=0.00359014394369 aspect=7.99949026778 mean_iota=-1.15253131111 solver_iterations=2247
evaluation=415 objective=0.00356544514735 qs=0.00356516785975 aspect=7.99947341895 mean_iota=-1.15253924734 solver_iterations=2251
evaluation=416 objective=0.00356608045864 qs=0.00356578805343 aspect=7.99945925494 mean_iota=-1.1525211774 solver_iterations=2249
evaluation=417 objective=0.00357225981624 qs=0.0035716406559 aspect=7.99921313258 mean_iota=-1.15257446471 solver_iterations=2249
evaluation=418 objective=0.00356750219656 qs=0.00356720064727 aspect=7.99945086496 mean_iota=-1.15255598692 solver_iterations=2247
evaluation=419 objective=0.00356598870191 qs=0.00356572157786 aspect=7.99948315955 mean_iota=-1.15254177653 solver_iterations=2251
evaluation=420 objective=0.00356742627444 qs=0.00356714850934 aspect=7.99947296575 mean_iota=-1.15253971819 solver_iterations=2251
evaluation=421 objective=0.00356759753275 qs=0.00356731977044 aspect=7.9994729684 mean_iota=-1.15253971677 solver_iterations=2251
accepted mode=2 iteration=15 objective=0.00356759753275
   15    406     0.001783798766       1.0248152550.007840824368
evaluation=422 objective=0.00425287954886 qs=0.00421395546019 aspect=7.99376108273 mean_iota=-1.16320920059 solver_iterations=2431
evaluation=423 objective=0.00340092898495 qs=0.0034008597275 aspect=8.0002631681 mean_iota=-1.15569269599 solver_iterations=2157
evaluation=424 objective=0.00340067197612 qs=0.00340059541529 aspect=8.00027669627 mean_iota=-1.15589373155 solver_iterations=2157
evaluation=425 objective=0.00340063969955 qs=0.00340057081696 aspect=8.00026245494 mean_iota=-1.1556942498 solver_iterations=2157
evaluation=426 objective=0.00339839212544 qs=0.00339832723592 aspect=8.00025473423 mean_iota=-1.15568448546 solver_iterations=2160
evaluation=427 objective=0.00346503257926 qs=0.00346494063331 aspect=7.99969677409 mean_iota=-1.15520550704 solver_iterations=2164
evaluation=428 objective=0.0034725846644 qs=0.00345491843915 aspect=7.99579687911 mean_iota=-1.15531427247 solver_iterations=2164
evaluation=429 objective=0.00339890340615 qs=0.00339882636842 aspect=8.00027755672 mean_iota=-1.15568441701 solver_iterations=2161
evaluation=430 objective=0.00339960476479 qs=0.00339953482125 aspect=8.00026446842 mean_iota=-1.15569220948 solver_iterations=2157
evaluation=431 objective=0.00340131203617 qs=0.00340122668207 aspect=8.00029215423 mean_iota=-1.15570375972 solver_iterations=2157
evaluation=432 objective=0.00340212900369 qs=0.00340212151348 aspect=8.00008654596 mean_iota=-1.15571923699 solver_iterations=2158
evaluation=433 objective=0.00340154784306 qs=0.0034014763048 aspect=8.00026746638 mean_iota=-1.1557309416 solver_iterations=2158
evaluation=434 objective=0.0034001422633 qs=0.00340006863469 aspect=8.00027134591 mean_iota=-1.15569328929 solver_iterations=2157
evaluation=435 objective=0.00340081710054 qs=0.00340074785611 aspect=8.00026314338 mean_iota=-1.15569270415 solver_iterations=2157
evaluation=436 objective=0.0034128486932 qs=0.00341277943575 aspect=8.0002631681 mean_iota=-1.15590129999 solver_iterations=2157
evaluation=437 objective=0.00340161467033 qs=0.00340154541288 aspect=8.0002631681 mean_iota=-1.15569471544 solver_iterations=2156
evaluation=438 objective=0.00339779256247 qs=0.00339771257905 aspect=8.0002828134 mean_iota=-1.15570056862 solver_iterations=2157
evaluation=439 objective=0.00342477849052 qs=0.00342142362969 aspect=8.00183162792 mean_iota=-1.15611100094 solver_iterations=2162
evaluation=440 objective=0.00348010270875 qs=0.00345455624106 aspect=7.99494564864 mean_iota=-1.15504295086 solver_iterations=2156
evaluation=441 objective=0.0034118699769 qs=0.00341179305568 aspect=8.00027734676 mean_iota=-1.15568414526 solver_iterations=2157
evaluation=442 objective=0.00340023414384 qs=0.00340016464812 aspect=8.00026362042 mean_iota=-1.15569220505 solver_iterations=2157
evaluation=443 objective=0.00340104268433 qs=0.00340098063702 aspect=8.00024909298 mean_iota=-1.15567371128 solver_iterations=2157
evaluation=444 objective=0.00340290536043 qs=0.00340290534148 aspect=8.00000435338 mean_iota=-1.15572688389 solver_iterations=2158
evaluation=445 objective=0.0034014905018 qs=0.00340143416427 aspect=8.00023735528 mean_iota=-1.15570882257 solver_iterations=2158
evaluation=446 objective=0.00340088936695 qs=0.00340081526083 aspect=8.0002722244 mean_iota=-1.1556945485 solver_iterations=2157
evaluation=447 objective=0.00340085068228 qs=0.00340078142415 aspect=8.00026316939 mean_iota=-1.15569269204 solver_iterations=2157
evaluation=448 objective=0.00340092898495 qs=0.0034008597275 aspect=8.0002631681 mean_iota=-1.15569269599 solver_iterations=2157
accepted mode=2 iteration=16 objective=0.00340092898495
   16    432     0.001700464492       0.3502311330.003920412184
evaluation=449 objective=0.00318564312629 qs=0.00318435874525 aspect=7.99886669464 mean_iota=-1.15927076367 solver_iterations=2229
evaluation=450 objective=0.0031526609202 qs=0.00315140846154 aspect=7.99888086701 mean_iota=-1.15947109221 solver_iterations=2229
evaluation=451 objective=0.00318711840953 qs=0.00318583233544 aspect=7.99886594793 mean_iota=-1.15927243922 solver_iterations=2216
evaluation=452 objective=0.00315361396235 qs=0.00315230826046 aspect=7.99885732687 mean_iota=-1.15926283841 solver_iterations=2217
evaluation=453 objective=0.0032462844329 qs=0.00324345529886 aspect=7.99831799702 mean_iota=-1.15877503166 solver_iterations=2181
evaluation=454 objective=0.00324241628184 qs=0.00321130838664 aspect=7.99442255478 mean_iota=-1.1588893258 solver_iterations=2244
evaluation=455 objective=0.00317649342731 qs=0.00317522871226 aspect=7.99887540449 mean_iota=-1.15926077007 solver_iterations=2182
evaluation=456 objective=0.00317911462232 qs=0.00317783367617 aspect=7.99886821109 mean_iota=-1.15927016035 solver_iterations=2229
evaluation=457 objective=0.00318439232831 qs=0.00318317610333 aspect=7.9988971741 mean_iota=-1.15928120968 solver_iterations=2216
evaluation=458 objective=0.00318747272076 qs=0.00318577162477 aspect=7.99869573929 mean_iota=-1.15929642869 solver_iterations=2216
evaluation=459 objective=0.00318933607264 qs=0.00318805027583 aspect=7.99886607019 mean_iota=-1.15931053428 solver_iterations=2216
evaluation=460 objective=0.00318314651197 qs=0.00318187975401 aspect=7.99887449657 mean_iota=-1.15927148188 solver_iterations=2216
evaluation=461 objective=0.00318552864233 qs=0.00318424425121 aspect=7.99886669019 mean_iota=-1.15927077953 solver_iterations=2229
evaluation=462 objective=0.0032231230524 qs=0.00322183867136 aspect=7.99886669464 mean_iota=-1.1594789898 solver_iterations=2216
evaluation=463 objective=0.00318206175491 qs=0.00318077737387 aspect=7.99886669464 mean_iota=-1.15927289816 solver_iterations=2216
evaluation=464 objective=0.00315595267625 qs=0.00315470851952 aspect=7.99888458226 mean_iota=-1.15927877856 solver_iterations=2216
evaluation=465 objective=0.00320006392137 qs=0.00319988069095 aspect=8.00042805423 mean_iota=-1.15968065358 solver_iterations=2183
evaluation=466 objective=0.00328607825706 qs=0.00324464289415 aspect=7.9935629694 mean_iota=-1.15862727147 solver_iterations=2259
evaluation=467 objective=0.00321902375128 qs=0.00321775651482 aspect=7.99887428402 mean_iota=-1.15926013804 solver_iterations=2216
evaluation=468 objective=0.00318046449478 qs=0.00317918113728 aspect=7.9988671463 mean_iota=-1.15927022507 solver_iterations=2229
evaluation=469 objective=0.00318306296201 qs=0.00318174719356 aspect=7.99885293049 mean_iota=-1.15924945067 solver_iterations=2216
evaluation=470 objective=0.00319038977793 qs=0.00318847692391 aspect=7.99861694034 mean_iota=-1.15930379186 solver_iterations=2216
evaluation=471 objective=0.00318583623111 qs=0.00318447599023 aspect=7.99883370635 mean_iota=-1.15928799002 solver_iterations=2216
evaluation=472 objective=0.00318341248751 qs=0.00318214691811 aspect=7.99887502471 mean_iota=-1.15927247027 solver_iterations=2216
evaluation=473 objective=0.00318545742556 qs=0.00318417309361 aspect=7.9988667163 mean_iota=-1.15927076882 solver_iterations=2229
evaluation=474 objective=0.00318564312629 qs=0.00318435874525 aspect=7.99886669464 mean_iota=-1.15927076367 solver_iterations=2229
accepted mode=2 iteration=17 objective=0.00318564312629
   17    457     0.001592821563       1.4084605270.007840824368
evaluation=475 objective=0.0035641474333 qs=0.0035333312227 aspect=7.99444876495 mean_iota=-1.1625587231 solver_iterations=2611
evaluation=476 objective=0.00300361174029 qs=0.00300356802987 aspect=8.00020907036 mean_iota=-1.16127620803 solver_iterations=2156
evaluation=477 objective=0.00300242976058 qs=0.00300237972176 aspect=8.00022369356 mean_iota=-1.16147523614 solver_iterations=2158
evaluation=478 objective=0.00300337342027 qs=0.00300333001813 aspect=8.0002083318 mean_iota=-1.16127790844 solver_iterations=2156
evaluation=479 objective=0.0030001486091 qs=0.003000108815 aspect=8.00019948456 mean_iota=-1.1612632427 solver_iterations=2157
evaluation=480 objective=0.00307234600945 qs=0.00307223773143 aspect=7.99967094374 mean_iota=-1.16076775801 solver_iterations=2154
evaluation=481 objective=0.00308153470352 qs=0.00306371923388 aspect=7.99577916245 mean_iota=-1.1608894078 solver_iterations=2216
evaluation=482 objective=0.003002524837 qs=0.00300247868669 aspect=8.00021482622 mean_iota=-1.16125953686 solver_iterations=2157
evaluation=483 objective=0.00300175159227 qs=0.00300170720638 aspect=8.00021067958 mean_iota=-1.16127542937 solver_iterations=2156
evaluation=484 objective=0.00300371121176 qs=0.00300365378866 aspect=8.00023963117 mean_iota=-1.16128648637 solver_iterations=2156
evaluation=485 objective=0.00300431281155 qs=0.00300431134252 aspect=8.00003832798 mean_iota=-1.16130193209 solver_iterations=2156
evaluation=486 objective=0.00300447168671 qs=0.00300442932959 aspect=8.00020580845 mean_iota=-1.16131701961 solver_iterations=2156
evaluation=487 objective=0.00300299724295 qs=0.00300295059884 aspect=8.00021597247 mean_iota=-1.16127693847 solver_iterations=2156
evaluation=488 objective=0.00300347839751 qs=0.00300343468534 aspect=8.00020907458 mean_iota=-1.16127623844 solver_iterations=2156
evaluation=489 objective=0.00301715923791 qs=0.00301711552749 aspect=8.00020907036 mean_iota=-1.16148385103 solver_iterations=2156
evaluation=490 objective=0.00300423095408 qs=0.00300418724366 aspect=8.00020907036 mean_iota=-1.16127832147 solver_iterations=2156
evaluation=491 objective=0.00299921426717 qs=0.00299916304525 aspect=8.00022632261 mean_iota=-1.16128419111 solver_iterations=2155
evaluation=492 objective=0.00302587089801 qs=0.0030227521342 aspect=8.00176600221 mean_iota=-1.16167518696 solver_iterations=2157
evaluation=493 objective=0.00307747472126 qs=0.00305162542451 aspect=7.99491577963 mean_iota=-1.16064066876 solver_iterations=2161
evaluation=494 objective=0.00301928844655 qs=0.00301924325479 aspect=8.00021258354 mean_iota=-1.16125986838 solver_iterations=2157
evaluation=495 objective=0.00300290154991 qs=0.00300285766038 aspect=8.00020949828 mean_iota=-1.16127562932 solver_iterations=2156
evaluation=496 objective=0.00300349301206 qs=0.0030034546634 aspect=8.00019582814 mean_iota=-1.16125440025 solver_iterations=2155
evaluation=497 objective=0.00300529688748 qs=0.00300529533064 aspect=7.99996054315 mean_iota=-1.16130851575 solver_iterations=2158
evaluation=498 objective=0.003004010664 qs=0.0030039809876 aspect=8.0001722684 mean_iota=-1.16129434107 solver_iterations=2156
evaluation=499 objective=0.00300344192736 qs=0.00300339515525 aspect=8.00021626861 mean_iota=-1.16127773492 solver_iterations=2156
evaluation=500 objective=0.00300351083111 qs=0.00300346710753 aspect=8.00020910183 mean_iota=-1.16127622626 solver_iterations=2156
evaluation=501 objective=0.00300361174029 qs=0.00300356802987 aspect=8.00020907036 mean_iota=-1.16127620803 solver_iterations=2156
accepted mode=2 iteration=18 objective=0.00300361174029
   18    483      0.00150180587      0.39923075090.003920412184
evaluation=502 objective=0.00281005403559 qs=0.00281005229564 aspect=8.00004171268 mean_iota=-1.15769166712 solver_iterations=2277
evaluation=503 objective=0.00279671091704 qs=0.002796707664 aspect=8.00005703542 mean_iota=-1.15788898398 solver_iterations=2276
evaluation=504 objective=0.00281198318923 qs=0.00281198151724 aspect=8.00004088998 mean_iota=-1.1576938005 solver_iterations=2277
evaluation=505 objective=0.00279827961913 qs=0.00279827862373 aspect=8.00003154991 mean_iota=-1.15768025085 solver_iterations=2275
evaluation=506 objective=0.00287951209058 qs=0.00287928834681 aspect=7.99952698439 mean_iota=-1.15717362152 solver_iterations=2263
evaluation=507 objective=0.00287635110534 qs=0.00285731975457 aspect=7.99563750636 mean_iota=-1.15732236428 solver_iterations=2268
evaluation=508 objective=0.00280883648786 qs=0.00280883467408 aspect=8.00004258851 mean_iota=-1.15767071205 solver_iterations=2270
evaluation=509 objective=0.00280653377432 qs=0.00280653188196 aspect=8.00004350138 mean_iota=-1.15769021306 solver_iterations=2276
evaluation=510 objective=0.00280932546121 qs=0.00280931991899 aspect=8.00007444613 mean_iota=-1.15770265479 solver_iterations=2277
evaluation=511 objective=0.00281093318105 qs=0.00281091871999 aspect=7.99987974587 mean_iota=-1.15771874243 solver_iterations=2280
evaluation=512 objective=0.00281328888524 qs=0.00281328780545 aspect=8.00003286017 mean_iota=-1.15773560285 solver_iterations=2280
evaluation=513 objective=0.002809292371 qs=0.00280929005828 aspect=8.00004809077 mean_iota=-1.15769262708 solver_iterations=2277
evaluation=514 objective=0.00281002236387 qs=0.00281002062239 aspect=8.00004173113 mean_iota=-1.15769175248 solver_iterations=2277
evaluation=515 objective=0.0028328905465 qs=0.00283288880655 aspect=8.00004171268 mean_iota=-1.15790033191 solver_iterations=2277
evaluation=516 objective=0.0028078882579 qs=0.00280788651795 aspect=8.00004171268 mean_iota=-1.15769406832 solver_iterations=2277
evaluation=517 objective=0.00279853246973 qs=0.00279852907278 aspect=8.00005828337 mean_iota=-1.15770142715 solver_iterations=2280
evaluation=518 objective=0.00282896397331 qs=0.0028264688198 aspect=8.00157960549 mean_iota=-1.15808105066 solver_iterations=2272
evaluation=519 objective=0.0028916728214 qs=0.00286429597196 aspect=7.99476771088 mean_iota=-1.15704594785 solver_iterations=2309
evaluation=520 objective=0.00283257744588 qs=0.00283257607616 aspect=8.00003700974 mean_iota=-1.15767610377 solver_iterations=2276
evaluation=521 objective=0.00280734527573 qs=0.0028073435004 aspect=8.00004213477 mean_iota=-1.15769088199 solver_iterations=2276
evaluation=522 objective=0.00280875252179 qs=0.002808751756 aspect=8.00002767293 mean_iota=-1.15766961795 solver_iterations=2280
evaluation=523 objective=0.00281229582686 qs=0.00281225892948 aspect=7.99980791308 mean_iota=-1.15772662465 solver_iterations=2282
evaluation=524 objective=0.00281050024433 qs=0.00281050023769 aspect=7.99999742378 mean_iota=-1.15771439028 solver_iterations=2283
evaluation=525 objective=0.0028091114293 qs=0.00280910909819 aspect=8.00004828155 mean_iota=-1.15769342211 solver_iterations=2277
evaluation=526 objective=0.00280999785794 qs=0.00280999611375 aspect=8.00004176353 mean_iota=-1.15769176072 solver_iterations=2277
evaluation=527 objective=0.00281005403559 qs=0.00281005229564 aspect=8.00004171268 mean_iota=-1.15769166712 solver_iterations=2277
accepted mode=2 iteration=19 objective=0.00281005403559
   19    508     0.001405027018      0.67933464590.007840824368
evaluation=528 objective=0.00378909783903 qs=0.00373731845414 aspect=7.99280421061 mean_iota=-1.16968085538 solver_iterations=2263
evaluation=529 objective=0.00271715238198 qs=0.00271708719105 aspect=8.00025532514 mean_iota=-1.16066880777 solver_iterations=2341
evaluation=530 objective=0.00271503274731 qs=0.00271495918308 aspect=8.00027122727 mean_iota=-1.16086665643 solver_iterations=2342
evaluation=531 objective=0.00271783007252 qs=0.00271776529483 aspect=8.00025451461 mean_iota=-1.16066453992 solver_iterations=2342
evaluation=532 objective=0.00271205274692 qs=0.00271199299534 aspect=8.00024444137 mean_iota=-1.16066296157 solver_iterations=2341
evaluation=533 objective=0.00278224701494 qs=0.00278218568949 aspect=7.99975236025 mean_iota=-1.16015406814 solver_iterations=2340
evaluation=534 objective=0.00277944333658 qs=0.00276237180906 aspect=7.99586822949 mean_iota=-1.16028639156 solver_iterations=2300
evaluation=535 objective=0.00271522543286 qs=0.00271516198712 aspect=8.00025188438 mean_iota=-1.16065548459 solver_iterations=2344
evaluation=536 objective=0.00271513150216 qs=0.00271506534046 aspect=8.00025721917 mean_iota=-1.16066842663 solver_iterations=2342
evaluation=537 objective=0.00271764181783 qs=0.00271755872711 aspect=8.0002882546 mean_iota=-1.16067277905 solver_iterations=2342
evaluation=538 objective=0.00271879376993 qs=0.00271878517315 aspect=8.00009271881 mean_iota=-1.16068616006 solver_iterations=2344
evaluation=539 objective=0.0027194133398 qs=0.00271935386841 aspect=8.00024386757 mean_iota=-1.16070439829 solver_iterations=2344
evaluation=540 objective=0.0027167888328 qs=0.00271672058506 aspect=8.00026124269 mean_iota=-1.16066356581 solver_iterations=2340
evaluation=541 objective=0.00271708090616 qs=0.00271701570057 aspect=8.00025535386 mean_iota=-1.16066880462 solver_iterations=2341
evaluation=542 objective=0.0027310955122 qs=0.00273103032127 aspect=8.00025532514 mean_iota=-1.16087613375 solver_iterations=2341
evaluation=543 objective=0.00271731168531 qs=0.00271724649438 aspect=8.00025532514 mean_iota=-1.16066474587 solver_iterations=2342
evaluation=544 objective=0.00271361322914 qs=0.00271353961031 aspect=8.00027132789 mean_iota=-1.16066955982 solver_iterations=2343
evaluation=545 objective=0.00273258762823 qs=0.00272938574609 aspect=8.00178938038 mean_iota=-1.16105198637 solver_iterations=2343
evaluation=546 objective=0.00279402685544 qs=0.0027689718057 aspect=7.99499449805 mean_iota=-1.16002829971 solver_iterations=2351
evaluation=547 objective=0.00273420672552 qs=0.00273414661468 aspect=8.00024517512 mean_iota=-1.16065643662 solver_iterations=2340
evaluation=548 objective=0.00271574889352 qs=0.00271568349275 aspect=8.00025573574 mean_iota=-1.16066833687 solver_iterations=2342
evaluation=549 objective=0.00271750906272 qs=0.00271745058906 aspect=8.00024181328 mean_iota=-1.16063702587 solver_iterations=2343
evaluation=550 objective=0.00271881358544 qs=0.00271881311266 aspect=8.00002174366 mean_iota=-1.16069280793 solver_iterations=2343
evaluation=551 objective=0.00271853955024 qs=0.00271849661564 aspect=8.00020720667 mean_iota=-1.16068051664 solver_iterations=2347
evaluation=552 objective=0.00271712776472 qs=0.00271705953383 aspect=8.00026121041 mean_iota=-1.1606640943 solver_iterations=2340
evaluation=553 objective=0.00271710045502 qs=0.00271703523293 aspect=8.00025538616 mean_iota=-1.16066877314 solver_iterations=2341
evaluation=554 objective=0.00271715238198 qs=0.00271708719105 aspect=8.00025532514 mean_iota=-1.16066880777 solver_iterations=2341
accepted mode=2 iteration=20 objective=0.00271715238198
   20    534     0.001358576191      0.41668428990.003920412184
evaluation=555 objective=0.00255289938649 qs=0.00255284492759 aspect=7.99976663567 mean_iota=-1.15867716937 solver_iterations=2347
evaluation=556 objective=0.00254222880308 qs=0.00254218171886 aspect=7.99978301101 mean_iota=-1.15887233875 solver_iterations=2347
evaluation=557 objective=0.00255518728894 qs=0.00255513241362 aspect=7.99976574519 mean_iota=-1.15867864147 solver_iterations=2347
evaluation=558 objective=0.00254358796015 qs=0.00254352862527 aspect=7.99975641248 mean_iota=-1.15866986537 solver_iterations=2346
evaluation=559 objective=0.00262164625702 qs=0.00262112895254 aspect=7.99928076118 mean_iota=-1.15815508472 solver_iterations=2342
evaluation=560 objective=0.00261888289335 qs=0.00259774433494 aspect=7.9954023312 mean_iota=-1.15830935551 solver_iterations=2349
evaluation=561 objective=0.0025552398892 qs=0.0025551798685 aspect=7.99975500877 mean_iota=-1.15865952158 solver_iterations=2344
evaluation=562 objective=0.00255098145835 qs=0.00255092797667 aspect=7.99976873894 mean_iota=-1.1586761611 solver_iterations=2346
evaluation=563 objective=0.00255239686799 qs=0.00255235685141 aspect=7.99979995855 mean_iota=-1.15868642015 solver_iterations=2348
evaluation=564 objective=0.00255365225724 qs=0.00255349805762 aspect=7.99960731741 mean_iota=-1.15870145392 solver_iterations=2349
evaluation=565 objective=0.00255577543965 qs=0.00255571445256 aspect=7.99975304435 mean_iota=-1.15872099451 solver_iterations=2350
evaluation=566 objective=0.00255240860115 qs=0.0025523565329 aspect=7.99977181532 mean_iota=-1.15867773449 solver_iterations=2347
evaluation=567 objective=0.0025529004025 qs=0.0025528459661 aspect=7.99976668391 mean_iota=-1.15867721174 solver_iterations=2347
evaluation=568 objective=0.00257393299359 qs=0.00257387853468 aspect=7.99976663567 mean_iota=-1.15888459261 solver_iterations=2348
evaluation=569 objective=0.00255107119668 qs=0.00255101673777 aspect=7.99976663567 mean_iota=-1.15867886696 solver_iterations=2347
evaluation=570 objective=0.00254427484694 qs=0.00254422623245 aspect=7.99977951307 mean_iota=-1.15868396244 solver_iterations=2346
evaluation=571 objective=0.00256697360675 qs=0.0025652984715 aspect=8.00129427016 mean_iota=-1.15906209923 solver_iterations=2348
evaluation=572 objective=0.00263234379735 qs=0.00260235415694 aspect=7.9945237202 mean_iota=-1.15803261464 solver_iterations=2321
evaluation=573 objective=0.00257723702465 qs=0.00257717214832 aspect=7.99974529167 mean_iota=-1.15865994 solver_iterations=2346
evaluation=574 objective=0.00255022149939 qs=0.00255016722484 aspect=7.99976703102 mean_iota=-1.15867657723 solver_iterations=2347
evaluation=575 objective=0.00255114750186 qs=0.00255108736739 aspect=7.9997547767 mean_iota=-1.15865125485 solver_iterations=2348
evaluation=576 objective=0.00255457362287 qs=0.0025543632141 aspect=7.99954129664 mean_iota=-1.15870535049 solver_iterations=2346
evaluation=577 objective=0.00255321665649 qs=0.00255313481253 aspect=7.99971391615 mean_iota=-1.15869861094 solver_iterations=2346
evaluation=578 objective=0.00255234051213 qs=0.00255228829016 aspect=7.99977147875 mean_iota=-1.15867815612 solver_iterations=2347
evaluation=579 objective=0.00255279959134 qs=0.00255274516949 aspect=7.99976671509 mean_iota=-1.15867720333 solver_iterations=2347
evaluation=580 objective=0.00255289938649 qs=0.00255284492759 aspect=7.99976663567 mean_iota=-1.15867716937 solver_iterations=2347
accepted mode=2 iteration=21 objective=0.00255289938649
   21    559     0.001276449693      0.56285556510.007840824368
evaluation=581 objective=0.00249953620679 qs=0.00249010005036 aspect=8.00307183275 mean_iota=-1.13974361672 solver_iterations=2229
evaluation=582 objective=0.00255414054467 qs=0.0025446058869 aspect=8.00308782412 mean_iota=-1.13993326067 solver_iterations=2232
evaluation=583 objective=0.00250489334744 qs=0.00249546399472 aspect=8.00307072511 mean_iota=-1.13974461929 solver_iterations=2229
evaluation=584 objective=0.00254310019873 qs=0.00253369776981 aspect=8.00306633803 mean_iota=-1.13974045385 solver_iterations=2232
evaluation=585 objective=0.00259133932386 qs=0.00258454433542 aspect=8.00260671986 mean_iota=-1.13922477732 solver_iterations=2187
evaluation=586 objective=0.00259413315187 qs=0.00259257030701 aspect=7.99874986207 mean_iota=-1.13940929949 solver_iterations=2186
evaluation=587 objective=0.00252863149421 qs=0.00251927831378 aspect=8.00305829698 mean_iota=-1.13971624345 solver_iterations=2228
evaluation=588 objective=0.00251034971152 qs=0.00250090035914 aspect=8.00307397989 mean_iota=-1.13974335505 solver_iterations=2231
evaluation=589 objective=0.00249913279454 qs=0.00248952924008 aspect=8.00309896022 mean_iota=-1.13975043403 solver_iterations=2233
evaluation=590 objective=0.00249688758458 qs=0.00248848619632 aspect=8.00289851484 mean_iota=-1.13975559683 solver_iterations=2225
evaluation=591 objective=0.00249573905062 qs=0.0024863932031 aspect=8.00305709789 mean_iota=-1.13979114752 solver_iterations=2188
evaluation=592 objective=0.00250143703016 qs=0.0024919663497 aspect=8.00307744707 mean_iota=-1.1397439783 solver_iterations=2231
evaluation=593 objective=0.00249968962393 qs=0.00249025331686 aspect=8.00307185727 mean_iota=-1.13974361367 solver_iterations=2229
evaluation=594 objective=0.00247260641926 qs=0.00246317026282 aspect=8.00307183275 mean_iota=-1.13994831009 solver_iterations=2229
evaluation=595 objective=0.00249940327076 qs=0.00248996711432 aspect=8.00307183275 mean_iota=-1.13974504382 solver_iterations=2229
evaluation=596 objective=0.00253928406604 qs=0.00252981212312 aspect=8.00307765218 mean_iota=-1.1397472066 solver_iterations=2231
evaluation=597 objective=0.00253628143321 qs=0.00251531219575 aspect=8.004579218 mean_iota=-1.14013425204 solver_iterations=2236
evaluation=598 objective=0.00253689279229 qs=0.00253242771298 aspect=7.99788692657 mean_iota=-1.13907499104 solver_iterations=2183
evaluation=599 objective=0.00245882201103 qs=0.00244954328323 aspect=8.00304610042 mean_iota=-1.13971304056 solver_iterations=2224
evaluation=600 objective=0.00250460016448 qs=0.00249516053036 aspect=8.00307239876 mean_iota=-1.13974325397 solver_iterations=2231
evaluation=601 objective=0.0025016874489 qs=0.00249227450197 aspect=8.00306805263 mean_iota=-1.13970663939 solver_iterations=2224
evaluation=602 objective=0.00249442463435 qs=0.0024863962214 aspect=8.00283344542 mean_iota=-1.13975281326 solver_iterations=2228
evaluation=603 objective=0.00249666438126 qs=0.00248758132132 aspect=8.00301381153 mean_iota=-1.1397679961 solver_iterations=2235
evaluation=604 objective=0.00250011613394 qs=0.00249063917187 aspect=8.00307846749 mean_iota=-1.13974502505 solver_iterations=2231
evaluation=605 objective=0.00249971432211 qs=0.00249027793273 aspect=8.00307187066 mean_iota=-1.13974361667 solver_iterations=2229
evaluation=606 objective=0.00249953620679 qs=0.00249010005036 aspect=8.00307183275 mean_iota=-1.13974361672 solver_iterations=2229
accepted mode=2 iteration=22 objective=0.00249953620679
   22    584     0.001249768103       1.5574080250.007840824368
evaluation=607 objective=0.00260897663808 qs=0.00260528691814 aspect=7.99807913563 mean_iota=-1.13995017626 solver_iterations=2260
evaluation=608 objective=0.00231174534138 qs=0.00231149202208 aspect=8.00050330836 mean_iota=-1.14129351439 solver_iterations=2227
evaluation=609 objective=0.00231489297006 qs=0.0023146224763 aspect=8.00052009015 mean_iota=-1.1414815216 solver_iterations=2248
evaluation=610 objective=0.00231117726574 qs=0.00231092508268 aspect=8.00050217831 mean_iota=-1.14129456286 solver_iterations=2220
evaluation=611 objective=0.00230982295964 qs=0.00230957654057 aspect=8.00049640615 mean_iota=-1.14129023718 solver_iterations=2250
evaluation=612 objective=0.00238780607102 qs=0.00238780423621 aspect=8.00004283467 mean_iota=-1.14076995186 solver_iterations=2214
evaluation=613 objective=0.0023813706505 qs=0.00236683200235 aspect=7.99618704207 mean_iota=-1.14096038961 solver_iterations=2219
evaluation=614 objective=0.0023126246073 qs=0.00231238937541 aspect=8.0004850071 mean_iota=-1.14127836531 solver_iterations=2251
evaluation=615 objective=0.0023095801367 qs=0.0023093245642 aspect=8.0005055418 mean_iota=-1.1412931425 solver_iterations=2240
evaluation=616 objective=0.00231180434531 qs=0.00231152046177 aspect=8.00053280722 mean_iota=-1.14130116765 solver_iterations=2248
evaluation=617 objective=0.00231198211478 qs=0.00231187021321 aspect=8.00033451691 mean_iota=-1.14131816169 solver_iterations=2251
evaluation=618 objective=0.00231271167568 qs=0.00231247524889 aspect=8.00048623739 mean_iota=-1.14134124921 solver_iterations=2256
evaluation=619 objective=0.00231148626309 qs=0.00231122818159 aspect=8.00050801722 mean_iota=-1.14129424171 solver_iterations=2239
evaluation=620 objective=0.00231167156942 qs=0.00231141820799 aspect=8.0005033502 mean_iota=-1.1412935741 solver_iterations=2230
evaluation=621 objective=0.00232221674204 qs=0.00232196342273 aspect=8.00050330836 mean_iota=-1.14149728451 solver_iterations=2236
evaluation=622 objective=0.00231284722207 qs=0.00231259390276 aspect=8.00050330836 mean_iota=-1.14129490517 solver_iterations=2217
evaluation=623 objective=0.002309285771 qs=0.00230902482835 aspect=8.00051082546 mean_iota=-1.14129801851 solver_iterations=2243
evaluation=624 objective=0.00232887105841 qs=0.00232482952926 aspect=8.00201035548 mean_iota=-1.14168041671 solver_iterations=2254
evaluation=625 objective=0.00237912742302 qs=0.00235719949092 aspect=7.99531727301 mean_iota=-1.14062159866 solver_iterations=2259
evaluation=626 objective=0.00233198169812 qs=0.00233175963705 aspect=8.00047123356 mean_iota=-1.14127417162 solver_iterations=2244
evaluation=627 objective=0.00231196499239 qs=0.00231171124177 aspect=8.00050373665 mean_iota=-1.14129358593 solver_iterations=2241
evaluation=628 objective=0.00231147682473 qs=0.00231122912239 aspect=8.00049769703 mean_iota=-1.14126786734 solver_iterations=2247
evaluation=629 objective=0.00231248427426 qs=0.00231241001966 aspect=8.00027249699 mean_iota=-1.14131601331 solver_iterations=2251
evaluation=630 objective=0.00231214036245 qs=0.0023119449047 aspect=8.00044210604 mean_iota=-1.14131871398 solver_iterations=2250
evaluation=631 objective=0.00231169959272 qs=0.00231144085249 aspect=8.00050866514 mean_iota=-1.14129514018 solver_iterations=2244
evaluation=632 objective=0.00231169571295 qs=0.00231144232204 aspect=8.00050337949 mean_iota=-1.14129355048 solver_iterations=2230
evaluation=633 objective=0.00231174534138 qs=0.00231149202208 aspect=8.00050330836 mean_iota=-1.14129351439 solver_iterations=2227
accepted mode=2 iteration=23 objective=0.00231174534138
   23    610     0.001155872671      0.33733485740.003920412184
evaluation=634 objective=0.00220964593437 qs=0.00220956327049 aspect=7.99971248672 mean_iota=-1.14295275452 solver_iterations=2333
evaluation=635 objective=0.00219219622165 qs=0.00219212350315 aspect=7.99973033631 mean_iota=-1.14313551053 solver_iterations=2331
evaluation=636 objective=0.00221057627393 qs=0.00221049295654 aspect=7.99971135249 mean_iota=-1.14295347132 solver_iterations=2333
evaluation=637 objective=0.00219228148058 qs=0.00219219443452 aspect=7.99970496431 mean_iota=-1.1429486353 solver_iterations=2330
evaluation=638 objective=0.00226152607198 qs=0.00226099008033 aspect=7.99926788549 mean_iota=-1.1424193228 solver_iterations=2333
evaluation=639 objective=0.00225068326447 qs=0.00222979158519 aspect=7.99542925834 mean_iota=-1.14262537164 solver_iterations=2348
evaluation=640 objective=0.00220126762589 qs=0.00220116789005 aspect=7.99968419019 mean_iota=-1.1429339209 solver_iterations=2349
evaluation=641 objective=0.00220400384374 qs=0.00220392253743 aspect=7.99971485739 mean_iota=-1.14295225756 solver_iterations=2333
evaluation=642 objective=0.00220961612205 qs=0.00220954888685 aspect=7.9997407025 mean_iota=-1.14295885594 solver_iterations=2330
evaluation=643 objective=0.00221102407299 qs=0.00221080848441 aspect=7.99953568483 mean_iota=-1.14297760519 solver_iterations=2349
evaluation=644 objective=0.0022123359598 qs=0.00221224137997 aspect=7.99969246167 mean_iota=-1.1430029502 solver_iterations=2345
evaluation=645 objective=0.00220864799403 qs=0.00220856762873 aspect=7.99971651227 mean_iota=-1.14295305407 solver_iterations=2333
evaluation=646 objective=0.00220955480834 qs=0.00220947217284 aspect=7.99971253608 mean_iota=-1.14295276013 solver_iterations=2333
evaluation=647 objective=0.00223316855462 qs=0.00223308589073 aspect=7.99971248672 mean_iota=-1.14315240801 solver_iterations=2333
evaluation=648 objective=0.00220866059128 qs=0.0022085779274 aspect=7.99971248672 mean_iota=-1.14295364208 solver_iterations=2333
evaluation=649 objective=0.00219570472944 qs=0.00219562561949 aspect=7.99971873509 mean_iota=-1.1429568603 solver_iterations=2331
evaluation=650 objective=0.00221092225688 qs=0.00220942940756 aspect=8.00122182213 mean_iota=-1.14333439191 solver_iterations=2347
evaluation=651 objective=0.00229809171972 qs=0.00226843626368 aspect=7.99455431767 mean_iota=-1.14227944294 solver_iterations=2371
evaluation=652 objective=0.00224780083108 qs=0.00224768885366 aspect=7.99966536973 mean_iota=-1.14292985712 solver_iterations=2351
evaluation=653 objective=0.00220515088641 qs=0.00220506844272 aspect=7.9997128699 mean_iota=-1.14295228837 solver_iterations=2333
evaluation=654 objective=0.00220822506755 qs=0.00220814079573 aspect=7.99970970392 mean_iota=-1.14292707297 solver_iterations=2349
evaluation=655 objective=0.00221155415695 qs=0.00221127996437 aspect=7.99947636599 mean_iota=-1.1429703871 solver_iterations=2350
evaluation=656 objective=0.00221132680219 qs=0.00221120111138 aspect=7.999645471 mean_iota=-1.14297867657 solver_iterations=2349
evaluation=657 objective=0.00220899826045 qs=0.0022089183755 aspect=7.99971736074 mean_iota=-1.14295390807 solver_iterations=2333
evaluation=658 objective=0.00220953707842 qs=0.00220945446363 aspect=7.99971257211 mean_iota=-1.14295276366 solver_iterations=2333
evaluation=659 objective=0.00220964593437 qs=0.00220956327049 aspect=7.99971248672 mean_iota=-1.14295275452 solver_iterations=2333
accepted mode=2 iteration=24 objective=0.00220964593437
   24    635     0.001104822967      0.89770218550.007840824368
evaluation=660 objective=0.00209831347403 qs=0.00209636580104 aspect=8.00139559055 mean_iota=-1.13415424793 solver_iterations=2224
evaluation=661 objective=0.00208616744583 qs=0.00208416821536 aspect=8.00141394147 mean_iota=-1.13432517934 solver_iterations=2225
evaluation=662 objective=0.00210181259207 qs=0.00209986849432 aspect=8.00139430906 mean_iota=-1.13415436027 solver_iterations=2224
evaluation=663 objective=0.00208633914713 qs=0.00208441267405 aspect=8.00138797445 mean_iota=-1.13415197604 solver_iterations=2225
evaluation=664 objective=0.00211932550802 qs=0.00211843395614 aspect=8.00094422025 mean_iota=-1.13360792529 solver_iterations=2228
evaluation=665 objective=0.00211101391014 qs=0.00210268385475 aspect=7.99711381647 mean_iota=-1.13384700438 solver_iterations=2304
evaluation=666 objective=0.00208827583897 qs=0.00208644249422 aspect=8.00135401062 mean_iota=-1.1341359371 solver_iterations=2229
evaluation=667 objective=0.00209519008616 qs=0.0020932354252 aspect=8.0013980919 mean_iota=-1.13415426045 solver_iterations=2224
evaluation=668 objective=0.0020972430624 qs=0.00209520878696 aspect=8.00142628028 mean_iota=-1.13415991038 solver_iterations=2226
evaluation=669 objective=0.00209784450349 qs=0.00209635149372 aspect=8.00122188779 mean_iota=-1.13417768111 solver_iterations=2228
evaluation=670 objective=0.00209877535023 qs=0.00209689299393 aspect=8.0013719899 mean_iota=-1.13420575064 solver_iterations=2230
evaluation=671 objective=0.00209809617502 qs=0.00209614337629 aspect=8.00139742575 mean_iota=-1.13415430886 solver_iterations=2224
evaluation=672 objective=0.00209834169705 qs=0.00209639382918 aspect=8.00139566037 mean_iota=-1.13415423783 solver_iterations=2224
evaluation=673 objective=0.00211344883061 qs=0.00211150115762 aspect=8.00139559055 mean_iota=-1.13434462388 solver_iterations=2224
evaluation=674 objective=0.00209693371125 qs=0.00209498603826 aspect=8.00139559055 mean_iota=-1.13415437168 solver_iterations=2224
evaluation=675 objective=0.00209427870281 qs=0.00209231738709 aspect=8.00140046982 mean_iota=-1.13415708008 solver_iterations=2224
evaluation=676 objective=0.00208878159224 qs=0.00208020507436 aspect=8.00292856925 mean_iota=-1.13453980736 solver_iterations=2231
evaluation=677 objective=0.00219191707458 qs=0.00217770200019 aspect=7.99622971163 mean_iota=-1.13344957785 solver_iterations=2200
evaluation=678 objective=0.00211763600694 qs=0.00211587181043 aspect=8.00132823059 mean_iota=-1.13412873589 solver_iterations=2226
evaluation=679 objective=0.00209416978936 qs=0.00209222122226 aspect=8.00139591085 mean_iota=-1.13415409299 solver_iterations=2224
evaluation=680 objective=0.00209494525055 qs=0.0020930041061 aspect=8.0013932496 mean_iota=-1.13412728121 solver_iterations=2228
evaluation=681 objective=0.00209560647178 qs=0.00209423694296 aspect=8.0011702687 mean_iota=-1.13416745868 solver_iterations=2229
evaluation=682 objective=0.00209794820486 qs=0.00209620206061 aspect=8.00132141751 mean_iota=-1.13418314304 solver_iterations=2230
evaluation=683 objective=0.0020975611628 qs=0.00209560464036 aspect=8.00139875746 mean_iota=-1.13415499092 solver_iterations=2224
evaluation=684 objective=0.00209817209421 qs=0.00209622412658 aspect=8.00139569611 mean_iota=-1.13415424386 solver_iterations=2224
evaluation=685 objective=0.00209831347403 qs=0.00209636580104 aspect=8.00139559055 mean_iota=-1.13415424793 solver_iterations=2224
accepted mode=2 iteration=25 objective=0.00209831347403
   25    660     0.001049156737      0.70768159610.01568164874
evaluation=686 objective=0.00201229924968 qs=0.00201199945122 aspect=8.00054753855 mean_iota=-1.14167695157 solver_iterations=2418
evaluation=687 objective=0.0020361180481 qs=0.00203579808995 aspect=8.00056564844 mean_iota=-1.14182615801 solver_iterations=2415
evaluation=688 objective=0.00201466232385 qs=0.00201436372333 aspect=8.00054644352 mean_iota=-1.14167670029 solver_iterations=2418
evaluation=689 objective=0.00203118090663 qs=0.0020308886924 aspect=8.00054056843 mean_iota=-1.14167350685 solver_iterations=2415
evaluation=690 objective=0.00202897543379 qs=0.00202897482172 aspect=8.00002474005 mean_iota=-1.14108943923 solver_iterations=2460
evaluation=691 objective=0.00204080513661 qs=0.00202664948356 aspect=7.99623760009 mean_iota=-1.14136584567 solver_iterations=2442
evaluation=692 objective=0.00200995239678 qs=0.00200970924058 aspect=8.00049310871 mean_iota=-1.14165400991 solver_iterations=2480
evaluation=693 objective=0.00201911741529 qs=0.00201881531418 aspect=8.00054963726 mean_iota=-1.14167694711 solver_iterations=2415
evaluation=694 objective=0.00201253318112 qs=0.00201220435728 aspect=8.00057343164 mean_iota=-1.14167975102 solver_iterations=2415
evaluation=695 objective=0.00201164135367 qs=0.00201153128211 aspect=8.00033177034 mean_iota=-1.14170439624 solver_iterations=2484
evaluation=696 objective=0.00200122860373 qs=0.00200095366777 aspect=8.00052434336 mean_iota=-1.14173746821 solver_iterations=2475
evaluation=697 objective=0.00201237355889 qs=0.00201207293628 aspect=8.00054829062 mean_iota=-1.14167698977 solver_iterations=2418
evaluation=698 objective=0.00201236741388 qs=0.00201206753418 aspect=8.00054761273 mean_iota=-1.14167694205 solver_iterations=2418
evaluation=699 objective=0.00200162857296 qs=0.00200132877449 aspect=8.00054753855 mean_iota=-1.14184388371 solver_iterations=2418
evaluation=700 objective=0.00201491267966 qs=0.00201461288119 aspect=8.00054753855 mean_iota=-1.14167647551 solver_iterations=2418
evaluation=701 objective=0.00204096471044 qs=0.00204066239843 aspect=8.00054982908 mean_iota=-1.14168038303 solver_iterations=2415
evaluation=702 objective=0.00200033800694 qs=0.00199554877611 aspect=8.00218843113 mean_iota=-1.14208273415 solver_iterations=2482
evaluation=703 objective=0.0021502913468 qs=0.00212869700008 aspect=7.99535302822 mean_iota=-1.14095024476 solver_iterations=2462
evaluation=704 objective=0.00197714234665 qs=0.00197692948922 aspect=8.00046136474 mean_iota=-1.14164489435 solver_iterations=2415
evaluation=705 objective=0.00201751630561 qs=0.00201721621841 aspect=8.00054780215 mean_iota=-1.14167668551 solver_iterations=2415
evaluation=706 objective=0.00201403316035 qs=0.00201372742213 aspect=8.000552936 mean_iota=-1.14165685659 solver_iterations=2483
evaluation=707 objective=0.00200782404288 qs=0.00200774758642 aspect=8.00027650761 mean_iota=-1.14167604719 solver_iterations=2487
evaluation=708 objective=0.00201057828744 qs=0.00201035879792 aspect=8.00046849709 mean_iota=-1.14171188051 solver_iterations=2479
evaluation=709 objective=0.00201229618131 qs=0.00201199405848 aspect=8.00054965701 mean_iota=-1.14167761513 solver_iterations=2418
evaluation=710 objective=0.0020123414006 qs=0.00201204149224 aspect=8.0005476389 mean_iota=-1.14167695184 solver_iterations=2418
evaluation=711 objective=0.00201229924968 qs=0.00201199945122 aspect=8.00054753855 mean_iota=-1.14167695157 solver_iterations=2418
accepted mode=2 iteration=26 objective=0.00201229924968
   26    685     0.001006149625       1.0179013660.01568164874
evaluation=712 objective=0.00193269006366 qs=0.00193209815365 aspect=8.00076935688 mean_iota=-1.15059391466 solver_iterations=2450
evaluation=713 objective=0.00194830078648 qs=0.0019476805939 aspect=8.00078752307 mean_iota=-1.15074141728 solver_iterations=2450
evaluation=714 objective=0.00193328571136 qs=0.00193269534 aspect=8.00076835627 mean_iota=-1.15059369363 solver_iterations=2450
evaluation=715 objective=0.00194439685986 qs=0.00194381913307 aspect=8.0007600834 mean_iota=-1.15058911422 solver_iterations=2459
evaluation=716 objective=0.00205074975701 qs=0.00205070373164 aspect=8.00021453524 mean_iota=-1.15001548169 solver_iterations=2451
evaluation=717 objective=0.00202819940198 qs=0.0020153953369 aspect=7.99642172317 mean_iota=-1.15027449915 solver_iterations=2445
evaluation=718 objective=0.00195008334492 qs=0.00194957120801 aspect=8.00071563742 mean_iota=-1.15056928286 solver_iterations=2452
evaluation=719 objective=0.00193526974135 qs=0.00193467477499 aspect=8.00077134063 mean_iota=-1.15059385669 solver_iterations=2450
evaluation=720 objective=0.00193260324491 qs=0.00193196630672 aspect=8.00079808408 mean_iota=-1.15059692046 solver_iterations=2450
evaluation=721 objective=0.00193237408924 qs=0.00193206837362 aspect=8.00055291556 mean_iota=-1.15062105568 solver_iterations=2452
evaluation=722 objective=0.00193301188753 qs=0.00193245287823 aspect=8.00074766925 mean_iota=-1.15065285666 solver_iterations=2454
evaluation=723 objective=0.00193273794506 qs=0.00193214485292 aspect=8.00077012476 mean_iota=-1.15059395045 solver_iterations=2450
evaluation=724 objective=0.00193273624676 qs=0.00193214422416 aspect=8.00076943005 mean_iota=-1.15059390063 solver_iterations=2450
evaluation=725 objective=0.0019322422061 qs=0.00193165029609 aspect=8.00076935688 mean_iota=-1.15075840957 solver_iterations=2450
evaluation=726 objective=0.00193312673954 qs=0.00193253482953 aspect=8.00076935688 mean_iota=-1.15059346111 solver_iterations=2450
evaluation=727 objective=0.00194265461979 qs=0.00194205559149 aspect=8.00077396919 mean_iota=-1.150598924 solver_iterations=2450
evaluation=728 objective=0.0019636729481 qs=0.00195768692024 aspect=8.00244663603 mean_iota=-1.15100371843 solver_iterations=2454
evaluation=729 objective=0.00199595161772 qs=0.00197597326964 aspect=7.99553028546 mean_iota=-1.14986408653 solver_iterations=2432
evaluation=730 objective=0.0019420409035 qs=0.00194157132324 aspect=8.00068525927 mean_iota=-1.15056187646 solver_iterations=2452
evaluation=731 objective=0.00193434976212 qs=0.00193375738252 aspect=8.00076966201 mean_iota=-1.15059365187 solver_iterations=2450
evaluation=732 objective=0.00193325953268 qs=0.00193266415425 aspect=8.00077160769 mean_iota=-1.15057272425 solver_iterations=2452
evaluation=733 objective=0.00193251086203 qs=0.00193226384872 aspect=8.00049700434 mean_iota=-1.15059349683 solver_iterations=2453
evaluation=734 objective=0.00193245435249 qs=0.0019319752156 aspect=8.00069219714 mean_iota=-1.15062761725 solver_iterations=2452
evaluation=735 objective=0.00193275479231 qs=0.00193215966788 aspect=8.00077144308 mean_iota=-1.15059452929 solver_iterations=2450
evaluation=736 objective=0.00193271303673 qs=0.00193212098096 aspect=8.00076945161 mean_iota=-1.15059390805 solver_iterations=2450
evaluation=737 objective=0.00193269006366 qs=0.00193209815365 aspect=8.00076935688 mean_iota=-1.15059391466 solver_iterations=2450
accepted mode=2 iteration=27 objective=0.00193269006366
   27    710    0.0009663450318      0.22792714540.01568164874
evaluation=738 objective=0.00191972185629 qs=0.0019195972938 aspect=8.00035293412 mean_iota=-1.1527110585 solver_iterations=2481
evaluation=739 objective=0.00192617331706 qs=0.00192603551821 aspect=8.00037121268 mean_iota=-1.15285611357 solver_iterations=2482
evaluation=740 objective=0.00191995656933 qs=0.00191983268988 aspect=8.00035196513 mean_iota=-1.15271081017 solver_iterations=2481
evaluation=741 objective=0.00192239900289 qs=0.00192228085979 aspect=8.00034371951 mean_iota=-1.15270627233 solver_iterations=2482
evaluation=742 objective=0.00201970825373 qs=0.00201966586371 aspect=7.99979411165 mean_iota=-1.15212699153 solver_iterations=2478
evaluation=743 objective=0.00199793279093 qs=0.00198199265351 aspect=7.99600748983 mean_iota=-1.15239056182 solver_iterations=2515
evaluation=744 objective=0.00192765908505 qs=0.00192757265367 aspect=8.00029399214 mean_iota=-1.15268518608 solver_iterations=2480
evaluation=745 objective=0.00191986580749 qs=0.0019197398413 aspect=8.00035491716 mean_iota=-1.15271096836 solver_iterations=2481
evaluation=746 objective=0.0019199425201 qs=0.00191979677388 aspect=8.00038176722 mean_iota=-1.15271386786 solver_iterations=2482
evaluation=747 objective=0.00192007974393 qs=0.00192006184782 aspect=8.00013377632 mean_iota=-1.15273833663 solver_iterations=2481
evaluation=748 objective=0.00192015822384 qs=0.00192004897641 aspect=8.00033052598 mean_iota=-1.1527709694 solver_iterations=2478
evaluation=749 objective=0.0019196517122 qs=0.00191952599891 aspect=8.0003545607 mean_iota=-1.15271115096 solver_iterations=2481
evaluation=750 objective=0.00191969731921 qs=0.00191957269696 aspect=8.00035301877 mean_iota=-1.15271104372 solver_iterations=2481
evaluation=751 objective=0.00192459007397 qs=0.00192446551148 aspect=8.00035293412 mean_iota=-1.15287317644 solver_iterations=2481
evaluation=752 objective=0.0019200890591 qs=0.00191996449661 aspect=8.00035293412 mean_iota=-1.15271054569 solver_iterations=2481
evaluation=753 objective=0.00192266569784 qs=0.00192253852789 aspect=8.00035660896 mean_iota=-1.15271598762 solver_iterations=2482
evaluation=754 objective=0.00193953203756 qs=0.00193536298561 aspect=8.00204182564 mean_iota=-1.15312067416 solver_iterations=2482
evaluation=755 objective=0.00199686584814 qs=0.00197299239815 aspect=7.99511395354 mean_iota=-1.15198159083 solver_iterations=2469
evaluation=756 objective=0.00194133603185 qs=0.00194126763666 aspect=8.00026152474 mean_iota=-1.15267738849 solver_iterations=2482
evaluation=757 objective=0.00191972227899 qs=0.00191959748975 aspect=8.0003532552 mean_iota=-1.1527107964 solver_iterations=2481
evaluation=758 objective=0.00191993433293 qs=0.00191980772241 aspect=8.00035582372 mean_iota=-1.15269065297 solver_iterations=2481
evaluation=759 objective=0.00192016215073 qs=0.00192015591247 aspect=8.00007898263 mean_iota=-1.15270877068 solver_iterations=2482
evaluation=760 objective=0.00192012277606 qs=0.00192004763795 aspect=8.00027411331 mean_iota=-1.15274541581 solver_iterations=2481
evaluation=761 objective=0.00191970934031 qs=0.00191958375264 aspect=8.00035438351 mean_iota=-1.15271151652 solver_iterations=2481
evaluation=762 objective=0.00191970290512 qs=0.00191957826988 aspect=8.00035303717 mean_iota=-1.15271105269 solver_iterations=2481
evaluation=763 objective=0.00191972185629 qs=0.0019195972938 aspect=8.00035293412 mean_iota=-1.1527110585 solver_iterations=2481
accepted mode=2 iteration=28 objective=0.00191972185629
   28    735    0.0009598609281      0.13087709430.01568164874
evaluation=764 objective=0.00191409250137 qs=0.0019139029422 aspect=8.00043538393 mean_iota=-1.15583331341 solver_iterations=2520
evaluation=765 objective=0.00192358727411 qs=0.00192338152917 aspect=8.00045359116 mean_iota=-1.15597406903 solver_iterations=2526
evaluation=766 objective=0.00191453933166 qs=0.00191435058356 aspect=8.00043445149 mean_iota=-1.15583301992 solver_iterations=2520
evaluation=767 objective=0.001919975952 qs=0.00191979457461 aspect=8.00042588425 mean_iota=-1.15582820038 solver_iterations=2525
evaluation=768 objective=0.00201985648723 qs=0.00201983564797 aspect=7.99985564191 mean_iota=-1.15523804516 solver_iterations=2517
evaluation=769 objective=0.00199766023798 qs=0.00198226601661 aspect=7.99607645296 mean_iota=-1.15551108743 solver_iterations=2536
evaluation=770 objective=0.00192542344636 qs=0.00192528372946 aspect=8.00037378724 mean_iota=-1.15580631326 solver_iterations=2531
evaluation=771 objective=0.0019149914824 qs=0.00191480026778 aspect=8.00043728095 mean_iota=-1.15583320858 solver_iterations=2520
evaluation=772 objective=0.00191416653061 qs=0.00191395112034 aspect=8.00046412313 mean_iota=-1.1558355025 solver_iterations=2524
evaluation=773 objective=0.00191424179112 qs=0.00191419827362 aspect=8.00020860848 mean_iota=-1.15586101002 solver_iterations=2527
evaluation=774 objective=0.00191433035192 qs=0.00191415969764 aspect=8.00041310323 mean_iota=-1.15589451592 solver_iterations=2533
evaluation=775 objective=0.00191409128544 qs=0.00191389992045 aspect=8.00043745285 mean_iota=-1.1558334204 solver_iterations=2521
evaluation=776 objective=0.00191409435208 qs=0.00191390472006 aspect=8.00043546759 mean_iota=-1.1558332947 solver_iterations=2520
evaluation=777 objective=0.00191667861487 qs=0.00191648905571 aspect=8.00043538393 mean_iota=-1.15599073686 solver_iterations=2521
evaluation=778 objective=0.0019144641546 qs=0.00191427459544 aspect=8.00043538393 mean_iota=-1.15583273004 solver_iterations=2522
evaluation=779 objective=0.00192019297968 qs=0.00192000027614 aspect=8.00043898011 mean_iota=-1.15583859273 solver_iterations=2526
evaluation=780 objective=0.00193698765544 qs=0.00193235124566 aspect=8.0021532324 mean_iota=-1.15624731476 solver_iterations=2529
evaluation=781 objective=0.00199049432182 qs=0.00196726900797 aspect=7.99518073513 mean_iota=-1.15509764668 solver_iterations=2524
evaluation=782 objective=0.00193049834795 qs=0.00193038242635 aspect=8.00034047262 mean_iota=-1.15579817382 solver_iterations=2527
evaluation=783 objective=0.00191493456176 qs=0.0019147447334 aspect=8.00043569297 mean_iota=-1.15583303484 solver_iterations=2520
evaluation=784 objective=0.00191433838277 qs=0.00191414562533 aspect=8.0004390415 mean_iota=-1.15581374023 solver_iterations=2526
evaluation=785 objective=0.00191419373697 qs=0.00191417015198 aspect=8.00015357405 mean_iota=-1.15582843896 solver_iterations=2527
evaluation=786 objective=0.00191421997427 qs=0.00191409370996 aspect=8.0003553369 mean_iota=-1.15586848559 solver_iterations=2526
evaluation=787 objective=0.00191408625513 qs=0.00191389557903 aspect=8.00043666474 mean_iota=-1.15583372161 solver_iterations=2521
evaluation=788 objective=0.00191409184701 qs=0.0019139022007 aspect=8.000435484 mean_iota=-1.15583330405 solver_iterations=2520
evaluation=789 objective=0.00191409250137 qs=0.0019139029422 aspect=8.00043538393 mean_iota=-1.15583331341 solver_iterations=2520
accepted mode=2 iteration=29 objective=0.00191409250137
   29    760    0.0009570462507     0.034903851220.01568164874
evaluation=790 objective=0.00191405143487 qs=0.00191386945183 aspect=8.0004265947 mean_iota=-1.15638431794 solver_iterations=2530
evaluation=791 objective=0.00192351714522 qs=0.00192331928634 aspect=8.0004448133 mean_iota=-1.15652511713 solver_iterations=2529
evaluation=792 objective=0.0019143799858 qs=0.00191419879075 aspect=8.00042567011 mean_iota=-1.15638400732 solver_iterations=2530
evaluation=793 objective=0.00192014402638 qs=0.00191997047865 aspect=8.0004165906 mean_iota=-1.1563790242 solver_iterations=2529
evaluation=794 objective=0.00202696534364 qs=0.00202694135159 aspect=7.99984510632 mean_iota=-1.1557944335 solver_iterations=2524
evaluation=795 objective=0.00200265271787 qs=0.00198715871607 aspect=7.99606375791 mean_iota=-1.15606200754 solver_iterations=2525
evaluation=796 objective=0.00192680320369 qs=0.00192667000107 aspect=8.00036496934 mean_iota=-1.15635761876 solver_iterations=2526
evaluation=797 objective=0.0019149256826 qs=0.00191474207909 aspect=8.00042848979 mean_iota=-1.15638424482 solver_iterations=2530
evaluation=798 objective=0.00191413132292 qs=0.00191392328856 aspect=8.00045610783 mean_iota=-1.15638677876 solver_iterations=2529
evaluation=799 objective=0.00191415694756 qs=0.00191411640203 aspect=8.00020135922 mean_iota=-1.15641207303 solver_iterations=2525
evaluation=800 objective=0.00191469963917 qs=0.00191453620624 aspect=8.0004042684 mean_iota=-1.15644538305 solver_iterations=2525
evaluation=801 objective=0.00191406052961 qs=0.00191387669328 aspect=8.00042876138 mean_iota=-1.15638444059 solver_iterations=2530
evaluation=802 objective=0.00191405673926 qs=0.00191387468279 aspect=8.00042668076 mean_iota=-1.15638430107 solver_iterations=2530
evaluation=803 objective=0.00191694467197 qs=0.00191676268894 aspect=8.0004265947 mean_iota=-1.15654187926 solver_iterations=2530
evaluation=804 objective=0.00191433610959 qs=0.00191415412655 aspect=8.0004265947 mean_iota=-1.15638371313 solver_iterations=2530
evaluation=805 objective=0.00191964796472 qs=0.00191946245884 aspect=8.00043070393 mean_iota=-1.15638981057 solver_iterations=2530
evaluation=806 objective=0.00193963747429 qs=0.00193503329293 aspect=8.00214573562 mean_iota=-1.1567983312 solver_iterations=2528
evaluation=807 objective=0.00198629450561 qs=0.0019629360998 aspect=7.99516694653 mean_iota=-1.15564872114 solver_iterations=2487
evaluation=808 objective=0.00193232964975 qs=0.00193221961438 aspect=8.0003317158 mean_iota=-1.15634947391 solver_iterations=2525
evaluation=809 objective=0.00191478167041 qs=0.00191459940752 aspect=8.00042692259 mean_iota=-1.15638407171 solver_iterations=2530
evaluation=810 objective=0.00191432506235 qs=0.00191414070287 aspect=8.00042937102 mean_iota=-1.15636457613 solver_iterations=2525
evaluation=811 objective=0.00191436792894 qs=0.00191434643615 aspect=8.00014660419 mean_iota=-1.15638014301 solver_iterations=2525
evaluation=812 objective=0.00191424913152 qs=0.0019141287919 aspect=8.00034690001 mean_iota=-1.156419472 solver_iterations=2525
evaluation=813 objective=0.00191405742946 qs=0.001913874441 aspect=8.0004277715 mean_iota=-1.15638470216 solver_iterations=2530
evaluation=814 objective=0.00191405408594 qs=0.00191387201711 aspect=8.00042669525 mean_iota=-1.15638431103 solver_iterations=2530
evaluation=815 objective=0.00191405143487 qs=0.00191386945183 aspect=8.0004265947 mean_iota=-1.15638431794 solver_iterations=2530
accepted mode=2 iteration=30 objective=0.00191405143487
   30    785    0.0009570257174    0.0085797642459.491783343e-05
evaluation=816 objective=0.00191364349202 qs=0.00191349179933 aspect=8.00038947746 mean_iota=-1.1567521726 solver_iterations=2531
evaluation=817 objective=0.00192299969033 qs=0.00192283347271 aspect=8.00040769796 mean_iota=-1.1568929005 solver_iterations=2531
evaluation=818 objective=0.00191398340904 qs=0.00191383243329 aspect=8.00038855598 mean_iota=-1.15675186706 solver_iterations=2531
evaluation=819 objective=0.00191959250463 qs=0.00191944847197 aspect=8.00037951635 mean_iota=-1.15674690928 solver_iterations=2531
evaluation=820 objective=0.00202613908514 qs=0.00202610206582 aspect=7.99980759595 mean_iota=-1.15616235118 solver_iterations=2528
evaluation=821 objective=0.00200191123184 qs=0.00198612666613 aspect=7.99602702055 mean_iota=-1.15642946401 solver_iterations=2526
evaluation=822 objective=0.00192631983543 qs=0.00192621244067 aspect=8.0003277114 mean_iota=-1.15672544546 solver_iterations=2533
evaluation=823 objective=0.00191446059641 qs=0.00191430742568 aspect=8.00039137032 mean_iota=-1.15675210081 solver_iterations=2531
evaluation=824 objective=0.00191372890904 qs=0.00191355346723 aspect=8.00041885775 mean_iota=-1.15675459633 solver_iterations=2531
evaluation=825 objective=0.00191378944129 qs=0.00191376262927 aspect=8.00016374376 mean_iota=-1.15677996456 solver_iterations=2530
evaluation=826 objective=0.00191431527913 qs=0.00191418056196 aspect=8.00036703838 mean_iota=-1.15681329068 solver_iterations=2528
evaluation=827 objective=0.00191364793845 qs=0.00191349456559 aspect=8.00039162847 mean_iota=-1.15675229765 solver_iterations=2531
evaluation=828 objective=0.00191364538505 qs=0.00191349362726 aspect=8.00038956101 mean_iota=-1.15675215675 solver_iterations=2531
evaluation=829 objective=0.00191672726106 qs=0.00191657556837 aspect=8.00038947746 mean_iota=-1.15690960786 solver_iterations=2531
evaluation=830 objective=0.00191393020251 qs=0.00191377850982 aspect=8.00038947746 mean_iota=-1.15675157009 solver_iterations=2531
evaluation=831 objective=0.00191913558539 qs=0.00191898078207 aspect=8.00039345053 mean_iota=-1.1567576551 solver_iterations=2531
evaluation=832 objective=0.00193912749011 qs=0.00193467615763 aspect=8.00210981811 mean_iota=-1.15716650427 solver_iterations=2534
evaluation=833 objective=0.00198668907118 qs=0.00196297284251 aspect=7.99513006893 mean_iota=-1.15601610535 solver_iterations=2486
evaluation=834 objective=0.00193209557773 qs=0.00193200888759 aspect=8.00029443189 mean_iota=-1.15671726022 solver_iterations=2531
evaluation=835 objective=0.00191436231141 qs=0.00191421035995 aspect=8.00038980952 mean_iota=-1.15675191947 solver_iterations=2531
evaluation=836 objective=0.00191392315689 qs=0.00191376916077 aspect=8.00039242339 mean_iota=-1.15673252168 solver_iterations=2530
evaluation=837 objective=0.00191401714551 qs=0.00191400529319 aspect=8.00010886839 mean_iota=-1.15674787729 solver_iterations=2532
evaluation=838 objective=0.00191388896164 qs=0.00191379316801 aspect=8.00030950545 mean_iota=-1.15678738629 solver_iterations=2530
evaluation=839 objective=0.00191364510817 qs=0.00191349245526 aspect=8.00039070822 mean_iota=-1.15675257687 solver_iterations=2531
evaluation=840 objective=0.00191364576537 qs=0.00191349399612 aspect=8.00038957573 mean_iota=-1.15675216639 solver_iterations=2531
evaluation=841 objective=0.00191364349202 qs=0.00191349179933 aspect=8.00038947746 mean_iota=-1.1567521726 solver_iterations=2531
accepted mode=2 iteration=31 objective=0.00191364349202
   31    810     0.000956821746    0.0013674608540.0001898356669
evaluation=842 objective=0.00191355839667 qs=0.00191339735004 aspect=8.00040130615 mean_iota=-1.15735918353 solver_iterations=2525
evaluation=843 objective=0.00192298719732 qs=0.00192281120043 aspect=8.00041951984 mean_iota=-1.15749969466 solver_iterations=2525
evaluation=844 objective=0.00191389174425 qs=0.00191373143241 aspect=8.00040038961 mean_iota=-1.15735887783 solver_iterations=2525
evaluation=845 objective=0.00191950033559 qs=0.00191934719 aspect=8.0003913382 mean_iota=-1.15735366682 solver_iterations=2524
evaluation=846 objective=0.00202630037031 qs=0.00202626728898 aspect=7.99981811727 mean_iota=-1.15676802716 solver_iterations=2478
evaluation=847 objective=0.00200196594555 qs=0.00198627132359 aspect=7.99603835615 mean_iota=-1.15703549575 solver_iterations=2536
evaluation=848 objective=0.00192622874767 qs=0.00192611365579 aspect=8.00033925194 mean_iota=-1.15733184925 solver_iterations=2514
evaluation=849 objective=0.00191438128046 qs=0.00191421871672 aspect=8.00040319193 mean_iota=-1.15735910744 solver_iterations=2525
evaluation=850 objective=0.0019136311491 qs=0.00191344573159 aspect=8.00043060134 mean_iota=-1.15736140096 solver_iterations=2524
evaluation=851 objective=0.00191355315391 qs=0.00191352256612 aspect=8.00017489365 mean_iota=-1.15738503983 solver_iterations=2509
evaluation=852 objective=0.00191354747136 qs=0.00191340396692 aspect=8.00037881981 mean_iota=-1.15740976933 solver_iterations=2491
evaluation=853 objective=0.00191356428433 qs=0.00191340148059 aspect=8.00040348946 mean_iota=-1.15735931768 solver_iterations=2525
evaluation=854 objective=0.00191355992408 qs=0.00191339881012 aspect=8.00040139004 mean_iota=-1.15735916867 solver_iterations=2525
evaluation=855 objective=0.00191655556893 qs=0.00191639452231 aspect=8.00040130615 mean_iota=-1.15751633525 solver_iterations=2525
evaluation=856 objective=0.00191384306987 qs=0.00191368202324 aspect=8.00040130615 mean_iota=-1.15735858516 solver_iterations=2525
evaluation=857 objective=0.00191906605065 qs=0.00191890185759 aspect=8.00040520743 mean_iota=-1.15736473413 solver_iterations=2525
evaluation=858 objective=0.00193911032679 qs=0.00193460061624 aspect=8.00212360791 mean_iota=-1.15777312957 solver_iterations=2514
evaluation=859 objective=0.00198630860714 qs=0.00196270220816 aspect=7.99514135832 mean_iota=-1.15662349736 solver_iterations=2531
evaluation=860 objective=0.00193204379108 qs=0.00193195014426 aspect=8.00030601767 mean_iota=-1.15732386871 solver_iterations=2523
evaluation=861 objective=0.00191427174305 qs=0.00191411043152 aspect=8.00040163607 mean_iota=-1.15735874833 solver_iterations=2524
evaluation=862 objective=0.00191366248938 qs=0.00191349895938 aspect=8.00040438843 mean_iota=-1.15733740592 solver_iterations=2508
evaluation=863 objective=0.00191325335404 qs=0.00191323899124 aspect=8.00011984491 mean_iota=-1.15734458883 solver_iterations=2501
evaluation=864 objective=0.00191374091339 qs=0.00191363775377 aspect=8.00032118471 mean_iota=-1.15739376827 solver_iterations=2512
evaluation=865 objective=0.00191356157626 qs=0.00191339956417 aspect=8.00040250725 mean_iota=-1.15735958323 solver_iterations=2525
evaluation=866 objective=0.00191356069444 qs=0.00191339956905 aspect=8.00040140427 mean_iota=-1.15735917856 solver_iterations=2525
evaluation=867 objective=0.00191355839667 qs=0.00191339735004 aspect=8.00040130615 mean_iota=-1.15735918353 solver_iterations=2525
accepted mode=2 iteration=32 objective=0.00191355839667
   32    835    0.0009567791983     0.019123477220.0001898356669
evaluation=868 objective=0.00191431178141 qs=0.00191420110984 aspect=8.00033267337 mean_iota=-1.1579923738 solver_iterations=2449
evaluation=869 objective=0.00191365179751 qs=0.00191355204029 aspect=8.00031584366 mean_iota=-1.15753562504 solver_iterations=2542
evaluation=870 objective=0.00191356888867 qs=0.00191345342143 aspect=8.00033980472 mean_iota=-1.15739688574 solver_iterations=2510
evaluation=871 objective=0.00191356832644 qs=0.00191342893265 aspect=8.00037335477 mean_iota=-1.15736647774 solver_iterations=2522
evaluation=872 objective=0.00191357668229 qs=0.00191342250495 aspect=8.00039265423 mean_iota=-1.15736073364 solver_iterations=2523
evaluation=873 objective=0.00191357519009 qs=0.00191341596489 aspect=8.00039903032 mean_iota=-1.15735952552 solver_iterations=2523
evaluation=874 objective=0.00191357482879 qs=0.00191341424291 aspect=8.00040073168 mean_iota=-1.15735925275 solver_iterations=2523
evaluation=875 objective=0.00191357474536 qs=0.00191341381422 aspect=8.00040116225 mean_iota=-1.15735918711 solver_iterations=2523
evaluation=876 objective=0.00191357472476 qs=0.00191341370702 aspect=8.00040127016 mean_iota=-1.15735917087 solver_iterations=2523
evaluation=877 objective=0.00191357472034 qs=0.00191341368093 aspect=8.00040129715 mean_iota=-1.15735916683 solver_iterations=2523
evaluation=878 objective=0.001913574719 qs=0.00191341367418 aspect=8.0004013039 mean_iota=-1.15735916582 solver_iterations=2523
evaluation=879 objective=0.00191357471916 qs=0.00191341367299 aspect=8.00040130559 mean_iota=-1.15735916557 solver_iterations=2523
evaluation=880 objective=0.00191357471921 qs=0.00191341367269 aspect=8.00040130601 mean_iota=-1.15735916551 solver_iterations=2523
evaluation=881 objective=0.00191357471867 qs=0.00191341367207 aspect=8.00040130612 mean_iota=-1.15735916549 solver_iterations=2523
evaluation=882 objective=0.00191357471827 qs=0.00191341367165 aspect=8.00040130614 mean_iota=-1.15735916548 solver_iterations=2523
evaluation=883 objective=0.00191357471873 qs=0.0019134136721 aspect=8.00040130615 mean_iota=-1.15735916549 solver_iterations=2523
evaluation=884 objective=0.00191357471886 qs=0.00191341367224 aspect=8.00040130615 mean_iota=-1.15735916549 solver_iterations=2523
evaluation=885 objective=0.00191357471848 qs=0.00191341367185 aspect=8.00040130615 mean_iota=-1.15735916548 solver_iterations=2523
evaluation=886 objective=0.00191357471843 qs=0.0019134136718 aspect=8.00040130615 mean_iota=-1.15735916548 solver_iterations=2523
evaluation=887 objective=0.00191357471871 qs=0.00191341367208 aspect=8.00040130615 mean_iota=-1.15735916548 solver_iterations=2523
evaluation=888 objective=0.00191357471862 qs=0.001913413672 aspect=8.00040130615 mean_iota=-1.15735916548 solver_iterations=2523
finished max_mode=2 status=The step size satisfies xtol. objective=0.00191355839667 evaluations=855 iterations=32 equilibrium_evaluations=888 nonlinear_iterations=2122177 analytic_jacobians=0 linear_iterations=0
beginning max_mode=3 variables=48 jacobian_method=finite-difference
evaluation=1 objective=0.00182064775858 qs=0.00182048671195 aspect=8.00040130615 mean_iota=-1.15736967794 solver_iterations=3125
evaluation=2 objective=0.00182994424035 qs=0.00182976824346 aspect=8.00041951984 mean_iota=-1.15750993121 solver_iterations=3106
evaluation=3 objective=0.00182101874458 qs=0.00182085843274 aspect=8.00040038961 mean_iota=-1.15736934991 solver_iterations=3125
evaluation=4 objective=0.00182065671954 qs=0.00182049567485 aspect=8.00040130373 mean_iota=-1.15736966529 solver_iterations=3125
evaluation=5 objective=0.00182066330282 qs=0.00182050221495 aspect=8.00040135753 mean_iota=-1.15736967283 solver_iterations=3125
evaluation=6 objective=0.00182662967729 qs=0.0018264765317 aspect=8.0003913382 mean_iota=-1.15736401812 solver_iterations=3106
evaluation=7 objective=0.00192622364512 qs=0.00192619056379 aspect=7.99981811727 mean_iota=-1.15674942617 solver_iterations=2979
evaluation=8 objective=0.0019081328619 qs=0.00189243823994 aspect=7.99603835615 mean_iota=-1.15704077155 solver_iterations=3061
evaluation=9 objective=0.00182627800643 qs=0.00182616291455 aspect=8.00033925194 mean_iota=-1.15731266307 solver_iterations=3006
evaluation=10 objective=0.00182147928567 qs=0.00182131672193 aspect=8.00040319193 mean_iota=-1.15736965214 solver_iterations=3126
evaluation=11 objective=0.00182111595318 qs=0.0018209548915 aspect=8.0004013249 mean_iota=-1.15736968274 solver_iterations=3125
evaluation=12 objective=0.00182063078967 qs=0.00182046983993 aspect=8.00040118542 mean_iota=-1.15736963801 solver_iterations=3125
evaluation=13 objective=0.001820742659 qs=0.00182055724149 aspect=8.00043060134 mean_iota=-1.15737188931 solver_iterations=3106
evaluation=14 objective=0.00182010984873 qs=0.00182007926094 aspect=8.00017489365 mean_iota=-1.15739699547 solver_iterations=3086
evaluation=15 objective=0.00181423954509 qs=0.00181409604065 aspect=8.00037881981 mean_iota=-1.15740158546 solver_iterations=3000
evaluation=16 objective=0.0018206449117 qs=0.00182048210796 aspect=8.00040348946 mean_iota=-1.15736982461 solver_iterations=3125
evaluation=17 objective=0.00182064070618 qs=0.00182047959222 aspect=8.00040139004 mean_iota=-1.15736966766 solver_iterations=3125
evaluation=18 objective=0.00182099824756 qs=0.00182083719515 aspect=8.00040131336 mean_iota=-1.15736967255 solver_iterations=3125
evaluation=19 objective=0.00182065509271 qs=0.00182049400124 aspect=8.00040136202 mean_iota=-1.15736965642 solver_iterations=3125
evaluation=20 objective=0.00182066449261 qs=0.00182050353743 aspect=8.00040119219 mean_iota=-1.15736914129 solver_iterations=3125
evaluation=21 objective=0.00182064922466 qs=0.00182048805486 aspect=8.00040145958 mean_iota=-1.1573687933 solver_iterations=3125
evaluation=22 objective=0.00182062032522 qs=0.00182045910795 aspect=8.0004015187 mean_iota=-1.15736947288 solver_iterations=3125
evaluation=23 objective=0.00182061418097 qs=0.00182045310171 aspect=8.0004013468 mean_iota=-1.15736961155 solver_iterations=3125
evaluation=24 objective=0.00182051261657 qs=0.00182035156443 aspect=8.00040131302 mean_iota=-1.15736968325 solver_iterations=3125
evaluation=25 objective=0.00182127682848 qs=0.00182111578153 aspect=8.00040130655 mean_iota=-1.15736968025 solver_iterations=3125
evaluation=26 objective=0.00182356614757 qs=0.00182340510094 aspect=8.00040130615 mean_iota=-1.15752687825 solver_iterations=3125
evaluation=27 objective=0.00182091999052 qs=0.00182075894389 aspect=8.00040130615 mean_iota=-1.15736907399 solver_iterations=3123
evaluation=28 objective=0.00182059873803 qs=0.0018204376914 aspect=8.00040130615 mean_iota=-1.15736966017 solver_iterations=3125
evaluation=29 objective=0.00182057691028 qs=0.00182041590871 aspect=8.00040125 mean_iota=-1.15736966363 solver_iterations=3125
evaluation=30 objective=0.00182621148653 qs=0.00182604729347 aspect=8.00040520743 mean_iota=-1.15737500494 solver_iterations=3105
evaluation=31 objective=0.00183932517337 qs=0.00183481546283 aspect=8.00212360791 mean_iota=-1.15775450539 solver_iterations=3008
evaluation=32 objective=0.00188745912629 qs=0.0018638527273 aspect=7.99514135832 mean_iota=-1.15660510841 solver_iterations=2925
evaluation=33 objective=0.00183868698097 qs=0.00183859333415 aspect=8.00030601767 mean_iota=-1.1573340541 solver_iterations=3079
evaluation=34 objective=0.00182137864279 qs=0.00182121733126 aspect=8.00040163607 mean_iota=-1.15736941328 solver_iterations=3125
evaluation=35 objective=0.00181992098117 qs=0.00181975991816 aspect=8.00040132656 mean_iota=-1.15736969173 solver_iterations=3125
evaluation=36 objective=0.00182062241416 qs=0.001820461282 aspect=8.0004014127 mean_iota=-1.1573697754 solver_iterations=3125
evaluation=37 objective=0.00181384794566 qs=0.00181368441566 aspect=8.00040438843 mean_iota=-1.15732029493 solver_iterations=3003
evaluation=38 objective=0.00182101666272 qs=0.00182100229992 aspect=8.00011984491 mean_iota=-1.15736494537 solver_iterations=3084
evaluation=39 objective=0.00181371367433 qs=0.00181361051471 aspect=8.00032118471 mean_iota=-1.15737521783 solver_iterations=3003
evaluation=40 objective=0.00182066935244 qs=0.00182050734036 aspect=8.00040250725 mean_iota=-1.15737008907 solver_iterations=3125
evaluation=41 objective=0.00182065525901 qs=0.00182049413362 aspect=8.00040140427 mean_iota=-1.15736967475 solver_iterations=3125
evaluation=42 objective=0.0018201822851 qs=0.00182002123204 aspect=8.00040131418 mean_iota=-1.15736967146 solver_iterations=3125
evaluation=43 objective=0.00182063640968 qs=0.00182047541013 aspect=8.00040124749 mean_iota=-1.1573696248 solver_iterations=3125
evaluation=44 objective=0.00182062045379 qs=0.00182045949817 aspect=8.00040119275 mean_iota=-1.15737068974 solver_iterations=3125
evaluation=45 objective=0.00182066367465 qs=0.00182050257533 aspect=8.0004013718 mean_iota=-1.15736897305 solver_iterations=3125
evaluation=46 objective=0.00182064843498 qs=0.00182048720188 aspect=8.00040153842 mean_iota=-1.15736945693 solver_iterations=3125
evaluation=47 objective=0.00182077512035 qs=0.00182061402983 aspect=8.00040136083 mean_iota=-1.15736958661 solver_iterations=3125
evaluation=48 objective=0.0018203527325 qs=0.00182019167794 aspect=8.00040131604 mean_iota=-1.15736968137 solver_iterations=3125
evaluation=49 objective=0.00182115660787 qs=0.00182099556072 aspect=8.0004013068 mean_iota=-1.15736967905 solver_iterations=3125
 iter   nfev              cost        optimality       radius
    0     49    0.0009103238793       3.638919756 0.2878353776
evaluation=50 objective=0.0424162571357 qs=0.0396026302972 aspect=8.05304363146 mean_iota=-1.16992814879 solver_iterations=2292
evaluation=51 objective=0.00445900986926 qs=0.00441759862534 aspect=8.00643515687 mean_iota=-1.16794314269 solver_iterations=3096
evaluation=52 objective=0.000703791894035 qs=0.000703131990092 aspect=8.00081234472 mean_iota=-1.17025941838 solver_iterations=3067
evaluation=53 objective=0.000723549269668 qs=0.000722855718175 aspect=8.00083279739 mean_iota=-1.1703908618 solver_iterations=3066
evaluation=54 objective=0.000716001604624 qs=0.000715343346375 aspect=8.00081133116 mean_iota=-1.17025922491 solver_iterations=3067
evaluation=55 objective=0.000703801195621 qs=0.000703141295719 aspect=8.00081234223 mean_iota=-1.17025940747 solver_iterations=3067
evaluation=56 objective=0.000709971711736 qs=0.000709311385841 aspect=8.00081260439 mean_iota=-1.17025932114 solver_iterations=3067
evaluation=57 objective=0.000741898249588 qs=0.000741259329968 aspect=8.00079932448 mean_iota=-1.17024841047 solver_iterations=3066
evaluation=58 objective=0.000790903030768 qs=0.000790845452778 aspect=8.00023995414 mean_iota=-1.1696568026 solver_iterations=3093
evaluation=59 objective=0.00078256510053 qs=0.000770044082674 aspect=7.99646149497 mean_iota=-1.16993971762 solver_iterations=3112
evaluation=60 objective=0.000746950070565 qs=0.00074638640353 aspect=8.00075077762 mean_iota=-1.17022539796 solver_iterations=3071
evaluation=61 objective=0.000717965872489 qs=0.000717303733882 aspect=8.000813719 mean_iota=-1.17026364372 solver_iterations=3078
evaluation=62 objective=0.000704497275335 qs=0.000703837329355 aspect=8.00081237059 mean_iota=-1.17025942354 solver_iterations=3067
evaluation=63 objective=0.000703129300604 qs=0.00070247022117 aspect=8.00081183707 mean_iota=-1.17025915485 solver_iterations=3067
evaluation=64 objective=0.000701265532228 qs=0.000700558186827 aspect=8.00084103829 mean_iota=-1.17026619262 solver_iterations=3078
evaluation=65 objective=0.000701709722716 qs=0.00070138051771 aspect=8.00057376389 mean_iota=-1.17028931863 solver_iterations=3071
evaluation=66 objective=0.000700773184836 qs=0.000700144107209 aspect=8.00079314414 mean_iota=-1.17031936004 solver_iterations=3076
evaluation=67 objective=0.000703724926315 qs=0.000703060255271 aspect=8.0008152736 mean_iota=-1.17026377946 solver_iterations=3080
evaluation=68 objective=0.000705354178635 qs=0.000704694034136 aspect=8.00081249277 mean_iota=-1.17025939757 solver_iterations=3067
evaluation=69 objective=0.000703942104504 qs=0.000703282186879 aspect=8.00081235314 mean_iota=-1.17025941127 solver_iterations=3067
evaluation=70 objective=0.000703870551939 qs=0.000703210658397 aspect=8.00081233832 mean_iota=-1.17025926432 solver_iterations=3067
evaluation=71 objective=0.000703841636615 qs=0.000703183178966 aspect=8.00081145403 mean_iota=-1.17025505931 solver_iterations=3067
evaluation=72 objective=0.000703803528403 qs=0.000703142854754 aspect=8.00081281834 mean_iota=-1.17025704679 solver_iterations=3067
evaluation=73 objective=0.000703624897074 qs=0.000702961797167 aspect=8.00081430947 mean_iota=-1.17025775674 solver_iterations=3065
evaluation=74 objective=0.000704612951949 qs=0.000703951814941 aspect=8.00081310332 mean_iota=-1.1702589306 solver_iterations=3067
evaluation=75 objective=0.000703925066591 qs=0.000703265165398 aspect=8.00081234303 mean_iota=-1.17025942222 solver_iterations=3067
evaluation=76 objective=0.000703959052895 qs=0.000703299148253 aspect=8.00081234515 mean_iota=-1.17025942228 solver_iterations=3067
evaluation=77 objective=0.000693416721301 qs=0.000692756817359 aspect=8.00081234472 mean_iota=-1.17041249364 solver_iterations=3065
evaluation=78 objective=0.000696989232161 qs=0.000696329328219 aspect=8.00081234472 mean_iota=-1.17025857013 solver_iterations=3067
evaluation=79 objective=0.000703939913414 qs=0.000703280009471 aspect=8.00081234472 mean_iota=-1.17025938571 solver_iterations=3067
evaluation=80 objective=0.000708616785124 qs=0.000707957440242 aspect=8.00081200054 mean_iota=-1.17025944881 solver_iterations=3067
evaluation=81 objective=0.000752141822207 qs=0.000751470357528 aspect=8.00081942948 mean_iota=-1.17027366859 solver_iterations=3077
evaluation=82 objective=0.000723100135819 qs=0.000716647928745 aspect=8.0025401195 mean_iota=-1.17066779292 solver_iterations=3084
evaluation=83 objective=0.000800024534493 qs=0.000780336973865 aspect=7.99556293333 mean_iota=-1.169507191 solver_iterations=3047
evaluation=84 objective=0.000657486633306 qs=0.000656989450212 aspect=8.00070511211 mean_iota=-1.17021965025 solver_iterations=3070
evaluation=85 objective=0.000690685122947 qs=0.000690023498687 aspect=8.00081340289 mean_iota=-1.17026347342 solver_iterations=3078
evaluation=86 objective=0.000704252867636 qs=0.000703592938589 aspect=8.00081236017 mean_iota=-1.17025942415 solver_iterations=3067
evaluation=87 objective=0.000703305046839 qs=0.000702644091312 aspect=8.00081299171 mean_iota=-1.17026430951 solver_iterations=3080
evaluation=88 objective=0.000700453837966 qs=0.000699787370641 aspect=8.0008163745 mean_iota=-1.17024104117 solver_iterations=3071
evaluation=89 objective=0.000699471246652 qs=0.000699199702691 aspect=8.0005210988 mean_iota=-1.17025306567 solver_iterations=3074
evaluation=90 objective=0.000701825351051 qs=0.000701283746556 aspect=8.00073593783 mean_iota=-1.17029758224 solver_iterations=3071
evaluation=91 objective=0.000703463473265 qs=0.000702802244931 aspect=8.00081315948 mean_iota=-1.17025963509 solver_iterations=3067
evaluation=92 objective=0.000704428395752 qs=0.000703768228657 aspect=8.00081250667 mean_iota=-1.17025939842 solver_iterations=3067
evaluation=93 objective=0.00070409541076 qs=0.000703435486493 aspect=8.00081235723 mean_iota=-1.17025940884 solver_iterations=3067
evaluation=94 objective=0.000703969695751 qs=0.000703310353214 aspect=8.0008119991 mean_iota=-1.17025938223 solver_iterations=3067
evaluation=95 objective=0.000703796069047 qs=0.000703136274365 aspect=8.00081227747 mean_iota=-1.17026038516 solver_iterations=3067
evaluation=96 objective=0.000703800736585 qs=0.000703140379828 aspect=8.00081262338 mean_iota=-1.17025733289 solver_iterations=3067
evaluation=97 objective=0.000703677760088 qs=0.000703016876196 aspect=8.00081294766 mean_iota=-1.17025849782 solver_iterations=3067
evaluation=98 objective=0.000704089504523 qs=0.000703427952642 aspect=8.0008133584 mean_iota=-1.17025878144 solver_iterations=3067
evaluation=99 objective=0.000703859562219 qs=0.000703199649065 aspect=8.00081235039 mean_iota=-1.17025941533 solver_iterations=3067
evaluation=100 objective=0.000703964507957 qs=0.0007033046041 aspect=8.00081234467 mean_iota=-1.17025942135 solver_iterations=3067
evaluation=101 objective=0.000703791894035 qs=0.000703131990092 aspect=8.00081234472 mean_iota=-1.17025941838 solver_iterations=3067
accepted mode=3 iteration=1 objective=0.000703791894035
    1    100     0.000351895947       3.4993432220.007783196529
evaluation=102 objective=0.000357155879434 qs=0.000353397799175 aspect=7.99806142314 mean_iota=-1.18180579221 solver_iterations=3272
evaluation=103 objective=0.000405169713117 qs=0.0004015026138 aspect=7.99808503282 mean_iota=-1.18193712809 solver_iterations=3271
evaluation=104 objective=0.00035796437029 qs=0.000354202477004 aspect=7.99806043992 mean_iota=-1.18180569158 solver_iterations=3272
evaluation=105 objective=0.000357113951588 qs=0.000353355856939 aspect=7.99806141942 mean_iota=-1.18180577474 solver_iterations=3272
evaluation=106 objective=0.000357108396167 qs=0.000353351758742 aspect=7.99806179531 mean_iota=-1.18180569666 solver_iterations=3272
evaluation=107 objective=0.000403897025855 qs=0.000400040582796 aspect=7.99803621716 mean_iota=-1.18178751279 solver_iterations=3270
evaluation=108 objective=0.000436392220199 qs=0.000430433012718 aspect=7.9975588512 mean_iota=-1.18120556478 solver_iterations=3282
evaluation=109 objective=0.00048013763962 qs=0.00044188932162 aspect=7.99381547754 mean_iota=-1.18149136206 solver_iterations=3299
evaluation=110 objective=0.000376143827273 qs=0.000372079778296 aspect=7.99798405135 mean_iota=-1.18176415598 solver_iterations=3274
evaluation=111 objective=0.000367320297996 qs=0.000363566245571 aspect=7.99806246228 mean_iota=-1.18180525427 solver_iterations=3271
evaluation=112 objective=0.000356876039504 qs=0.000353118161136 aspect=7.99806147521 mean_iota=-1.1818058099 solver_iterations=3272
evaluation=113 objective=0.000356830378855 qs=0.00035306943218 aspect=7.99806068397 mean_iota=-1.18180528889 solver_iterations=3272
evaluation=114 objective=0.000356327463291 qs=0.000352653925869 aspect=7.99808335256 mean_iota=-1.18180656115 solver_iterations=3271
evaluation=115 objective=0.000356542683919 qs=0.000351586248197 aspect=7.9977736946 mean_iota=-1.18184189677 solver_iterations=3272
evaluation=116 objective=0.000348745533653 qs=0.000344949327123 aspect=7.99805161438 mean_iota=-1.18186482624 solver_iterations=3275
evaluation=117 objective=0.00035888039723 qs=0.000355135908998 aspect=7.99806493198 mean_iota=-1.18180569128 solver_iterations=3271
evaluation=118 objective=0.000357272838431 qs=0.000353515608048 aspect=7.99806164235 mean_iota=-1.18180578277 solver_iterations=3272
evaluation=119 objective=0.000357147189089 qs=0.000353389151098 aspect=7.99806143404 mean_iota=-1.18180578669 solver_iterations=3272
evaluation=120 objective=0.000357243248667 qs=0.000353485394126 aspect=7.99806148135 mean_iota=-1.18180528327 solver_iterations=3272
evaluation=121 objective=0.000357181997529 qs=0.000353421793783 aspect=7.99806087552 mean_iota=-1.18180419055 solver_iterations=3272
evaluation=122 objective=0.00035714133663 qs=0.000353385232271 aspect=7.99806193283 mean_iota=-1.18180353026 solver_iterations=3272
evaluation=123 objective=0.000357420875121 qs=0.00035366955873 aspect=7.99806316847 mean_iota=-1.18180401078 solver_iterations=3272
evaluation=124 objective=0.000357420063266 qs=0.000353665701987 aspect=7.99806238258 mean_iota=-1.18180512008 solver_iterations=3272
evaluation=125 objective=0.000357195459559 qs=0.000353437356375 aspect=7.99806141722 mean_iota=-1.18180579617 solver_iterations=3272
evaluation=126 objective=0.000357117648625 qs=0.000353359571673 aspect=7.99806142399 mean_iota=-1.18180579788 solver_iterations=3272
evaluation=127 objective=0.000332284219306 qs=0.000328526139047 aspect=7.99806142314 mean_iota=-1.18196311532 solver_iterations=3273
evaluation=128 objective=0.000360990919744 qs=0.000357232839485 aspect=7.99806142314 mean_iota=-1.18180521788 solver_iterations=3273
evaluation=129 objective=0.000357064186515 qs=0.000353306106256 aspect=7.99806142314 mean_iota=-1.18180577343 solver_iterations=3272
evaluation=130 objective=0.000353633333173 qs=0.000349873408251 aspect=7.99806094742 mean_iota=-1.18180583643 solver_iterations=3272
evaluation=131 objective=0.00041766762397 qs=0.000413978722786 aspect=7.99807934876 mean_iota=-1.18182337492 solver_iterations=3271
evaluation=132 objective=0.000360537790851 qs=0.000360471533356 aspect=7.99974259469 mean_iota=-1.18218616335 solver_iterations=3275
evaluation=133 objective=0.000480242301179 qs=0.000430121302817 aspect=7.99292038148 mean_iota=-1.18108821411 solver_iterations=3146
evaluation=134 objective=0.000299230047274 qs=0.000294970526464 aspect=7.99793613934 mean_iota=-1.18175623202 solver_iterations=3270
evaluation=135 objective=0.000370106428097 qs=0.000366351750323 aspect=7.99806230091 mean_iota=-1.18180499445 solver_iterations=3271
evaluation=136 objective=0.000356997392338 qs=0.000353239408762 aspect=7.99806144807 mean_iota=-1.18180580808 solver_iterations=3272
evaluation=137 objective=0.000357021176037 qs=0.000353265244829 aspect=7.9980619775 mean_iota=-1.18180630928 solver_iterations=3271
evaluation=138 objective=0.000357555114238 qs=0.000353847491409 aspect=7.99807448115 mean_iota=-1.18179001391 solver_iterations=3271
evaluation=139 objective=0.000353497222762 qs=0.000348294130041 aspect=7.99771897113 mean_iota=-1.18178977827 solver_iterations=3274
evaluation=140 objective=0.000349938899121 qs=0.000345910725082 aspect=7.99799296885 mean_iota=-1.18184375735 solver_iterations=3271
evaluation=141 objective=0.000357449935572 qs=0.000353696959069 aspect=7.99806273995 mean_iota=-1.18180627956 solver_iterations=3273
evaluation=142 objective=0.000357331188257 qs=0.000353573931312 aspect=7.9980616355 mean_iota=-1.18180580076 solver_iterations=3272
evaluation=143 objective=0.000357211858153 qs=0.000353453835462 aspect=7.99806143798 mean_iota=-1.1818057853 solver_iterations=3272
evaluation=144 objective=0.00035714179704 qs=0.0003533834928 aspect=7.99806136537 mean_iota=-1.18180617652 solver_iterations=3273
evaluation=145 objective=0.000357329696481 qs=0.000353563583277 aspect=7.99805935237 mean_iota=-1.18181607802 solver_iterations=3272
evaluation=146 objective=0.000357137924807 qs=0.000353380368217 aspect=7.99806155821 mean_iota=-1.18180509279 solver_iterations=3272
evaluation=147 objective=0.000357216811917 qs=0.000353460553937 aspect=7.9980618932 mean_iota=-1.18180505029 solver_iterations=3272
evaluation=148 objective=0.000357090701551 qs=0.000353336790154 aspect=7.99806249867 mean_iota=-1.18180512664 solver_iterations=3272
evaluation=149 objective=0.000357251993536 qs=0.000353493916549 aspect=7.99806142398 mean_iota=-1.18180578404 solver_iterations=3272
evaluation=150 objective=0.000357125524288 qs=0.000353367445162 aspect=7.99806142343 mean_iota=-1.18180579628 solver_iterations=3272
evaluation=151 objective=0.000357155879434 qs=0.000353397799175 aspect=7.99806142314 mean_iota=-1.18180579221 solver_iterations=3272
accepted mode=3 iteration=2 objective=0.000357155879434
    2    149    0.0001785779397       1.5271816610.01556639306
evaluation=152 objective=0.000379419013505 qs=0.000378963321893 aspect=7.99932495066 mean_iota=-1.19999929949 solver_iterations=3099
evaluation=153 objective=0.000220301478343 qs=0.000219938471582 aspect=7.99939749958 mean_iota=-1.18721061724 solver_iterations=3333
evaluation=154 objective=0.000229153183704 qs=0.000228819342945 aspect=7.99942221045 mean_iota=-1.18734677769 solver_iterations=3334
evaluation=155 objective=0.000221807675844 qs=0.000221443511495 aspect=7.99939653969 mean_iota=-1.18721045082 solver_iterations=3333
evaluation=156 objective=0.000220272541769 qs=0.00021990953156 aspect=7.99939749671 mean_iota=-1.18721060075 solver_iterations=3333
evaluation=157 objective=0.000220523111014 qs=0.000220160633194 aspect=7.99939793869 mean_iota=-1.18721060784 solver_iterations=3333
evaluation=158 objective=0.000229060576102 qs=0.000228662860125 aspect=7.99936935273 mean_iota=-1.18719337778 solver_iterations=3333
evaluation=159 objective=0.000318802730223 qs=0.000317647671127 aspect=7.99892526324 mean_iota=-1.186627761 solver_iterations=3238
evaluation=160 objective=0.000310997749605 qs=0.000287933001277 aspect=7.99519742274 mean_iota=-1.18688902032 solver_iterations=3247
evaluation=161 objective=0.000233208002407 qs=0.000232738837166 aspect=7.99931504362 mean_iota=-1.18716979421 solver_iterations=3328
evaluation=162 objective=0.000220301677701 qs=0.000219939909609 aspect=7.99939852839 mean_iota=-1.18721127439 solver_iterations=3333
evaluation=163 objective=0.00022033102811 qs=0.000219968097895 aspect=7.9993975631 mean_iota=-1.18721066539 solver_iterations=3333
evaluation=164 objective=0.000220286433086 qs=0.000219922564732 aspect=7.99939678499 mean_iota=-1.18721029195 solver_iterations=3333
evaluation=165 objective=0.000220135963844 qs=0.000219793002847 aspect=7.99941437128 mean_iota=-1.18721187757 solver_iterations=3333
evaluation=166 objective=0.000220605704622 qs=0.000219767023531 aspect=7.99908420467 mean_iota=-1.18725128466 solver_iterations=3330
evaluation=167 objective=0.000220631610136 qs=0.00022026420945 aspect=7.99939386414 mean_iota=-1.1872803897 solver_iterations=3334
evaluation=168 objective=0.000220252771564 qs=0.000219893009418 aspect=7.99940019824 mean_iota=-1.18721136821 solver_iterations=3333
evaluation=169 objective=0.000220360745892 qs=0.000219998050766 aspect=7.99939775825 mean_iota=-1.18721077797 solver_iterations=3333
evaluation=170 objective=0.000220269452329 qs=0.000219906459813 aspect=7.9993975114 mean_iota=-1.18721063764 solver_iterations=3333
evaluation=171 objective=0.000220300047141 qs=0.000219937218327 aspect=7.99939764727 mean_iota=-1.18720993405 solver_iterations=3333
evaluation=172 objective=0.000220314231911 qs=0.000219949123447 aspect=7.99939575794 mean_iota=-1.18720643189 solver_iterations=3333
evaluation=173 objective=0.00022030178422 qs=0.000219939019611 aspect=7.99939770057 mean_iota=-1.18720978791 solver_iterations=3333
evaluation=174 objective=0.000220295308463 qs=0.000219933435012 aspect=7.99939844082 mean_iota=-1.18720973902 solver_iterations=3333
evaluation=175 objective=0.00022044634977 qs=0.000220084408978 aspect=7.99939838485 mean_iota=-1.18720997054 solver_iterations=3334
evaluation=176 objective=0.000220280488909 qs=0.000219917471007 aspect=7.99939749033 mean_iota=-1.18721062429 solver_iterations=3333
evaluation=177 objective=0.000220292681398 qs=0.000219929676493 aspect=7.99939750112 mean_iota=-1.18721062282 solver_iterations=3333
evaluation=178 objective=0.000222724224362 qs=0.000222361217601 aspect=7.99939749958 mean_iota=-1.18737141594 solver_iterations=3333
evaluation=179 objective=0.000220054458288 qs=0.000219691451527 aspect=7.99939749958 mean_iota=-1.18721001069 solver_iterations=3332
evaluation=180 objective=0.000220317627632 qs=0.000219954620871 aspect=7.99939749958 mean_iota=-1.18721059255 solver_iterations=3333
evaluation=181 objective=0.000220588732201 qs=0.000220225164117 aspect=7.99939703393 mean_iota=-1.18721075595 solver_iterations=3333
evaluation=182 objective=0.000233100595163 qs=0.00023276102187 aspect=7.99941727082 mean_iota=-1.18723202384 solver_iterations=3334
evaluation=183 objective=0.000232989869777 qs=0.000231875858966 aspect=8.00105546711 mean_iota=-1.18758211365 solver_iterations=3331
evaluation=184 objective=0.000304551408775 qs=0.000272139237465 aspect=7.99430683117 mean_iota=-1.18650675257 solver_iterations=3345
evaluation=185 objective=0.000236954174892 qs=0.000236423108043 aspect=7.99927125666 mean_iota=-1.18715946353 solver_iterations=3333
evaluation=186 objective=0.000221455691254 qs=0.000221093488576 aspect=7.99939816723 mean_iota=-1.1872107721 solver_iterations=3335
evaluation=187 objective=0.000220346860571 qs=0.00021998388854 aspect=7.9993975284 mean_iota=-1.1872106562 solver_iterations=3333
evaluation=188 objective=0.000220246255143 qs=0.000219883776345 aspect=7.99939793788 mean_iota=-1.18721233796 solver_iterations=3333
evaluation=189 objective=0.000219667272228 qs=0.00021932631791 aspect=7.99941608706 mean_iota=-1.18720525567 solver_iterations=3329
evaluation=190 objective=0.000220040989949 qs=0.000219094375419 aspect=7.99902705883 mean_iota=-1.18719171607 solver_iterations=3336
evaluation=191 objective=0.000219820136257 qs=0.000219379459968 aspect=7.99933616547 mean_iota=-1.18725559081 solver_iterations=3329
evaluation=192 objective=0.00022021735856 qs=0.000219855951652 aspect=7.99939882872 mean_iota=-1.18721132198 solver_iterations=3333
evaluation=193 objective=0.000220544063887 qs=0.000220181381455 aspect=7.99939776879 mean_iota=-1.18721080303 solver_iterations=3333
evaluation=194 objective=0.000220279314381 qs=0.000219916326084 aspect=7.9993975149 mean_iota=-1.18721063348 solver_iterations=3333
evaluation=195 objective=0.000220288667218 qs=0.000219925722477 aspect=7.99939755105 mean_iota=-1.18721106932 solver_iterations=3333
evaluation=196 objective=0.000220296026122 qs=0.000219928349704 aspect=7.99939363673 mean_iota=-1.18722586687 solver_iterations=3335
evaluation=197 objective=0.000220301220953 qs=0.000219938378258 aspect=7.99939763575 mean_iota=-1.18720992961 solver_iterations=3333
evaluation=198 objective=0.000220246175889 qs=0.000219884786435 aspect=7.99939884324 mean_iota=-1.18720882751 solver_iterations=3333
evaluation=199 objective=0.000220429012487 qs=0.00022006718172 aspect=7.9993984763 mean_iota=-1.18720997983 solver_iterations=3333
evaluation=200 objective=0.000220290419195 qs=0.000219927405005 aspect=7.99939749341 mean_iota=-1.18721060564 solver_iterations=3333
evaluation=201 objective=0.000220293161931 qs=0.000219930155876 aspect=7.99939750016 mean_iota=-1.1872106182 solver_iterations=3333
evaluation=202 objective=0.000220301478343 qs=0.000219938471582 aspect=7.99939749958 mean_iota=-1.18721061724 solver_iterations=3333
accepted mode=3 iteration=3 objective=0.000220301478343
    3    199    0.0001101507392      0.21217783890.007783196529
evaluation=203 objective=0.000209534616769 qs=0.000209143102018 aspect=7.9993742886 mean_iota=-1.19482489241 solver_iterations=3154
evaluation=204 objective=0.000228817462024 qs=0.000228457364148 aspect=7.99939991844 mean_iota=-1.1949669147 solver_iterations=3156
evaluation=205 objective=0.000207600120735 qs=0.000207207380606 aspect=7.99937331018 mean_iota=-1.19482528617 solver_iterations=3153
evaluation=206 objective=0.000209436398954 qs=0.000209044880795 aspect=7.99937428588 mean_iota=-1.19482488059 solver_iterations=3154
evaluation=207 objective=0.000207670383097 qs=0.000207279405989 aspect=7.99937471838 mean_iota=-1.19482545754 solver_iterations=3157
evaluation=208 objective=0.000213782140804 qs=0.000213352044826 aspect=7.99934418297 mean_iota=-1.19480350109 solver_iterations=3153
evaluation=209 objective=0.000274247933976 qs=0.000273159177148 aspect=7.99895656489 mean_iota=-1.19423674768 solver_iterations=3152
evaluation=210 objective=0.000282395973302 qs=0.000259675862573 aspect=7.99523343827 mean_iota=-1.19452751566 solver_iterations=3171
evaluation=211 objective=0.000204088667676 qs=0.000203581466648 aspect=7.99928781953 mean_iota=-1.19478166278 solver_iterations=3155
evaluation=212 objective=0.000204834632167 qs=0.000204444382761 aspect=7.99937530055 mean_iota=-1.19482469201 solver_iterations=3157
evaluation=213 objective=0.000209380898254 qs=0.00020898946809 aspect=7.9993743562 mean_iota=-1.19482489864 solver_iterations=3154
evaluation=214 objective=0.000210424965501 qs=0.000210032629578 aspect=7.99937363276 mean_iota=-1.19482447834 solver_iterations=3153
evaluation=215 objective=0.00020952266272 qs=0.000209147168877 aspect=7.99938722448 mean_iota=-1.19482557326 solver_iterations=3153
evaluation=216 objective=0.000210622082437 qs=0.000209710398497 aspect=7.99904517858 mean_iota=-1.19486806336 solver_iterations=3145
evaluation=217 objective=0.00020757644294 qs=0.000207187923832 aspect=7.99937668699 mean_iota=-1.19487899165 solver_iterations=3145
evaluation=218 objective=0.000209189042286 qs=0.000208802414151 aspect=7.99937820571 mean_iota=-1.19482584157 solver_iterations=3153
evaluation=219 objective=0.000209171785809 qs=0.000208780704395 aspect=7.99937463498 mean_iota=-1.19482493365 solver_iterations=3153
evaluation=220 objective=0.000209363732132 qs=0.000208972234532 aspect=7.99937430231 mean_iota=-1.19482488998 solver_iterations=3154
evaluation=221 objective=0.00020945200453 qs=0.000209060750866 aspect=7.99937449727 mean_iota=-1.19482398663 solver_iterations=3154
evaluation=222 objective=0.000209487777141 qs=0.000209092054569 aspect=7.99937093516 mean_iota=-1.19481802862 solver_iterations=3154
evaluation=223 objective=0.000209530807176 qs=0.000209140227429 aspect=7.9993750362 mean_iota=-1.1948222794 solver_iterations=3154
evaluation=224 objective=0.000209545187207 qs=0.000209154597838 aspect=7.99937502851 mean_iota=-1.19482398013 solver_iterations=3154
evaluation=225 objective=0.000209560986822 qs=0.000209170351127 aspect=7.99937499144 mean_iota=-1.19482422612 solver_iterations=3154
evaluation=226 objective=0.000209423336945 qs=0.000209031822846 aspect=7.99937428913 mean_iota=-1.19482488818 solver_iterations=3154
evaluation=227 objective=0.000209541794977 qs=0.00020915028269 aspect=7.99937429057 mean_iota=-1.1948248971 solver_iterations=3154
evaluation=228 objective=0.000207109908627 qs=0.000206718393877 aspect=7.9993742886 mean_iota=-1.19499632746 solver_iterations=3153
evaluation=229 objective=0.000211999829414 qs=0.000211608314663 aspect=7.9993742886 mean_iota=-1.19482511915 solver_iterations=3153
evaluation=230 objective=0.000209607729457 qs=0.000209216214706 aspect=7.9993742886 mean_iota=-1.19482487276 solver_iterations=3154
evaluation=231 objective=0.000207463270049 qs=0.000207071005683 aspect=7.99937368988 mean_iota=-1.19482512738 solver_iterations=3153
evaluation=232 objective=0.000222372941305 qs=0.000222009290896 aspect=7.99939696567 mean_iota=-1.1948471852 solver_iterations=3147
evaluation=233 objective=0.000206457261705 qs=0.000205514393536 aspect=8.00097101399 mean_iota=-1.19517973154 solver_iterations=3155
evaluation=234 objective=0.0003063580726 qs=0.000274449225799 aspect=7.99435120838 mean_iota=-1.19416523059 solver_iterations=3117
evaluation=235 objective=0.000224493427329 qs=0.000223922188456 aspect=7.99924419654 mean_iota=-1.19476908888 solver_iterations=3157
evaluation=236 objective=0.00021859456576 qs=0.000218203949417 aspect=7.99937500693 mean_iota=-1.19482453528 solver_iterations=3157
evaluation=237 objective=0.000209385658102 qs=0.000208994192395 aspect=7.9993743278 mean_iota=-1.1948249037 solver_iterations=3154
evaluation=238 objective=0.000210210402621 qs=0.000209819444766 aspect=7.99937473377 mean_iota=-1.19482579783 solver_iterations=3153
evaluation=239 objective=0.000209232341839 qs=0.000208867813959 aspect=7.99939623856 mean_iota=-1.19481344776 solver_iterations=3147
evaluation=240 objective=0.000208360856236 qs=0.000207334270944 aspect=7.99898679455 mean_iota=-1.19480074236 solver_iterations=3157
evaluation=241 objective=0.000206998495242 qs=0.000206547485659 aspect=7.99932842753 mean_iota=-1.19486050272 solver_iterations=3147
evaluation=242 objective=0.000210120660803 qs=0.000209733011971 aspect=7.99937738549 mean_iota=-1.19482633432 solver_iterations=3153
evaluation=243 objective=0.000209665032033 qs=0.000209273909964 aspect=7.99937460247 mean_iota=-1.19482498011 solver_iterations=3153
evaluation=244 objective=0.000209324077159 qs=0.000208932582259 aspect=7.99937430447 mean_iota=-1.19482488918 solver_iterations=3154
evaluation=245 objective=0.000209507914869 qs=0.000209116533173 aspect=7.99937439494 mean_iota=-1.1948252827 solver_iterations=3153
evaluation=246 objective=0.00020953927315 qs=0.000209140073924 aspect=7.99936817785 mean_iota=-1.19484345408 solver_iterations=3152
evaluation=247 objective=0.000209500655683 qs=0.000209109958398 aspect=7.99937494217 mean_iota=-1.19482260229 solver_iterations=3153
evaluation=248 objective=0.000209614898239 qs=0.000209224783672 aspect=7.99937540848 mean_iota=-1.19482318071 solver_iterations=3154
evaluation=249 objective=0.000209748491197 qs=0.000209357924985 aspect=7.99937504703 mean_iota=-1.1948242672 solver_iterations=3154
evaluation=250 objective=0.000209381121223 qs=0.000208989610549 aspect=7.99937429186 mean_iota=-1.19482487774 solver_iterations=3154
evaluation=251 objective=0.000209552719864 qs=0.00020916120765 aspect=7.99937429063 mean_iota=-1.19482489382 solver_iterations=3154
evaluation=252 objective=0.000209534616769 qs=0.000209143102018 aspect=7.9993742886 mean_iota=-1.19482489241 solver_iterations=3154
accepted mode=3 iteration=4 objective=0.000209534616769
    4    248    0.0001047673084       1.0589489590.001945799132
evaluation=253 objective=0.000163181111707 qs=0.000163104513534 aspect=7.99972323625 mean_iota=-1.19574701248 solver_iterations=3094
evaluation=254 objective=0.00016989345164 qs=0.000169830713581 aspect=7.99974952433 mean_iota=-1.19588989291 solver_iterations=3089
evaluation=255 objective=0.0001627367141 qs=0.000162659555829 aspect=7.99972222622 mean_iota=-1.1957472173 solver_iterations=3095
evaluation=256 objective=0.000163179776412 qs=0.000163103176697 aspect=7.99972323346 mean_iota=-1.19574699445 solver_iterations=3094
evaluation=257 objective=0.000162647873667 qs=0.000162571509964 aspect=7.99972366017 mean_iota=-1.19574699587 solver_iterations=3094
evaluation=258 objective=0.000168872257708 qs=0.000168777587294 aspect=7.99969231442 mean_iota=-1.19572889606 solver_iterations=3083
evaluation=259 objective=0.000278948205492 qs=0.000278485716761 aspect=7.99931993476 mean_iota=-1.19515537032 solver_iterations=3079
evaluation=260 objective=0.000255900288181 qs=0.000236618882092 aspect=7.99560894021 mean_iota=-1.19542261641 solver_iterations=3222
evaluation=261 objective=0.000175753209974 qs=0.000175617896652 aspect=7.99963215041 mean_iota=-1.19570158574 solver_iterations=3076
evaluation=262 objective=0.000162571929892 qs=0.000162495828061 aspect=7.9997241344 mean_iota=-1.19574652351 solver_iterations=3089
evaluation=263 objective=0.000163079301012 qs=0.000163002743385 aspect=7.99972330951 mean_iota=-1.19574705821 solver_iterations=3094
evaluation=264 objective=0.000163353980817 qs=0.000163276995551 aspect=7.99972253781 mean_iota=-1.19574664117 solver_iterations=3095
evaluation=265 objective=0.000163306388617 qs=0.00016323567003 aspect=7.99973407033 mean_iota=-1.19574765534 solver_iterations=3095
evaluation=266 objective=0.00016383850201 qs=0.000163464408683 aspect=7.99938836831 mean_iota=-1.19579014996 solver_iterations=3133
evaluation=267 objective=0.000164152522907 qs=0.000164075997153 aspect=7.99972336711 mean_iota=-1.19580134138 solver_iterations=3130
evaluation=268 objective=0.000163058934266 qs=0.000162984781218 aspect=7.99972768943 mean_iota=-1.19574813152 solver_iterations=3095
evaluation=269 objective=0.000162984258506 qs=0.00016290787749 aspect=7.99972362884 mean_iota=-1.19574694164 solver_iterations=3094
evaluation=270 objective=0.000163154777243 qs=0.000163078187129 aspect=7.99972325081 mean_iota=-1.19574699522 solver_iterations=3094
evaluation=271 objective=0.000163174642737 qs=0.000163098181078 aspect=7.99972348299 mean_iota=-1.19574621958 solver_iterations=3094
evaluation=272 objective=0.000163176206962 qs=0.000163097620168 aspect=7.99971966664 mean_iota=-1.19574007275 solver_iterations=3094
evaluation=273 objective=0.000163180698856 qs=0.000163104218004 aspect=7.99972344828 mean_iota=-1.19574621122 solver_iterations=3094
evaluation=274 objective=0.000163174671212 qs=0.000163098469564 aspect=7.99972395354 mean_iota=-1.19574619301 solver_iterations=3094
evaluation=275 objective=0.000163128271849 qs=0.000163051991973 aspect=7.99972381188 mean_iota=-1.19574652957 solver_iterations=3094
evaluation=276 objective=0.000163166957021 qs=0.000163090360709 aspect=7.99972323961 mean_iota=-1.1957470133 solver_iterations=3094
evaluation=277 objective=0.000163177229024 qs=0.000163100632242 aspect=7.99972323876 mean_iota=-1.19574701868 solver_iterations=3094
evaluation=278 objective=0.000169901231902 qs=0.000169824633729 aspect=7.99972323625 mean_iota=-1.19592032845 solver_iterations=3093
evaluation=279 objective=0.000164202770063 qs=0.000164126171889 aspect=7.99972323625 mean_iota=-1.19574722348 solver_iterations=3095
evaluation=280 objective=0.0001631858787 qs=0.000163109280526 aspect=7.99972323625 mean_iota=-1.19574699014 solver_iterations=3094
evaluation=281 objective=0.000162947037908 qs=0.000162870072373 aspect=7.99972257337 mean_iota=-1.19574725581 solver_iterations=3095
evaluation=282 objective=0.000168257025577 qs=0.000168192725548 aspect=7.9997464255 mean_iota=-1.19576834626 solver_iterations=3129
evaluation=283 objective=0.000183057586708 qs=0.000181332615087 aspect=8.00131338175 mean_iota=-1.19609731458 solver_iterations=3091
evaluation=284 objective=0.000231432146893 qs=0.000203577437412 aspect=7.9947222439 mean_iota=-1.19509770291 solver_iterations=2987
evaluation=285 objective=0.000196194612848 qs=0.000196026772348 aspect=7.99959031659 mean_iota=-1.19568922416 solver_iterations=3091
evaluation=286 objective=0.000165686744785 qs=0.000165610326328 aspect=7.99972356111 mean_iota=-1.19574645322 solver_iterations=3093
evaluation=287 objective=0.000163118567425 qs=0.000163041995943 aspect=7.99972328447 mean_iota=-1.1957470413 solver_iterations=3094
evaluation=288 objective=0.000163223315457 qs=0.000163146964077 aspect=7.99972368247 mean_iota=-1.19574795791 solver_iterations=3095
evaluation=289 objective=0.000163780529024 qs=0.000163716913051 aspect=7.99974777793 mean_iota=-1.19573451408 solver_iterations=3128
evaluation=290 objective=0.000164161107774 qs=0.000163708647903 aspect=7.99932734863 mean_iota=-1.19572053371 solver_iterations=3134
evaluation=291 objective=0.000164054332187 qs=0.000163948403618 aspect=7.99967453331 mean_iota=-1.1957823232 solver_iterations=3129
evaluation=292 objective=0.000163273729708 qs=0.00016319902449 aspect=7.99972667745 mean_iota=-1.19574874164 solver_iterations=3095
evaluation=293 objective=0.000163060695652 qs=0.000162984290032 aspect=7.99972358434 mean_iota=-1.19574700294 solver_iterations=3094
evaluation=294 objective=0.000163156868151 qs=0.000163080279085 aspect=7.9997232527 mean_iota=-1.19574699558 solver_iterations=3094
evaluation=295 objective=0.00016318506785 qs=0.000163108510197 aspect=7.99972330946 mean_iota=-1.19574723527 solver_iterations=3094
evaluation=296 objective=0.000163188309303 qs=0.000163108073505 aspect=7.99971674076 mean_iota=-1.1957663206 solver_iterations=3093
evaluation=297 objective=0.000163182584878 qs=0.000163106072713 aspect=7.99972339168 mean_iota=-1.19574635967 solver_iterations=3094
evaluation=298 objective=0.000163186426957 qs=0.000163110368959 aspect=7.99972421385 mean_iota=-1.19574554554 solver_iterations=3094
evaluation=299 objective=0.000163148466303 qs=0.000163072203225 aspect=7.9997238423 mean_iota=-1.19574647474 solver_iterations=3094
evaluation=300 objective=0.000163165989917 qs=0.00016308939572 aspect=7.99972324343 mean_iota=-1.19574699977 solver_iterations=3094
evaluation=301 objective=0.000163182542951 qs=0.000163105946191 aspect=7.9997232388 mean_iota=-1.19574701688 solver_iterations=3094
evaluation=302 objective=0.000163181111707 qs=0.000163104513534 aspect=7.99972323625 mean_iota=-1.19574701248 solver_iterations=3094
accepted mode=3 iteration=5 objective=0.000163181111707
    5    297    8.159055585e-05      0.25439271840.003891598265
evaluation=303 objective=0.000151325643697 qs=0.000151128946944 aspect=7.99955649492 mean_iota=-1.20004542628 solver_iterations=3081
evaluation=304 objective=0.000149970912406 qs=0.000149797200022 aspect=7.99958321182 mean_iota=-1.20019358303 solver_iterations=3126
evaluation=305 objective=0.000151900297654 qs=0.000151702709087 aspect=7.99955549064 mean_iota=-1.20004628748 solver_iterations=3070
evaluation=306 objective=0.000151344209825 qs=0.000151147510618 aspect=7.99955649216 mean_iota=-1.2000454049 solver_iterations=3079
evaluation=307 objective=0.000151130597607 qs=0.000150934303066 aspect=7.9995569486 mean_iota=-1.20004443577 solver_iterations=2833
evaluation=308 objective=0.000147841025584 qs=0.000147615964849 aspect=7.99952559434 mean_iota=-1.20002828808 solver_iterations=2821
evaluation=309 objective=0.000247058096121 qs=0.000246393250207 aspect=7.99918461916 mean_iota=-1.19945362698 solver_iterations=2868
evaluation=310 objective=0.000224990987851 qs=0.000204653462854 aspect=7.99549028549 mean_iota=-1.1997128552 solver_iterations=2869
evaluation=311 objective=0.000158626916308 qs=0.000158331915274 aspect=7.99945686002 mean_iota=-1.19999762953 solver_iterations=2870
evaluation=312 objective=0.000149161901021 qs=0.000148966052249 aspect=7.99955745195 mean_iota=-1.20004607418 solver_iterations=3140
evaluation=313 objective=0.000151342863856 qs=0.000151146239318 aspect=7.99955657634 mean_iota=-1.20004550019 solver_iterations=3088
evaluation=314 objective=0.000151328596576 qs=0.000151131219596 aspect=7.99955572871 mean_iota=-1.20004536829 solver_iterations=3071
evaluation=315 objective=0.000151326185414 qs=0.000151135519845 aspect=7.99956334731 mean_iota=-1.2000459343 solver_iterations=3058
evaluation=316 objective=0.000152317872593 qs=0.000151695893967 aspect=7.99921134378 mean_iota=-1.20008870428 solver_iterations=3188
evaluation=317 objective=0.000153028158581 qs=0.000152831285085 aspect=7.99955629571 mean_iota=-1.20009960271 solver_iterations=3192
evaluation=318 objective=0.000150681763411 qs=0.000150489174986 aspect=7.99956115102 mean_iota=-1.20004733469 solver_iterations=3042
evaluation=319 objective=0.000151240324563 qs=0.000151043992732 aspect=7.99955690652 mean_iota=-1.20004563788 solver_iterations=3063
evaluation=320 objective=0.000151325447073 qs=0.000151128763692 aspect=7.99955651 mean_iota=-1.20004540132 solver_iterations=3078
evaluation=321 objective=0.000151324778967 qs=0.000151128331006 aspect=7.9995567755 mean_iota=-1.2000447667 solver_iterations=3079
evaluation=322 objective=0.000151315022925 qs=0.000151115035141 aspect=7.99955280006 mean_iota=-1.20003863909 solver_iterations=3090
evaluation=323 objective=0.000151330186912 qs=0.000151133905684 aspect=7.99955696363 mean_iota=-1.20004358359 solver_iterations=3085
evaluation=324 objective=0.000151309842785 qs=0.000151113591835 aspect=7.9995569978 mean_iota=-1.20004478564 solver_iterations=3089
evaluation=325 objective=0.000151300567887 qs=0.000151104383919 aspect=7.99955707341 mean_iota=-1.2000448972 solver_iterations=3094
evaluation=326 objective=0.000151327572233 qs=0.000151130880401 aspect=7.99955650047 mean_iota=-1.20004542708 solver_iterations=3081
evaluation=327 objective=0.000151338189282 qs=0.000151141494499 aspect=7.99955649714 mean_iota=-1.20004543364 solver_iterations=3081
evaluation=328 objective=0.000163203055966 qs=0.000163006359213 aspect=7.99955649492 mean_iota=-1.20022403367 solver_iterations=3045
evaluation=329 objective=0.000151060540635 qs=0.000150863843882 aspect=7.99955649492 mean_iota=-1.20004628557 solver_iterations=3070
evaluation=330 objective=0.000151334552331 qs=0.000151137855578 aspect=7.99955649492 mean_iota=-1.20004539992 solver_iterations=3079
evaluation=331 objective=0.000152457805505 qs=0.000152260527414 aspect=7.99955584002 mean_iota=-1.20004596032 solver_iterations=3073
evaluation=332 objective=0.000150068196147 qs=0.00014988891592 aspect=7.99957658504 mean_iota=-1.2000674201 solver_iterations=2990
evaluation=333 objective=0.000160417979595 qs=0.000159158288695 aspect=8.00112235952 mean_iota=-1.20041532063 solver_iterations=2880
evaluation=334 objective=0.000228017952962 qs=0.000198922764806 aspect=7.99460600443 mean_iota=-1.19942014814 solver_iterations=3078
evaluation=335 objective=0.000193120277114 qs=0.00019278063029 aspect=7.99941720774 mean_iota=-1.19998402802 solver_iterations=3166
evaluation=336 objective=0.00014928443444 qs=0.000149088014465 aspect=7.99955680707 mean_iota=-1.20004450038 solver_iterations=3104
evaluation=337 objective=0.000151304887498 qs=0.000151108242596 aspect=7.99955655338 mean_iota=-1.20004546998 solver_iterations=3083
evaluation=338 objective=0.000151101293029 qs=0.000150904918535 aspect=7.99955685838 mean_iota=-1.20004624586 solver_iterations=3056
evaluation=339 objective=0.000150863373028 qs=0.000150691610604 aspect=7.9995855577 mean_iota=-1.20003413276 solver_iterations=3015
evaluation=340 objective=0.000151849133563 qs=0.000151123265173 aspect=7.9991480209 mean_iota=-1.20001663534 solver_iterations=3015
evaluation=341 objective=0.000152660419205 qs=0.000152418765876 aspect=7.99950841753 mean_iota=-1.20008000361 solver_iterations=3008
evaluation=342 objective=0.000150868416624 qs=0.000150674821383 aspect=7.99956000541 mean_iota=-1.20004757687 solver_iterations=3070
evaluation=343 objective=0.000151139112175 qs=0.000150942723336 aspect=7.9995568422 mean_iota=-1.20004572662 solver_iterations=3064
evaluation=344 objective=0.000151334334689 qs=0.000151137652817 aspect=7.9995565117 mean_iota=-1.20004540326 solver_iterations=3078
evaluation=345 objective=0.000151333883825 qs=0.000151137215008 aspect=7.99955652642 mean_iota=-1.20004550065 solver_iterations=3073
evaluation=346 objective=0.000151329932723 qs=0.000151126918305 aspect=7.99954942879 mean_iota=-1.20006641898 solver_iterations=3037
evaluation=347 objective=0.000151330741899 qs=0.000151134228795 aspect=7.99955670201 mean_iota=-1.20004448588 solver_iterations=3073
evaluation=348 objective=0.000151288744029 qs=0.000151093002879 aspect=7.99955757357 mean_iota=-1.20004380247 solver_iterations=3077
evaluation=349 objective=0.000151289921046 qs=0.000151093757675 aspect=7.99955709666 mean_iota=-1.20004486504 solver_iterations=3082
evaluation=350 objective=0.000151321043244 qs=0.000151124354441 aspect=7.99955650389 mean_iota=-1.20004541315 solver_iterations=3081
evaluation=351 objective=0.000151343647685 qs=0.000151146953056 aspect=7.99955649732 mean_iota=-1.20004543254 solver_iterations=3081
evaluation=352 objective=0.000151325643697 qs=0.000151128946944 aspect=7.99955649492 mean_iota=-1.20004542628 solver_iterations=3081
accepted mode=3 iteration=6 objective=0.000151325643697
    6    346    7.566282185e-05      0.40589020140.003891598265
evaluation=353 objective=0.00014769736354 qs=0.000147697054299 aspect=7.99998241474 mean_iota=-1.21025718317 solver_iterations=2984
evaluation=354 objective=0.000148740154755 qs=0.000148740069679 aspect=8.00000922369 mean_iota=-1.21040644446 solver_iterations=2979
evaluation=355 objective=0.000146382969585 qs=0.000146382627302 aspect=7.99998149912 mean_iota=-1.21025750166 solver_iterations=2983
evaluation=356 objective=0.000147697711673 qs=0.000147697402322 aspect=7.99998241163 mean_iota=-1.21025716364 solver_iterations=2984
evaluation=357 objective=0.00014675349291 qs=0.000146753199542 aspect=7.999982872 mean_iota=-1.21025706417 solver_iterations=2984
evaluation=358 objective=0.000143309130205 qs=0.000143306721318 aspect=7.99995091959 mean_iota=-1.21023534087 solver_iterations=2979
evaluation=359 objective=0.000276080484306 qs=0.000275932658979 aspect=7.99961551941 mean_iota=-1.20967148919 solver_iterations=3104
evaluation=360 objective=0.000241693179092 qs=0.000225104257396 aspect=7.99592705 mean_iota=-1.20990699048 solver_iterations=2946
evaluation=361 objective=0.000159831951433 qs=0.000159815420314 aspect=7.9998714266 mean_iota=-1.21020776547 solver_iterations=3027
evaluation=362 objective=0.000143750986622 qs=0.000143750706315 aspect=7.99998325762 mean_iota=-1.21025590031 solver_iterations=2976
evaluation=363 objective=0.000147574255197 qs=0.000147573948951 aspect=7.99998250011 mean_iota=-1.21025722841 solver_iterations=2984
evaluation=364 objective=0.00014782654213 qs=0.000147826200724 aspect=7.99998152282 mean_iota=-1.21025664337 solver_iterations=2984
evaluation=365 objective=0.000147761300602 qs=0.00014776116144 aspect=7.99998820333 mean_iota=-1.21025728993 solver_iterations=2983
evaluation=366 objective=0.000147684513037 qs=0.000147553723155 aspect=7.99963835116 mean_iota=-1.21030192369 solver_iterations=3015
evaluation=367 objective=0.000150974147842 qs=0.000150973848433 aspect=7.99998269657 mean_iota=-1.21031152155 solver_iterations=3106
evaluation=368 objective=0.000147194543591 qs=0.000147194380639 aspect=7.99998723475 mean_iota=-1.21025863287 solver_iterations=2983
evaluation=369 objective=0.000147382086365 qs=0.000147381793053 aspect=7.99998287363 mean_iota=-1.21025717234 solver_iterations=2984
evaluation=370 objective=0.000147652880462 qs=0.000147652571785 aspect=7.99998243079 mean_iota=-1.2102571695 solver_iterations=2984
evaluation=371 objective=0.000147686415782 qs=0.000147686116975 aspect=7.99998271398 mean_iota=-1.21025658622 solver_iterations=2984
evaluation=372 objective=0.000147694337886 qs=0.000147693899566 aspect=7.99997906392 mean_iota=-1.21025113874 solver_iterations=2983
evaluation=373 objective=0.000147708999057 qs=0.000147708712956 aspect=7.99998308547 mean_iota=-1.21025438669 solver_iterations=2984
evaluation=374 objective=0.000147693052919 qs=0.000147692752169 aspect=7.99998265783 mean_iota=-1.21025686659 solver_iterations=2984
evaluation=375 objective=0.000147650352182 qs=0.000147650058191 aspect=7.99998285384 mean_iota=-1.21025671181 solver_iterations=2984
evaluation=376 objective=0.00014767385978 qs=0.000147673550893 aspect=7.99998242482 mean_iota=-1.21025717817 solver_iterations=2984
evaluation=377 objective=0.000147715699936 qs=0.000147715390787 aspect=7.99998241735 mean_iota=-1.21025719043 solver_iterations=2984
evaluation=378 objective=0.000161190626672 qs=0.00016119031743 aspect=7.99998241474 mean_iota=-1.2104357083 solver_iterations=2984
evaluation=379 objective=0.000148060078867 qs=0.000148059769625 aspect=7.99998241474 mean_iota=-1.2102580662 solver_iterations=2983
evaluation=380 objective=0.000147711499903 qs=0.000147711190662 aspect=7.99998241474 mean_iota=-1.21025716333 solver_iterations=2984
evaluation=381 objective=0.000147857973183 qs=0.00014785764132 aspect=7.9999817829 mean_iota=-1.21025721946 solver_iterations=2983
evaluation=382 objective=0.000139542692974 qs=0.000139542692863 aspect=8.00000033268 mean_iota=-1.21028088413 solver_iterations=2988
evaluation=383 objective=0.000169799278184 qs=0.000167392787783 aspect=8.00155128669 mean_iota=-1.21060415818 solver_iterations=2974
evaluation=384 objective=0.000200347030347 qs=0.000175719744713 aspect=7.9950374114 mean_iota=-1.20966125483 solver_iterations=2965
evaluation=385 objective=0.000205678181794 qs=0.000205651315659 aspect=7.99983609108 mean_iota=-1.21018872777 solver_iterations=2976
evaluation=386 objective=0.000148816309814 qs=0.000148815993909 aspect=7.99998222628 mean_iota=-1.21025525873 solver_iterations=2981
evaluation=387 objective=0.00014752437181 qs=0.000147524065139 aspect=7.99998248799 mean_iota=-1.21025721666 solver_iterations=2984
evaluation=388 objective=0.000147679277601 qs=0.000147678978495 aspect=7.99998270533 mean_iota=-1.21025775809 solver_iterations=2984
evaluation=389 objective=0.000147839246521 qs=0.000147839037887 aspect=8.0000144442 mean_iota=-1.21024604739 solver_iterations=3106
evaluation=390 objective=0.000148623907853 qs=0.000148444290434 aspect=7.99957618705 mean_iota=-1.2102279915 solver_iterations=2990
evaluation=391 objective=0.000149767864484 qs=0.000149763740802 aspect=7.9999357841 mean_iota=-1.21029013371 solver_iterations=2986
evaluation=392 objective=0.000147666704907 qs=0.000147666517726 aspect=7.99998631856 mean_iota=-1.21025921266 solver_iterations=2983
evaluation=393 objective=0.000147436095111 qs=0.000147435798842 aspect=7.99998278753 mean_iota=-1.21025727329 solver_iterations=2984
evaluation=394 objective=0.000147648126732 qs=0.000147647818086 aspect=7.99998243167 mean_iota=-1.21025717168 solver_iterations=2984
evaluation=395 objective=0.000147696738882 qs=0.000147696430318 aspect=7.99998243403 mean_iota=-1.21025725766 solver_iterations=2984
evaluation=396 objective=0.000147644387522 qs=0.000147643779221 aspect=7.99997533625 mean_iota=-1.21027795338 solver_iterations=2984
evaluation=397 objective=0.000147704382166 qs=0.000147704082494 aspect=7.99998268897 mean_iota=-1.21025591754 solver_iterations=2984
evaluation=398 objective=0.000147682694284 qs=0.000147682436809 aspect=7.99998395397 mean_iota=-1.21025505427 solver_iterations=2984
evaluation=399 objective=0.000147679066842 qs=0.000147678773153 aspect=7.99998286264 mean_iota=-1.21025668603 solver_iterations=2984
evaluation=400 objective=0.000147655854785 qs=0.000147655546023 aspect=7.99998242836 mean_iota=-1.2102571653 solver_iterations=2984
evaluation=401 objective=0.00014771591685 qs=0.000147715607711 aspect=7.99998241764 mean_iota=-1.21025718691 solver_iterations=2984
evaluation=402 objective=0.00014769736354 qs=0.000147697054299 aspect=7.99998241474 mean_iota=-1.21025718317 solver_iterations=2984
accepted mode=3 iteration=7 objective=0.00014769736354
    7    395    7.384868177e-05      0.56517343460.0009728995662
evaluation=403 objective=0.000132219337139 qs=0.000132218802928 aspect=7.99997688701 mean_iota=-1.21133518443 solver_iterations=2983
evaluation=404 objective=0.000142995731447 qs=0.000142995715744 aspect=8.00000396266 mean_iota=-1.21148392812 solver_iterations=2983
evaluation=405 objective=0.000132742026136 qs=0.000132741449279 aspect=7.99997598215 mean_iota=-1.21133584135 solver_iterations=2983
evaluation=406 objective=0.000132220123293 qs=0.000132219588964 aspect=7.99997688445 mean_iota=-1.21133517135 solver_iterations=2983
evaluation=407 objective=0.000132382568613 qs=0.000132382056161 aspect=7.99997736261 mean_iota=-1.21133491732 solver_iterations=2983
evaluation=408 objective=0.000142514177261 qs=0.000142511096418 aspect=7.99994449465 mean_iota=-1.21131015073 solver_iterations=2949
evaluation=409 objective=0.000257203856217 qs=0.000257057567117 aspect=7.99961752242 mean_iota=-1.21073123498 solver_iterations=3057
evaluation=410 objective=0.000230835558337 qs=0.00021433301452 aspect=7.99593766769 mean_iota=-1.21097754294 solver_iterations=2864
evaluation=411 objective=0.000150031623257 qs=0.000150013723678 aspect=7.99986621069 mean_iota=-1.21128305287 solver_iterations=2962
evaluation=412 objective=0.000133824839833 qs=0.000133824343932 aspect=7.99997773116 mean_iota=-1.21133349311 solver_iterations=2983
evaluation=413 objective=0.000132240397596 qs=0.000132239867219 aspect=7.9999769701 mean_iota=-1.21133520423 solver_iterations=2983
evaluation=414 objective=0.00013223739486 qs=0.000132236819331 aspect=7.99997600982 mean_iota=-1.21133480873 solver_iterations=2983
evaluation=415 objective=0.000132223251261 qs=0.000132222902791 aspect=7.99998133265 mean_iota=-1.21133533165 solver_iterations=2983
evaluation=416 objective=0.000132484498127 qs=0.000132344166047 aspect=7.99962539076 mean_iota=-1.21137458229 solver_iterations=2990
evaluation=417 objective=0.000132973987575 qs=0.000132973373707 aspect=7.99997522363 mean_iota=-1.211384291 solver_iterations=2990
evaluation=418 objective=0.000132291565609 qs=0.000132291235887 aspect=7.99998184177 mean_iota=-1.21133699497 solver_iterations=2982
evaluation=419 objective=0.000132251976553 qs=0.000132251463818 aspect=7.99997735635 mean_iota=-1.21133525589 solver_iterations=2983
evaluation=420 objective=0.000132219132212 qs=0.000132218598746 aspect=7.99997690312 mean_iota=-1.21133517903 solver_iterations=2983
evaluation=421 objective=0.000132222654347 qs=0.000132222133331 aspect=7.99997717422 mean_iota=-1.21133458728 solver_iterations=2983
evaluation=422 objective=0.000132225087373 qs=0.000132224372222 aspect=7.9999732577 mean_iota=-1.21132864135 solver_iterations=2983
evaluation=423 objective=0.000132219670556 qs=0.000132219174596 aspect=7.99997772984 mean_iota=-1.21133153408 solver_iterations=2983
evaluation=424 objective=0.000132219057933 qs=0.000132218534825 aspect=7.99997712846 mean_iota=-1.21133485514 solver_iterations=2983
evaluation=425 objective=0.000132215600961 qs=0.00013221508739 aspect=7.99997733789 mean_iota=-1.21133467588 solver_iterations=2983
evaluation=426 objective=0.000132218546071 qs=0.000132218012369 aspect=7.99997689801 mean_iota=-1.21133517631 solver_iterations=2983
evaluation=427 objective=0.000132220586432 qs=0.000132220052349 aspect=7.99997688976 mean_iota=-1.21133519137 solver_iterations=2983
evaluation=428 objective=0.000136632824666 qs=0.000136632290456 aspect=7.99997688701 mean_iota=-1.21151439755 solver_iterations=2983
evaluation=429 objective=0.000132635917437 qs=0.000132635383227 aspect=7.99997688701 mean_iota=-1.21133630188 solver_iterations=2983
evaluation=430 objective=0.000132219116351 qs=0.000132218582141 aspect=7.99997688701 mean_iota=-1.21133516732 solver_iterations=2983
evaluation=431 objective=0.000132409667255 qs=0.000132409102698 aspect=7.99997623959 mean_iota=-1.21133541095 solver_iterations=2983
evaluation=432 objective=0.000144045199404 qs=0.00014404518092 aspect=7.99999570075 mean_iota=-1.21135320635 solver_iterations=2991
evaluation=433 objective=0.000154083498032 qs=0.000151704310757 aspect=8.00154246143 mean_iota=-1.21167008385 solver_iterations=2975
evaluation=434 objective=0.00019354109607 qs=0.00016901675326 aspect=7.99504779415 mean_iota=-1.21073405691 solver_iterations=3323
evaluation=435 objective=0.000160861600589 qs=0.00016083266218 aspect=7.99982988707 mean_iota=-1.21126632338 solver_iterations=2983
evaluation=436 objective=0.000134304664455 qs=0.00013430412262 aspect=7.99997672267 mean_iota=-1.2113331053 solver_iterations=2983
evaluation=437 objective=0.000132241649628 qs=0.000132241118774 aspect=7.99997695972 mean_iota=-1.21133520145 solver_iterations=2983
evaluation=438 objective=0.000132251886789 qs=0.00013225136528 aspect=7.99997716343 mean_iota=-1.21133584437 solver_iterations=2983
evaluation=439 objective=0.000132565804285 qs=0.000132565709987 aspect=8.00000971075 mean_iota=-1.21131767224 solver_iterations=2992
evaluation=440 objective=0.000132873663142 qs=0.0001326802068 aspect=7.99956016328 mean_iota=-1.21129893589 solver_iterations=2991
evaluation=441 objective=0.000132704762574 qs=0.000132699626429 aspect=7.9999283331 mean_iota=-1.21136328985 solver_iterations=2993
evaluation=442 objective=0.000132305736678 qs=0.000132305378055 aspect=7.99998106265 mean_iota=-1.21133760022 solver_iterations=2982
evaluation=443 objective=0.000132243257876 qs=0.000132242741216 aspect=7.99997726983 mean_iota=-1.21133534175 solver_iterations=2983
evaluation=444 objective=0.00013222457825 qs=0.000132224044829 aspect=7.99997690409 mean_iota=-1.21133518003 solver_iterations=2983
evaluation=445 objective=0.000132219324667 qs=0.000132218791335 aspect=7.99997690602 mean_iota=-1.21133527304 solver_iterations=2983
evaluation=446 objective=0.000132193830293 qs=0.000132192900602 aspect=7.99996950916 mean_iota=-1.21135623844 solver_iterations=2983
evaluation=447 objective=0.00013221994025 qs=0.000132219425272 aspect=7.99997730687 mean_iota=-1.21133322472 solver_iterations=2983
evaluation=448 objective=0.00013222361899 qs=0.000132223144017 aspect=7.99997820611 mean_iota=-1.21133331644 solver_iterations=2983
evaluation=449 objective=0.000132223063865 qs=0.00013222255082 aspect=7.9999773495 mean_iota=-1.21133467651 solver_iterations=2983
evaluation=450 objective=0.000132219903916 qs=0.000132219370384 aspect=7.99997690168 mean_iota=-1.21133516386 solver_iterations=2983
evaluation=451 objective=0.000132225209703 qs=0.000132224675636 aspect=7.99997689012 mean_iota=-1.21133518602 solver_iterations=2983
evaluation=452 objective=0.000132219337139 qs=0.000132218802928 aspect=7.99997688701 mean_iota=-1.21133518443 solver_iterations=2983
accepted mode=3 iteration=8 objective=0.000132219337139
    8    444    6.610966857e-05     0.023862724170.001945799132
evaluation=453 objective=0.000130761150399 qs=0.000130715480083 aspect=7.99978629386 mean_iota=-1.21213446273 solver_iterations=2968
evaluation=454 objective=0.000136513074965 qs=0.00013647828884 aspect=7.99981348961 mean_iota=-1.21227400497 solver_iterations=2972
evaluation=455 objective=0.00012943768975 qs=0.00012939162551 aspect=7.99978537419 mean_iota=-1.2121343069 solver_iterations=2968
evaluation=456 objective=0.000130773613506 qs=0.000130727941949 aspect=7.99978629095 mean_iota=-1.21213443721 solver_iterations=2968
evaluation=457 objective=0.00012993833123 qs=0.000129892853712 aspect=7.99978674542 mean_iota=-1.21213456904 solver_iterations=2968
evaluation=458 objective=0.000131877510604 qs=0.000131817409969 aspect=7.99975484569 mean_iota=-1.21210244448 solver_iterations=2967
evaluation=459 objective=0.000246689999962 qs=0.000246377758305 aspect=7.99944121412 mean_iota=-1.21154225868 solver_iterations=2938
evaluation=460 objective=0.000217475261872 qs=0.000199556362002 aspect=7.99576692785 mean_iota=-1.21177659418 solver_iterations=2935
evaluation=461 objective=0.000140158671636 qs=0.000140050779026 aspect=7.99967152989 mean_iota=-1.21209036106 solver_iterations=2946
evaluation=462 objective=0.000129387162165 qs=0.000129341849978 aspect=7.9997871334 mean_iota=-1.21212259186 solver_iterations=2970
evaluation=463 objective=0.00013061833821 qs=0.000130572704395 aspect=7.99978637927 mean_iota=-1.21213454713 solver_iterations=2968
evaluation=464 objective=0.00013106093811 qs=0.000131014881343 aspect=7.9997853916 mean_iota=-1.21213358295 solver_iterations=2968
evaluation=465 objective=0.000130815489453 qs=0.000130771376537 aspect=7.99978996925 mean_iota=-1.21213446614 solver_iterations=2968
evaluation=466 objective=0.000131693982616 qs=0.000131377175017 aspect=7.99943714336 mean_iota=-1.21217691065 solver_iterations=3058
evaluation=467 objective=0.000131963059711 qs=0.000131915484846 aspect=7.99978188337 mean_iota=-1.21218601976 solver_iterations=3059
evaluation=468 objective=0.000130439698319 qs=0.000130396452611 aspect=7.99979204397 mean_iota=-1.21213593286 solver_iterations=2967
evaluation=469 objective=0.00013036911499 qs=0.000130323666898 aspect=7.99978681442 mean_iota=-1.21213431104 solver_iterations=2968
evaluation=470 objective=0.000130735040907 qs=0.000130689377703 aspect=7.9997863105 mean_iota=-1.21213443283 solver_iterations=2968
evaluation=471 objective=0.000130745219188 qs=0.000130699684678 aspect=7.99978661183 mean_iota=-1.21213380793 solver_iterations=2968
evaluation=472 objective=0.000130741012015 qs=0.00013069373841 aspect=7.99978257506 mean_iota=-1.21212797674 solver_iterations=2968
evaluation=473 objective=0.000130762337708 qs=0.000130717018921 aspect=7.9997871179 mean_iota=-1.21213088309 solver_iterations=2968
evaluation=474 objective=0.000130759583637 qs=0.000130714198807 aspect=7.99978696284 mean_iota=-1.21213359814 solver_iterations=2968
evaluation=475 objective=0.000130683539297 qs=0.000130638046311 aspect=7.99978670915 mean_iota=-1.21213409842 solver_iterations=2968
evaluation=476 objective=0.00013074238443 qs=0.000130696720176 aspect=7.99978630804 mean_iota=-1.21213445648 solver_iterations=2968
evaluation=477 objective=0.000130762279476 qs=0.000130716610499 aspect=7.99978629699 mean_iota=-1.21213446726 solver_iterations=2968
evaluation=478 objective=0.000139953221584 qs=0.000139907551267 aspect=7.99978629386 mean_iota=-1.21231458823 solver_iterations=2969
evaluation=479 objective=0.00013221611566 qs=0.000132170445343 aspect=7.99978629386 mean_iota=-1.21213468746 solver_iterations=2968
evaluation=480 objective=0.000130761228884 qs=0.000130715558568 aspect=7.99978629386 mean_iota=-1.21213443315 solver_iterations=2968
evaluation=481 objective=0.000130524742165 qs=0.0001304787844 aspect=7.99978562238 mean_iota=-1.21213425417 solver_iterations=2968
evaluation=482 objective=0.000132037455291 qs=0.000131999048943 aspect=7.99980402462 mean_iota=-1.21215456544 solver_iterations=2967
evaluation=483 objective=0.000147046062435 qs=0.000145254860235 aspect=8.00133835802 mean_iota=-1.2124763267 solver_iterations=2973
evaluation=484 objective=0.000196375574546 qs=0.000170132291817 aspect=7.9948771802 mean_iota=-1.21153482025 solver_iterations=3307
evaluation=485 objective=0.000175114083466 qs=0.000174978244007 aspect=7.99963143595 mean_iota=-1.21205556974 solver_iterations=2969
evaluation=486 objective=0.000133435138029 qs=0.000133389453622 aspect=7.99978626089 mean_iota=-1.21213368886 solver_iterations=2969
evaluation=487 objective=0.000130581356852 qs=0.000130535718301 aspect=7.99978636819 mean_iota=-1.21213450678 solver_iterations=2968
evaluation=488 objective=0.00013084184563 qs=0.000130796283932 aspect=7.99978654814 mean_iota=-1.21213469455 solver_iterations=2968
evaluation=489 objective=0.000131468423451 qs=0.000131436230831 aspect=7.99982057698 mean_iota=-1.21212105803 solver_iterations=2964
evaluation=490 objective=0.000131622083966 qs=0.000131228239928 aspect=7.99937243005 mean_iota=-1.21210170898 solver_iterations=2967
evaluation=491 objective=0.000131992846192 qs=0.00013192406038 aspect=7.99973772951 mean_iota=-1.21216689573 solver_iterations=2968
evaluation=492 objective=0.000131085588789 qs=0.000131041950484 aspect=7.99979110216 mean_iota=-1.21213668807 solver_iterations=2966
evaluation=493 objective=0.000130449400699 qs=0.000130403915799 aspect=7.99978672811 mean_iota=-1.21213442156 solver_iterations=2968
evaluation=494 objective=0.000130741767228 qs=0.000130696104307 aspect=7.99978631116 mean_iota=-1.21213443625 solver_iterations=2968
evaluation=495 objective=0.00013076255232 qs=0.000130716891873 aspect=7.99978631695 mean_iota=-1.21213449465 solver_iterations=2968
evaluation=496 objective=0.000130771854144 qs=0.000130722876097 aspect=7.99977869016 mean_iota=-1.21215544956 solver_iterations=2969
evaluation=497 objective=0.000130764164911 qs=0.000130718679576 aspect=7.99978672709 mean_iota=-1.2121323239 solver_iterations=2968
evaluation=498 objective=0.000130781636454 qs=0.000130736311884 aspect=7.99978710432 mean_iota=-1.212133122 solver_iterations=2968
evaluation=499 objective=0.000130705318784 qs=0.000130659839088 aspect=7.99978674031 mean_iota=-1.21213398858 solver_iterations=2968
evaluation=500 objective=0.000130744032022 qs=0.000130698369493 aspect=7.99978631208 mean_iota=-1.212134444 solver_iterations=2968
evaluation=501 objective=0.000130767416422 qs=0.000130721747654 aspect=7.99978629748 mean_iota=-1.21213446678 solver_iterations=2968
evaluation=502 objective=0.000130761150399 qs=0.000130715480083 aspect=7.99978629386 mean_iota=-1.21213446273 solver_iterations=2968
accepted mode=3 iteration=9 objective=0.000130761150399
    9    493     6.53805752e-05      0.35997263390.0004864497831
evaluation=503 objective=0.000126177688288 qs=0.00012617564483 aspect=8.00004520463 mean_iota=-1.21234460733 solver_iterations=2951
evaluation=504 objective=0.000136924146594 qs=0.00013691890063 aspect=8.00007242902 mean_iota=-1.21249487583 solver_iterations=2954
evaluation=505 objective=0.000126789353732 qs=0.000126787391737 aspect=8.00004429441 mean_iota=-1.21234552368 solver_iterations=2951
evaluation=506 objective=0.000126177124858 qs=0.000126175081718 aspect=8.00004520111 mean_iota=-1.21234459188 solver_iterations=2951
evaluation=507 objective=0.000126300029825 qs=0.000126297944748 aspect=8.00004566265 mean_iota=-1.21234421152 solver_iterations=2949
evaluation=508 objective=0.000136171579568 qs=0.000136171407924 aspect=8.00001310128 mean_iota=-1.21231952902 solver_iterations=2937
evaluation=509 objective=0.000248957764354 qs=0.00024886885846 aspect=7.99970182909 mean_iota=-1.21174392295 solver_iterations=3167
evaluation=510 objective=0.000220900439119 qs=0.00020513198743 aspect=7.99602904902 mean_iota=-1.21199410822 solver_iterations=3016
evaluation=511 objective=0.000143876532068 qs=0.00014387183989 aspect=7.99993150052 mean_iota=-1.21229032006 solver_iterations=3173
evaluation=512 objective=0.000127546470648 qs=0.000127544352807 aspect=8.00004602001 mean_iota=-1.21234301596 solver_iterations=2937
evaluation=513 objective=0.00012619123515 qs=0.000126189183804 aspect=8.00004529179 mean_iota=-1.21234460778 solver_iterations=2951
evaluation=514 objective=0.000126185819483 qs=0.000126183853714 aspect=8.00004433699 mean_iota=-1.21234436277 solver_iterations=2951
evaluation=515 objective=0.000126175405116 qs=0.000126173034735 aspect=8.00004868655 mean_iota=-1.21234476945 solver_iterations=2951
evaluation=516 objective=0.000126371581217 qs=0.000126277617071 aspect=7.99969346428 mean_iota=-1.21239170525 solver_iterations=2946
evaluation=517 objective=0.000126752172862 qs=0.000126750542867 aspect=8.0000403732 mean_iota=-1.2124004442 solver_iterations=2946
evaluation=518 objective=0.000126275145292 qs=0.000126272548717 aspect=8.00005095659 mean_iota=-1.21234713522 solver_iterations=2951
evaluation=519 objective=0.000126209742921 qs=0.000126207652837 aspect=8.00004571744 mean_iota=-1.21234473899 solver_iterations=2951
evaluation=520 objective=0.00012617846174 qs=0.000126176416785 aspect=8.00004522118 mean_iota=-1.2123446071 solver_iterations=2951
evaluation=521 objective=0.000126178825799 qs=0.000126176753223 aspect=8.00004552555 mean_iota=-1.21234399258 solver_iterations=2951
evaluation=522 objective=0.000126174612931 qs=0.000126172922821 aspect=8.00004111094 mean_iota=-1.21233743934 solver_iterations=2951
evaluation=523 objective=0.000126179243528 qs=0.000126177126763 aspect=8.00004600832 mean_iota=-1.21234109728 solver_iterations=2951
evaluation=524 objective=0.000126181904179 qs=0.000126179791895 aspect=8.00004595959 mean_iota=-1.21234347301 solver_iterations=2951
evaluation=525 objective=0.000126183143066 qs=0.000126181059728 aspect=8.0000456436 mean_iota=-1.21234413033 solver_iterations=2951
evaluation=526 objective=0.000126178164289 qs=0.000126176119623 aspect=8.00004521798 mean_iota=-1.21234459682 solver_iterations=2951
evaluation=527 objective=0.000126178906562 qs=0.000126176862825 aspect=8.00004520772 mean_iota=-1.21234461348 solver_iterations=2951
evaluation=528 objective=0.000130649583763 qs=0.000130647540304 aspect=8.00004520463 mean_iota=-1.21252602471 solver_iterations=2953
evaluation=529 objective=0.000126628383423 qs=0.000126626339964 aspect=8.00004520463 mean_iota=-1.21234591775 solver_iterations=2951
evaluation=530 objective=0.000126176961447 qs=0.000126174917988 aspect=8.00004520463 mean_iota=-1.21234458771 solver_iterations=2951
evaluation=531 objective=0.000126331702708 qs=0.000126329720291 aspect=8.00004452434 mean_iota=-1.21234496726 solver_iterations=2951
evaluation=532 objective=0.000138061451088 qs=0.000138057399821 aspect=8.00006364956 mean_iota=-1.21236992059 solver_iterations=2951
evaluation=533 objective=0.000146807632563 qs=0.000144262365435 aspect=8.00159538933 mean_iota=-1.21267374327 solver_iterations=3167
evaluation=534 objective=0.000187973639565 qs=0.00016435579967 aspect=7.99514018108 mean_iota=-1.21175191233 solver_iterations=3042
evaluation=535 objective=0.000154205809895 qs=0.000154194102965 aspect=7.99989180143 mean_iota=-1.21227564583 solver_iterations=2936
evaluation=536 objective=0.000128325281846 qs=0.000128323232084 aspect=8.0000452743 mean_iota=-1.21234244212 solver_iterations=2938
evaluation=537 objective=0.0001261904879 qs=0.000126188437903 aspect=8.0000452769 mean_iota=-1.21234461347 solver_iterations=2951
evaluation=538 objective=0.000126188278336 qs=0.000126186208294 aspect=8.00004549771 mean_iota=-1.21234524289 solver_iterations=2951
evaluation=539 objective=0.000126321023377 qs=0.000126314772388 aspect=8.0000790632 mean_iota=-1.21233508834 solver_iterations=2950
evaluation=540 objective=0.000126481489627 qs=0.000126342502779 aspect=7.9996271906 mean_iota=-1.212316559 solver_iterations=2953
evaluation=541 objective=0.000126470797218 qs=0.000126470781876 aspect=7.99999608309 mean_iota=-1.21238192201 solver_iterations=2954
evaluation=542 objective=0.000126253883219 qs=0.000126251389428 aspect=8.00004993786 mean_iota=-1.21234784964 solver_iterations=2951
evaluation=543 objective=0.000126207270704 qs=0.000126205188122 aspect=8.00004563532 mean_iota=-1.21234482439 solver_iterations=2951
evaluation=544 objective=0.000126178056054 qs=0.000126176011045 aspect=8.00004522178 mean_iota=-1.21234460796 solver_iterations=2951
evaluation=545 objective=0.000126177250724 qs=0.0001261752052 aspect=8.00004522748 mean_iota=-1.21234469917 solver_iterations=2951
evaluation=546 objective=0.000126182242241 qs=0.000126180847973 aspect=8.0000373399 mean_iota=-1.21236642633 solver_iterations=2952
evaluation=547 objective=0.000126174170763 qs=0.000126172087681 aspect=8.00004564079 mean_iota=-1.21234272458 solver_iterations=2951
evaluation=548 objective=0.000126179765516 qs=0.00012617765607 aspect=8.00004592871 mean_iota=-1.21234343606 solver_iterations=2951
evaluation=549 objective=0.000126182547308 qs=0.000126180460754 aspect=8.00004567881 mean_iota=-1.21234411125 solver_iterations=2951
evaluation=550 objective=0.000126178148316 qs=0.000126176103301 aspect=8.00004522185 mean_iota=-1.2123445858 solver_iterations=2951
evaluation=551 objective=0.00012618001367 qs=0.00012617796989 aspect=8.00004520819 mean_iota=-1.21234460777 solver_iterations=2951
evaluation=552 objective=0.000126177688288 qs=0.00012617564483 aspect=8.00004520463 mean_iota=-1.21234460733 solver_iterations=2951
accepted mode=3 iteration=10 objective=0.000126177688288
   10    542    6.308884414e-05     0.016732317070.0004864497831
evaluation=553 objective=0.000123895831533 qs=0.000123895657542 aspect=8.00001319057 mean_iota=-1.21326518231 solver_iterations=3150
evaluation=554 objective=0.000134482712588 qs=0.00013448106324 aspect=8.00004061216 mean_iota=-1.21341537842 solver_iterations=3150
evaluation=555 objective=0.000124471237544 qs=0.000124471086586 aspect=8.00001228648 mean_iota=-1.21326602553 solver_iterations=3151
evaluation=556 objective=0.000123894963969 qs=0.00012389479005 aspect=8.00001318786 mean_iota=-1.21326516617 solver_iterations=3150
evaluation=557 objective=0.000124012656691 qs=0.000124012470322 aspect=8.00001365173 mean_iota=-1.21326497201 solver_iterations=3150
evaluation=558 objective=0.000133772709087 qs=0.000133772324138 aspect=7.99998037987 mean_iota=-1.21323939421 solver_iterations=2915
evaluation=559 objective=0.000246891711361 qs=0.000246784578656 aspect=7.99967268867 mean_iota=-1.21266459667 solver_iterations=2926
evaluation=560 objective=0.000217999030183 qs=0.000202026286258 aspect=7.99600340846 mean_iota=-1.21292287136 solver_iterations=3026
evaluation=561 objective=0.000141126372488 qs=0.000141116204812 aspect=7.9998991651 mean_iota=-1.21321172599 solver_iterations=2912
evaluation=562 objective=0.000125278242184 qs=0.000125278047286 aspect=8.0000139606 mean_iota=-1.2132639464 solver_iterations=3149
evaluation=563 objective=0.000123905723299 qs=0.000123905547086 aspect=8.00001327454 mean_iota=-1.21326520966 solver_iterations=3150
evaluation=564 objective=0.000123943768531 qs=0.000123943616877 aspect=8.00001231476 mean_iota=-1.21326501474 solver_iterations=3151
evaluation=565 objective=0.000123897092323 qs=0.000123896827859 aspect=8.00001626237 mean_iota=-1.21326559154 solver_iterations=3151
evaluation=566 objective=0.000124226528017 qs=0.000124110484423 aspect=7.99965934828 mean_iota=-1.21331127626 solver_iterations=3150
evaluation=567 objective=0.000124537467718 qs=0.000124537414268 aspect=8.00000731094 mean_iota=-1.21332004254 solver_iterations=3148
evaluation=568 objective=0.000123979810324 qs=0.00012397945145 aspect=8.00001894397 mean_iota=-1.21326766076 solver_iterations=3151
evaluation=569 objective=0.000123912085723 qs=0.00012391189725 aspect=8.00001372853 mean_iota=-1.21326554528 solver_iterations=3151
evaluation=570 objective=0.000123893875833 qs=0.000123893701399 aspect=8.00001320735 mean_iota=-1.21326517174 solver_iterations=3150
evaluation=571 objective=0.000123896982362 qs=0.000123896799907 aspect=8.00001350757 mean_iota=-1.2132645361 solver_iterations=3150
evaluation=572 objective=0.00012389333568 qs=0.00012389325735 aspect=8.00000885042 mean_iota=-1.21325765003 solver_iterations=3150
evaluation=573 objective=0.000123894177884 qs=0.000123893978554 aspect=8.00001411843 mean_iota=-1.21326105015 solver_iterations=3150
evaluation=574 objective=0.000123895349522 qs=0.000123895155094 aspect=8.00001394374 mean_iota=-1.21326411485 solver_iterations=3150
evaluation=575 objective=0.000123894433926 qs=0.000123894249643 aspect=8.0000135751 mean_iota=-1.21326477593 solver_iterations=3150
evaluation=576 objective=0.000123895090251 qs=0.000123894915879 aspect=8.000013205 mean_iota=-1.21326517143 solver_iterations=3150
evaluation=577 objective=0.000123897980392 qs=0.000123897806312 aspect=8.00001319397 mean_iota=-1.21326518681 solver_iterations=3150
evaluation=578 objective=0.000128468871079 qs=0.000128468697088 aspect=8.00001319057 mean_iota=-1.21344640099 solver_iterations=3151
evaluation=579 objective=0.000124385930902 qs=0.000124385756911 aspect=8.00001319057 mean_iota=-1.2132663728 solver_iterations=3151
evaluation=580 objective=0.000123896978203 qs=0.000123896804212 aspect=8.00001319057 mean_iota=-1.21326516429 solver_iterations=3150
evaluation=581 objective=0.000124071388143 qs=0.000124071232127 aspect=8.00001249062 mean_iota=-1.21326566237 solver_iterations=3151
evaluation=582 objective=0.00013577784477 qs=0.000135776784723 aspect=8.00003255836 mean_iota=-1.21328928768 solver_iterations=3150
evaluation=583 objective=0.000144110996823 qs=0.000141669493992 aspect=8.00156253091 mean_iota=-1.21359306908 solver_iterations=2906
evaluation=584 objective=0.000186768314615 qs=0.00016288719664 aspect=7.99511316892 mean_iota=-1.21267035479 solver_iterations=3191
evaluation=585 objective=0.000152559013018 qs=0.000152539315749 aspect=7.99985965304 mean_iota=-1.21319670122 solver_iterations=3148
evaluation=586 objective=0.000126107959752 qs=0.000126107789289 aspect=8.00001305615 mean_iota=-1.21326333507 solver_iterations=3152
evaluation=587 objective=0.000123917134744 qs=0.000123916958786 aspect=8.00001326493 mean_iota=-1.21326519951 solver_iterations=3150
evaluation=588 objective=0.000123931409302 qs=0.000123931227767 aspect=8.0000134735 mean_iota=-1.21326600373 solver_iterations=3151
evaluation=589 objective=0.000124203095453 qs=0.000124200851682 aspect=8.00004736847 mean_iota=-1.21325441705 solver_iterations=3150
evaluation=590 objective=0.000124344135934 qs=0.000124177697202 aspect=7.99959203097 mean_iota=-1.21323584981 solver_iterations=3153
evaluation=591 objective=0.00012429403119 qs=0.000124292638921 aspect=7.99996268688 mean_iota=-1.21330166807 solver_iterations=3151
evaluation=592 objective=0.00012401794263 qs=0.000124017612886 aspect=8.00001815886 mean_iota=-1.21326846806 solver_iterations=3151
evaluation=593 objective=0.000123940285738 qs=0.000123940099829 aspect=8.00001363487 mean_iota=-1.21326564074 solver_iterations=3151
evaluation=594 objective=0.000123896627349 qs=0.000123896452899 aspect=8.00001320796 mean_iota=-1.21326517346 solver_iterations=3150
evaluation=595 objective=0.000123896086148 qs=0.000123895911516 aspect=8.00001321484 mean_iota=-1.21326525698 solver_iterations=3150
evaluation=596 objective=0.00012389273639 qs=0.000123892710656 aspect=8.00000507287 mean_iota=-1.21328721589 solver_iterations=3151
evaluation=597 objective=0.000123891545613 qs=0.000123891357986 aspect=8.00001369771 mean_iota=-1.21326309769 solver_iterations=3151
evaluation=598 objective=0.000123897240375 qs=0.000123897046142 aspect=8.00001393677 mean_iota=-1.21326398634 solver_iterations=3150
evaluation=599 objective=0.000123898807383 qs=0.000123898622496 aspect=8.00001359731 mean_iota=-1.21326473911 solver_iterations=3150
evaluation=600 objective=0.000123894863261 qs=0.000123894688789 aspect=8.00001320881 mean_iota=-1.21326516076 solver_iterations=3150
evaluation=601 objective=0.000123894189392 qs=0.000123894015299 aspect=8.00001319443 mean_iota=-1.21326518334 solver_iterations=3150
evaluation=602 objective=0.000123895831533 qs=0.000123895657542 aspect=8.00001319057 mean_iota=-1.21326518231 solver_iterations=3150
accepted mode=3 iteration=11 objective=0.000123895831533
   11    591    6.194791577e-05     0.015208039940.0004864497831
evaluation=603 objective=0.000122862928902 qs=0.000122862195377 aspect=8.00002708366 mean_iota=-1.21331502733 solver_iterations=3135
evaluation=604 objective=0.000132976372658 qs=0.00013297340575 aspect=8.00005446934 mean_iota=-1.21346631588 solver_iterations=3135
evaluation=605 objective=0.00012352816126 qs=0.000123527475486 aspect=8.00002618729 mean_iota=-1.21331592926 solver_iterations=3137
evaluation=606 objective=0.000122863259624 qs=0.000122862526246 aspect=8.00002708094 mean_iota=-1.21331501173 solver_iterations=3135
evaluation=607 objective=0.000122998688575 qs=0.00012299792971 aspect=8.00002754749 mean_iota=-1.21331474203 solver_iterations=3133
evaluation=608 objective=0.000132414201092 qs=0.000132414170595 aspect=7.99999447751 mean_iota=-1.21329086877 solver_iterations=3129
evaluation=609 objective=0.000245216369787 qs=0.000245119600745 aspect=7.99968892277 mean_iota=-1.2127165588 solver_iterations=3116
evaluation=610 objective=0.000216182347071 qs=0.000200357924866 aspect=7.99602200777 mean_iota=-1.21296520124 solver_iterations=3100
evaluation=611 objective=0.000140145689573 qs=0.000140138046471 aspect=7.99991257516 mean_iota=-1.21326414385 solver_iterations=3124
evaluation=612 objective=0.000124218337099 qs=0.000124217562103 aspect=8.00002783874 mean_iota=-1.21331397884 solver_iterations=3133
evaluation=613 objective=0.000122880894387 qs=0.000122880156323 aspect=8.00002716734 mean_iota=-1.21331505138 solver_iterations=3135
evaluation=614 objective=0.000122875266419 qs=0.000122874580126 aspect=8.0000261972 mean_iota=-1.21331490409 solver_iterations=3137
evaluation=615 objective=0.000122865866116 qs=0.000122864978557 aspect=8.00002979194 mean_iota=-1.21331511487 solver_iterations=3135
evaluation=616 objective=0.000123155127093 qs=0.000123048153291 aspect=7.9996729315 mean_iota=-1.21336147451 solver_iterations=3136
evaluation=617 objective=0.000123585167535 qs=0.00012358476484 aspect=8.00002006724 mean_iota=-1.21337068099 solver_iterations=3136
evaluation=618 objective=0.000122918733181 qs=0.000122917656551 aspect=8.00003281204 mean_iota=-1.2133175656 solver_iterations=3136
evaluation=619 objective=0.000122906927879 qs=0.000122906164925 aspect=8.00002762163 mean_iota=-1.21331508977 solver_iterations=3136
evaluation=620 objective=0.000122863367328 qs=0.000122862632892 aspect=8.00002710047 mean_iota=-1.21331501827 solver_iterations=3135
evaluation=621 objective=0.000122864681568 qs=0.000122863930929 aspect=8.00002739778 mean_iota=-1.21331443266 solver_iterations=3136
evaluation=622 objective=0.000122865539708 qs=0.000122865019772 aspect=8.00002280211 mean_iota=-1.21330768808 solver_iterations=3135
evaluation=623 objective=0.000122863665315 qs=0.000122862870671 aspect=8.00002818943 mean_iota=-1.21330976057 solver_iterations=3136
evaluation=624 objective=0.00012286423803 qs=0.000122863459698 aspect=8.0000278986 mean_iota=-1.21331379714 solver_iterations=3134
evaluation=625 objective=0.000122866294544 qs=0.000122865539849 aspect=8.00002747172 mean_iota=-1.21331461476 solver_iterations=3136
evaluation=626 objective=0.00012286337351 qs=0.000122862639179 aspect=8.00002709855 mean_iota=-1.21331501684 solver_iterations=3135
evaluation=627 objective=0.000122864490639 qs=0.000122863756931 aspect=8.00002708705 mean_iota=-1.21331503239 solver_iterations=3135
evaluation=628 objective=0.000127735673818 qs=0.000127734940293 aspect=8.00002708366 mean_iota=-1.21349669857 solver_iterations=3138
evaluation=629 objective=0.000123248983228 qs=0.000123248249703 aspect=8.00002708366 mean_iota=-1.21331629922 solver_iterations=3137
evaluation=630 objective=0.000122863966117 qs=0.000122863232592 aspect=8.00002708366 mean_iota=-1.21331501013 solver_iterations=3135
evaluation=631 objective=0.000123118116582 qs=0.000123117420343 aspect=8.00002638636 mean_iota=-1.21331552373 solver_iterations=3137
evaluation=632 objective=0.000134302456028 qs=0.000134300355741 aspect=8.00004582888 mean_iota=-1.21333912278 solver_iterations=3135
evaluation=633 objective=0.000142857502688 qs=0.000140373378607 aspect=8.00157611043 mean_iota=-1.2136439304 solver_iterations=3128
evaluation=634 objective=0.000185251492948 qs=0.000161543087893 aspect=7.99513087225 mean_iota=-1.21272869411 solver_iterations=3163
evaluation=635 objective=0.000152015700373 qs=0.000151999729611 aspect=7.99987362452 mean_iota=-1.213246881 solver_iterations=3141
evaluation=636 objective=0.000124812297369 qs=0.000124811572689 aspect=8.00002691988 mean_iota=-1.21331304301 solver_iterations=3134
evaluation=637 objective=0.00012288379319 qs=0.000122883055562 aspect=8.00002715931 mean_iota=-1.21331504213 solver_iterations=3135
evaluation=638 objective=0.000122867978564 qs=0.00012286722919 aspect=8.0000273747 mean_iota=-1.2133155184 solver_iterations=3135
evaluation=639 objective=0.000123041554702 qs=0.000123037748445 aspect=8.00006169487 mean_iota=-1.21330438909 solver_iterations=3135
evaluation=640 objective=0.000123272043699 qs=0.000123115643018 aspect=7.99960452474 mean_iota=-1.21328550214 solver_iterations=3133
evaluation=641 objective=0.000123286561285 qs=0.000123285955722 aspect=7.99997539181 mean_iota=-1.21335156142 solver_iterations=3136
evaluation=642 objective=0.00012291493408 qs=0.000122913906767 aspect=8.00003205172 mean_iota=-1.21331835311 solver_iterations=3136
evaluation=643 objective=0.000122897586964 qs=0.00012289682937 aspect=8.00002752442 mean_iota=-1.21331518519 solver_iterations=3135
evaluation=644 objective=0.000122864265782 qs=0.000122863531316 aspect=8.00002710104 mean_iota=-1.2133150201 solver_iterations=3135
evaluation=645 objective=0.000122863108519 qs=0.000122862373799 aspect=8.00002710572 mean_iota=-1.21331510149 solver_iterations=3135
evaluation=646 objective=0.000122859164162 qs=0.000122858807466 aspect=8.00001888638 mean_iota=-1.21333762583 solver_iterations=3138
evaluation=647 objective=0.000122863094309 qs=0.00012286232619 aspect=8.00002771496 mean_iota=-1.21331205541 solver_iterations=3136
evaluation=648 objective=0.000122861506397 qs=0.000122860735199 aspect=8.00002777045 mean_iota=-1.21331393488 solver_iterations=3136
evaluation=649 objective=0.000122866178119 qs=0.000122865422259 aspect=8.00002749289 mean_iota=-1.21331458094 solver_iterations=3136
evaluation=650 objective=0.000122862573046 qs=0.000122861838497 aspect=8.00002710256 mean_iota=-1.2133150056 solver_iterations=3135
evaluation=651 objective=0.000122866573413 qs=0.000122865839678 aspect=8.00002708753 mean_iota=-1.21331502854 solver_iterations=3135
evaluation=652 objective=0.000122862928902 qs=0.000122862195377 aspect=8.00002708366 mean_iota=-1.21331502733 solver_iterations=3135
accepted mode=3 iteration=12 objective=0.000122862928902
   12    640    6.143146445e-05     0.013473984580.0004864497831
evaluation=653 objective=0.000121379225745 qs=0.00012137864633 aspect=8.00002407105 mean_iota=-1.21368084069 solver_iterations=3222
evaluation=654 objective=0.000131924099554 qs=0.000131921448506 aspect=8.00005148833 mean_iota=-1.21383179606 solver_iterations=3229
evaluation=655 objective=0.000122050654333 qs=0.000122050117301 aspect=8.00002317395 mean_iota=-1.21368156498 solver_iterations=3220
evaluation=656 objective=0.000121379430705 qs=0.000121378851423 aspect=8.00002406829 mean_iota=-1.21368082569 solver_iterations=3222
evaluation=657 objective=0.000121526463466 qs=0.000121525861431 aspect=8.0000245364 mean_iota=-1.21368057144 solver_iterations=3223
evaluation=658 objective=0.000131191013024 qs=0.000131190936556 aspect=7.99999125538 mean_iota=-1.21365657722 solver_iterations=3237
evaluation=659 objective=0.000243609773369 qs=0.000243513153008 aspect=7.99968916184 mean_iota=-1.21308016919 solver_iterations=3214
evaluation=660 objective=0.000214802015924 qs=0.000199007694399 aspect=7.99602579297 mean_iota=-1.21332938044 solver_iterations=3166
evaluation=661 objective=0.000138421217479 qs=0.000138413047024 aspect=7.99990960944 mean_iota=-1.21362722424 solver_iterations=3228
evaluation=662 objective=0.00012285836657 qs=0.000122857749393 aspect=8.00002484304 mean_iota=-1.21367901084 solver_iterations=3228
evaluation=663 objective=0.000121399534263 qs=0.00012139895086 aspect=8.00002415373 mean_iota=-1.21368085883 solver_iterations=3222
evaluation=664 objective=0.000121401523257 qs=0.000121400986159 aspect=8.00002317539 mean_iota=-1.21368044634 solver_iterations=3221
evaluation=665 objective=0.000121380076927 qs=0.000121379403817 aspect=8.00002594436 mean_iota=-1.21368090902 solver_iterations=3222
evaluation=666 objective=0.000121669141263 qs=0.000121558725497 aspect=7.99966771132 mean_iota=-1.21372821573 solver_iterations=3215
evaluation=667 objective=0.000122044246027 qs=0.000122043991262 aspect=8.00001596137 mean_iota=-1.21373732462 solver_iterations=3215
evaluation=668 objective=0.000121474444328 qs=0.000121473545971 aspect=8.0000299726 mean_iota=-1.21368324843 solver_iterations=3220
evaluation=669 objective=0.000121421345468 qs=0.000121420739783 aspect=8.00002461067 mean_iota=-1.21368092585 solver_iterations=3221
evaluation=670 objective=0.000121380818025 qs=0.000121380237799 aspect=8.00002408787 mean_iota=-1.21368083362 solver_iterations=3222
evaluation=671 objective=0.000121379614499 qs=0.000121379018385 aspect=8.00002441545 mean_iota=-1.21368019522 solver_iterations=3222
evaluation=672 objective=0.000121378184148 qs=0.000121377802103 aspect=8.00001954596 mean_iota=-1.21367320231 solver_iterations=3222
evaluation=673 objective=0.000121382214728 qs=0.000121381569544 aspect=8.00002540047 mean_iota=-1.21367407788 solver_iterations=3221
evaluation=674 objective=0.000121377917246 qs=0.000121377301708 aspect=8.00002481003 mean_iota=-1.2136797758 solver_iterations=3222
evaluation=675 objective=0.000121381537537 qs=0.000121380941098 aspect=8.0000244221 mean_iota=-1.21368045819 solver_iterations=3222
evaluation=676 objective=0.000121379603781 qs=0.000121379023618 aspect=8.00002408657 mean_iota=-1.21368083032 solver_iterations=3222
evaluation=677 objective=0.000121380525607 qs=0.000121379946027 aspect=8.00002407446 mean_iota=-1.21368084618 solver_iterations=3222
evaluation=678 objective=0.000126007795585 qs=0.000126007216169 aspect=8.00002407105 mean_iota=-1.21386268719 solver_iterations=3221
evaluation=679 objective=0.000121832760462 qs=0.000121832181046 aspect=8.00002407105 mean_iota=-1.21368194991 solver_iterations=3220
evaluation=680 objective=0.000121379378469 qs=0.000121378799053 aspect=8.00002407105 mean_iota=-1.21368082425 solver_iterations=3222
evaluation=681 objective=0.000121610848413 qs=0.00012161030251 aspect=8.00002336456 mean_iota=-1.21368107043 solver_iterations=3221
evaluation=682 objective=0.000133422342626 qs=0.00013342050699 aspect=8.00004284432 mean_iota=-1.21370561687 solver_iterations=3211
evaluation=683 objective=0.000141105518108 qs=0.00013863702178 aspect=8.00157114491 mean_iota=-1.2140094293 solver_iterations=3251
evaluation=684 objective=0.00018392315952 qs=0.00016025268573 aspect=7.99513476889 mean_iota=-1.2130923685 solver_iterations=3033
evaluation=685 objective=0.000149783781214 qs=0.000149767183595 aspect=7.99987116825 mean_iota=-1.21361199069 solver_iterations=3228
evaluation=686 objective=0.00012339715307 qs=0.000123396582186 aspect=8.00002389318 mean_iota=-1.21367867308 solver_iterations=3225
evaluation=687 objective=0.000121398830819 qs=0.000121398247692 aspect=8.00002414802 mean_iota=-1.21368085312 solver_iterations=3222
evaluation=688 objective=0.00012139076103 qs=0.000121390168971 aspect=8.00002433227 mean_iota=-1.2136813564 solver_iterations=3221
evaluation=689 objective=0.000121598065079 qs=0.000121594536309 aspect=8.00005940346 mean_iota=-1.21367011529 solver_iterations=3214
evaluation=690 objective=0.000121775513048 qs=0.000121613723877 aspect=7.99959776975 mean_iota=-1.21365158963 solver_iterations=3211
evaluation=691 objective=0.000121767707754 qs=0.000121766898118 aspect=7.99997154589 mean_iota=-1.21371829355 solver_iterations=3212
evaluation=692 objective=0.000121473106026 qs=0.000121472262037 aspect=8.00002905149 mean_iota=-1.21368402244 solver_iterations=3220
evaluation=693 objective=0.000121414297411 qs=0.000121413696627 aspect=8.0000245109 mean_iota=-1.2136810209 solver_iterations=3222
evaluation=694 objective=0.000121380483313 qs=0.000121379903061 aspect=8.00002408843 mean_iota=-1.2136808353 solver_iterations=3222
evaluation=695 objective=0.000121379138507 qs=0.000121378557787 aspect=8.00002409815 mean_iota=-1.21368092172 solver_iterations=3222
evaluation=696 objective=0.000121399067897 qs=0.00012139882572 aspect=8.00001556203 mean_iota=-1.2137033866 solver_iterations=3219
evaluation=697 objective=0.00012138231958 qs=0.000121381710372 aspect=8.00002468214 mean_iota=-1.21367732731 solver_iterations=3221
evaluation=698 objective=0.000121379019327 qs=0.000121378407113 aspect=8.00002474294 mean_iota=-1.21367979778 solver_iterations=3222
evaluation=699 objective=0.000121381532201 qs=0.00012138093505 aspect=8.00002443667 mean_iota=-1.2136804353 solver_iterations=3222
evaluation=700 objective=0.000121379674137 qs=0.000121379093775 aspect=8.00002409071 mean_iota=-1.21368081898 solver_iterations=3222
evaluation=701 objective=0.000121382218685 qs=0.000121381639081 aspect=8.00002407498 mean_iota=-1.21368084189 solver_iterations=3222
evaluation=702 objective=0.000121379225745 qs=0.00012137864633 aspect=8.00002407105 mean_iota=-1.21368084069 solver_iterations=3222
accepted mode=3 iteration=13 objective=0.000121379225745
   13    689    6.068961287e-05    0.0079317067450.0004864497831
evaluation=703 objective=0.000120746694256 qs=0.000120746409114 aspect=8.00001688615 mean_iota=-1.21479893273 solver_iterations=3159
evaluation=704 objective=0.00013106938853 qs=0.000131067425727 aspect=8.00004430354 mean_iota=-1.21494942541 solver_iterations=3151
evaluation=705 objective=0.000121342608509 qs=0.000121342352636 aspect=8.00001599603 mean_iota=-1.2148003607 solver_iterations=3161
evaluation=706 objective=0.000120748280941 qs=0.000120747995895 aspect=8.00001688329 mean_iota=-1.21479892481 solver_iterations=3159
evaluation=707 objective=0.000120897927516 qs=0.000120897626329 aspect=8.00001735475 mean_iota=-1.21479867624 solver_iterations=3158
evaluation=708 objective=0.000130153265718 qs=0.000130153017125 aspect=7.99998423315 mean_iota=-1.21477309912 solver_iterations=3154
evaluation=709 objective=0.000242685078281 qs=0.000242583965525 aspect=7.99968201768 mean_iota=-1.21419883751 solver_iterations=3143
evaluation=710 objective=0.000213516166943 qs=0.000197669982417 aspect=7.99601927337 mean_iota=-1.21444534197 solver_iterations=3142
evaluation=711 objective=0.000137776640466 qs=0.000137766991763 aspect=7.99990177219 mean_iota=-1.21474506618 solver_iterations=3147
evaluation=712 objective=0.000122104739872 qs=0.000122104428799 aspect=8.00001763725 mean_iota=-1.2147963867 solver_iterations=3145
evaluation=713 objective=0.000120767859407 qs=0.000120767571407 aspect=8.00001697055 mean_iota=-1.21479890082 solver_iterations=3159
evaluation=714 objective=0.00012077043859 qs=0.000120770183088 aspect=8.00001598446 mean_iota=-1.21479891192 solver_iterations=3161
evaluation=715 objective=0.000120746604512 qs=0.000120746260943 aspect=8.00001853561 mean_iota=-1.21479903388 solver_iterations=3159
evaluation=716 objective=0.000120726302884 qs=0.000120611693599 aspect=7.99966146007 mean_iota=-1.21484837863 solver_iterations=3158
evaluation=717 objective=0.000121094717606 qs=0.000121094641418 aspect=8.0000087286 mean_iota=-1.21485673699 solver_iterations=3145
evaluation=718 objective=0.000120766998017 qs=0.000120766484245 aspect=8.00002266654 mean_iota=-1.21480200739 solver_iterations=3161
evaluation=719 objective=0.000120778408266 qs=0.000120778104732 aspect=8.0000174222 mean_iota=-1.21479918621 solver_iterations=3159
evaluation=720 objective=0.000120747715532 qs=0.00012074742982 aspect=8.00001690301 mean_iota=-1.21479894288 solver_iterations=3159
evaluation=721 objective=0.000120746927428 qs=0.000120746632213 aspect=8.00001718183 mean_iota=-1.21479838292 solver_iterations=3159
evaluation=722 objective=0.000120745386491 qs=0.000120745227008 aspect=8.00001262868 mean_iota=-1.21479145424 solver_iterations=3159
evaluation=723 objective=0.000120747894953 qs=0.000120747574922 aspect=8.00001788939 mean_iota=-1.21479415951 solver_iterations=3159
evaluation=724 objective=0.000120748411979 qs=0.000120748093574 aspect=8.00001784393 mean_iota=-1.21479741357 solver_iterations=3159
evaluation=725 objective=0.000120747944953 qs=0.000120747646784 aspect=8.00001726757 mean_iota=-1.21479848384 solver_iterations=3159
evaluation=726 objective=0.000120746889908 qs=0.000120746604231 aspect=8.00001690198 mean_iota=-1.21479892066 solver_iterations=3159
evaluation=727 objective=0.000120746966753 qs=0.000120746681497 aspect=8.00001688954 mean_iota=-1.21479894007 solver_iterations=3159
evaluation=728 objective=0.000125672152754 qs=0.000125671867612 aspect=8.00001688615 mean_iota=-1.21498139535 solver_iterations=3163
evaluation=729 objective=0.00012111416723 qs=0.000121113882088 aspect=8.00001688615 mean_iota=-1.21480071905 solver_iterations=3161
evaluation=730 objective=0.000120747978757 qs=0.000120747693615 aspect=8.00001688615 mean_iota=-1.21479892144 solver_iterations=3159
evaluation=731 objective=0.000121021868299 qs=0.000121021606188 aspect=8.00001618986 mean_iota=-1.21479953118 solver_iterations=3161
evaluation=732 objective=0.000132161623938 qs=0.000132160380851 aspect=8.00003525743 mean_iota=-1.21482665716 solver_iterations=3157
evaluation=733 objective=0.000140489156363 qs=0.000138045205532 aspect=8.00156331405 mean_iota=-1.21512847855 solver_iterations=3147
evaluation=734 objective=0.000183282890477 qs=0.000159553822121 aspect=7.99512875084 mean_iota=-1.21421333146 solver_iterations=3156
evaluation=735 objective=0.00014998949558 qs=0.000149970673681 aspect=7.99986280707 mean_iota=-1.21472856531 solver_iterations=3141
evaluation=736 objective=0.000122596907758 qs=0.000122596628172 aspect=8.00001672082 mean_iota=-1.21479603814 solver_iterations=3155
evaluation=737 objective=0.000120775181818 qs=0.000120774894059 aspect=8.00001696344 mean_iota=-1.21479891774 solver_iterations=3159
evaluation=738 objective=0.000120759488648 qs=0.000120759194931 aspect=8.0000171382 mean_iota=-1.21479965552 solver_iterations=3159
evaluation=739 objective=0.000120870441211 qs=0.00012086769538 aspect=8.00005240067 mean_iota=-1.21478997282 solver_iterations=3195
evaluation=740 objective=0.000121085250475 qs=0.000120918571076 aspect=7.99959173612 mean_iota=-1.21477318691 solver_iterations=3156
evaluation=741 objective=0.000121118660514 qs=0.000121117346101 aspect=7.99996374517 mean_iota=-1.21483914394 solver_iterations=3157
evaluation=742 objective=0.000120785258914 qs=0.000120784779087 aspect=8.00002190495 mean_iota=-1.21480277682 solver_iterations=3161
evaluation=743 objective=0.000120773275604 qs=0.000120772975321 aspect=8.00001732868 mean_iota=-1.21479926065 solver_iterations=3159
evaluation=744 objective=0.000120749313034 qs=0.000120749027305 aspect=8.00001690353 mean_iota=-1.2147989429 solver_iterations=3159
evaluation=745 objective=0.00012074659529 qs=0.000120746309392 aspect=8.00001690853 mean_iota=-1.21479904673 solver_iterations=3159
evaluation=746 objective=0.000120714369305 qs=0.000120714289574 aspect=8.0000089292 mean_iota=-1.2148208933 solver_iterations=3161
evaluation=747 objective=0.000120743742019 qs=0.000120743435721 aspect=8.00001750138 mean_iota=-1.21479610427 solver_iterations=3159
evaluation=748 objective=0.000120747229967 qs=0.00012074692612 aspect=8.0000174312 mean_iota=-1.21479806215 solver_iterations=3159
evaluation=749 objective=0.000120748645476 qs=0.000120748346221 aspect=8.000017299 mean_iota=-1.21479848654 solver_iterations=3159
evaluation=750 objective=0.000120747833442 qs=0.000120747547626 aspect=8.0000169061 mean_iota=-1.21479890992 solver_iterations=3159
evaluation=751 objective=0.000120748914731 qs=0.000120748629457 aspect=8.00001689006 mean_iota=-1.21479893204 solver_iterations=3159
evaluation=752 objective=0.000120746694256 qs=0.000120746409114 aspect=8.00001688615 mean_iota=-1.21479893273 solver_iterations=3159
accepted mode=3 iteration=14 objective=0.000120746694256
   14    738    6.037334713e-05     0.021504975990.0001216124458
evaluation=753 objective=0.000120166888048 qs=0.000120166180039 aspect=8.00002660844 mean_iota=-1.21487513924 solver_iterations=3269
evaluation=754 objective=0.00013073053022 qs=0.000130727609754 aspect=8.00005404134 mean_iota=-1.21502628032 solver_iterations=3260
evaluation=755 objective=0.000120824118498 qs=0.000120823457083 aspect=8.00002571798 mean_iota=-1.21487598262 solver_iterations=3277
evaluation=756 objective=0.000120166696138 qs=0.000120165988279 aspect=8.00002660562 mean_iota=-1.21487511977 solver_iterations=3270
evaluation=757 objective=0.000120332525548 qs=0.000120331792307 aspect=8.00002707843 mean_iota=-1.21487470185 solver_iterations=3258
evaluation=758 objective=0.000130042013482 qs=0.000130041975263 aspect=7.99999381784 mean_iota=-1.21485167428 solver_iterations=3158
evaluation=759 objective=0.000242538944317 qs=0.000242444339238 aspect=7.99969242061 mean_iota=-1.21427352594 solver_iterations=3161
evaluation=760 objective=0.000213252138419 qs=0.000197492190074 aspect=7.99603011986 mean_iota=-1.21452442117 solver_iterations=3141
evaluation=761 objective=0.000137420677456 qs=0.000137412859071 aspect=7.99991157837 mean_iota=-1.21482013895 solver_iterations=3165
evaluation=762 objective=0.000121611064958 qs=0.000121610316078 aspect=8.00002736566 mean_iota=-1.21487365714 solver_iterations=3266
evaluation=763 objective=0.000120181408664 qs=0.000120180696203 aspect=8.00002669197 mean_iota=-1.2148751743 solver_iterations=3269
evaluation=764 objective=0.000120190799955 qs=0.000120190139037 aspect=8.00002570832 mean_iota=-1.21487492151 solver_iterations=3278
evaluation=765 objective=0.000120165442344 qs=0.000120164643813 aspect=8.00002825829 mean_iota=-1.21487527054 solver_iterations=3272
evaluation=766 objective=0.000120490862591 qs=0.000120382606244 aspect=7.99967097668 mean_iota=-1.21492203403 solver_iterations=3270
evaluation=767 objective=0.000120865220269 qs=0.000120864893152 aspect=8.00001808637 mean_iota=-1.21492933939 solver_iterations=3278
evaluation=768 objective=0.000120268808977 qs=0.000120267757114 aspect=8.00003243244 mean_iota=-1.21487766535 solver_iterations=3278
evaluation=769 objective=0.000120203286412 qs=0.000120202549211 aspect=8.00002715143 mean_iota=-1.2148753446 solver_iterations=3274
evaluation=770 objective=0.000120168156066 qs=0.000120167447154 aspect=8.0000266254 mean_iota=-1.21487512526 solver_iterations=3270
evaluation=771 objective=0.000120165468536 qs=0.000120164744299 aspect=8.00002691165 mean_iota=-1.21487462561 solver_iterations=3272
evaluation=772 objective=0.000120162856372 qs=0.00012016236121 aspect=8.00002225223 mean_iota=-1.21486755218 solver_iterations=3268
evaluation=773 objective=0.000120163476 qs=0.000120162710133 aspect=8.00002767429 mean_iota=-1.21487010039 solver_iterations=3269
evaluation=774 objective=0.000120165023694 qs=0.00012016426311 aspect=8.00002757868 mean_iota=-1.21487373597 solver_iterations=3267
evaluation=775 objective=0.000120167209685 qs=0.000120166481541 aspect=8.00002698415 mean_iota=-1.21487475247 solver_iterations=3269
evaluation=776 objective=0.000120167041328 qs=0.000120166332478 aspect=8.00002662424 mean_iota=-1.21487512827 solver_iterations=3269
evaluation=777 objective=0.000120166297262 qs=0.000120165589072 aspect=8.00002661184 mean_iota=-1.21487514373 solver_iterations=3269
evaluation=778 objective=0.000124860368291 qs=0.000124859660282 aspect=8.00002660844 mean_iota=-1.2150570665 solver_iterations=3280
evaluation=779 objective=0.000120644915486 qs=0.000120644207476 aspect=8.00002660844 mean_iota=-1.21487638761 solver_iterations=3279
evaluation=780 objective=0.000120166808307 qs=0.000120166100297 aspect=8.00002660844 mean_iota=-1.21487511906 solver_iterations=3270
evaluation=781 objective=0.000120384030118 qs=0.000120383358873 aspect=8.0000259084 mean_iota=-1.21487555835 solver_iterations=3278
evaluation=782 objective=0.000132181972982 qs=0.000132179936102 aspect=8.0000451318 mean_iota=-1.21489762971 solver_iterations=3280
evaluation=783 objective=0.000140209777807 qs=0.0001377367513 aspect=8.00157258593 mean_iota=-1.21520080003 solver_iterations=3173
evaluation=784 objective=0.000182650715963 qs=0.000159025381447 aspect=7.99513941007 mean_iota=-1.21429094145 solver_iterations=3210
evaluation=785 objective=0.000148684073132 qs=0.000148667864868 aspect=7.99987268832 mean_iota=-1.21480612551 solver_iterations=3265
evaluation=786 objective=0.000122258512512 qs=0.000122257812759 aspect=8.00002645285 mean_iota=-1.21487211162 solver_iterations=3232
evaluation=787 objective=0.000120186059403 qs=0.000120185347291 aspect=8.00002668542 mean_iota=-1.21487515757 solver_iterations=3269
evaluation=788 objective=0.000120177148355 qs=0.000120176426812 aspect=8.00002686155 mean_iota=-1.21487581702 solver_iterations=3276
evaluation=789 objective=0.000120390420755 qs=0.00012038657004 aspect=8.00006205413 mean_iota=-1.21486446159 solver_iterations=3281
evaluation=790 objective=0.000120576567056 qs=0.000120417285657 aspect=7.99960089926 mean_iota=-1.21484372757 solver_iterations=3279
evaluation=791 objective=0.000120579202282 qs=0.000120578485496 aspect=7.99997322714 mean_iota=-1.21491019553 solver_iterations=3280
evaluation=792 objective=0.000120275243065 qs=0.000120274240401 aspect=8.00003166487 mean_iota=-1.21487847097 solver_iterations=3277
evaluation=793 objective=0.000120197395527 qs=0.000120196663792 aspect=8.00002705061 mean_iota=-1.21487544216 solver_iterations=3274
evaluation=794 objective=0.000120168010214 qs=0.000120167301281 aspect=8.00002662579 mean_iota=-1.21487512761 solver_iterations=3270
evaluation=795 objective=0.000120164857529 qs=0.000120164148267 aspect=8.00002663197 mean_iota=-1.21487529356 solver_iterations=3272
evaluation=796 objective=0.000120182674334 qs=0.000120182331804 aspect=8.00001850758 mean_iota=-1.21489699432 solver_iterations=3279
evaluation=797 objective=0.000120163285547 qs=0.000120162543961 aspect=8.00002723208 mean_iota=-1.21487214896 solver_iterations=3274
evaluation=798 objective=0.000120167417278 qs=0.000120166680228 aspect=8.00002714866 mean_iota=-1.21487424907 solver_iterations=3270
evaluation=799 objective=0.000120169625147 qs=0.000120168895669 aspect=8.00002700885 mean_iota=-1.21487470312 solver_iterations=3269
evaluation=800 objective=0.000120167083563 qs=0.000120166374489 aspect=8.00002662844 mean_iota=-1.21487511713 solver_iterations=3269
evaluation=801 objective=0.000120171078023 qs=0.000120170369804 aspect=8.00002661238 mean_iota=-1.21487514042 solver_iterations=3269
evaluation=802 objective=0.000120166888048 qs=0.000120166180039 aspect=8.00002660844 mean_iota=-1.21487513924 solver_iterations=3269
accepted mode=3 iteration=15 objective=0.000120166888048
   15    787    6.008344402e-05     0.013900770320.0001216124458
evaluation=803 objective=0.000120174320813 qs=0.000120172070097 aspect=8.00004744171 mean_iota=-1.214850973 solver_iterations=3285
evaluation=804 objective=0.000120264456665 qs=0.000120262576754 aspect=8.00004335794 mean_iota=-1.21477758486 solver_iterations=3264
evaluation=805 objective=0.000120190765364 qs=0.000120189477019 aspect=8.00003589353 mean_iota=-1.2148319324 solver_iterations=3280
evaluation=806 objective=0.000120187096356 qs=0.00012018618664 aspect=8.0000301615 mean_iota=-1.21486470911 solver_iterations=3275
evaluation=807 objective=0.000120167462327 qs=0.000120166712787 aspect=8.00002737773 mean_iota=-1.2148729667 solver_iterations=3272
evaluation=808 objective=0.00012016921421 qs=0.000120168501337 aspect=8.00002669969 mean_iota=-1.2148747489 solver_iterations=3270
evaluation=809 objective=0.000120172172782 qs=0.000120171464326 aspect=8.00002661684 mean_iota=-1.21487502873 solver_iterations=3268
evaluation=810 objective=0.00012017243095 qs=0.000120171722887 aspect=8.00002660945 mean_iota=-1.21487510429 solver_iterations=3268
evaluation=811 objective=0.00012017250804 qs=0.000120171800021 aspect=8.00002660863 mean_iota=-1.2148751219 solver_iterations=3268
evaluation=812 objective=0.000120172528966 qs=0.000120171820954 aspect=8.00002660848 mean_iota=-1.21487512616 solver_iterations=3268
evaluation=813 objective=0.00012017253366 qs=0.00012017182565 aspect=8.00002660845 mean_iota=-1.21487512726 solver_iterations=3268
evaluation=814 objective=0.000120172535417 qs=0.000120171827408 aspect=8.00002660845 mean_iota=-1.21487512751 solver_iterations=3268
evaluation=815 objective=0.000120172535462 qs=0.000120171827452 aspect=8.00002660844 mean_iota=-1.21487512759 solver_iterations=3268
evaluation=816 objective=0.000120172535486 qs=0.000120171827476 aspect=8.00002660844 mean_iota=-1.21487512761 solver_iterations=3268
evaluation=817 objective=0.000120172535634 qs=0.000120171827624 aspect=8.00002660844 mean_iota=-1.2148751276 solver_iterations=3268
evaluation=818 objective=0.000120172535658 qs=0.000120171827648 aspect=8.00002660844 mean_iota=-1.2148751276 solver_iterations=3268
evaluation=819 objective=0.000120172535679 qs=0.00012017182767 aspect=8.00002660844 mean_iota=-1.2148751276 solver_iterations=3268
evaluation=820 objective=0.000120172535397 qs=0.000120171827388 aspect=8.00002660844 mean_iota=-1.21487512763 solver_iterations=3268
evaluation=821 objective=0.000120172535757 qs=0.000120171827748 aspect=8.00002660844 mean_iota=-1.21487512759 solver_iterations=3268
evaluation=822 objective=0.000120172535495 qs=0.000120171827486 aspect=8.00002660844 mean_iota=-1.21487512761 solver_iterations=3268
evaluation=823 objective=0.000120172535525 qs=0.000120171827515 aspect=8.00002660844 mean_iota=-1.21487512761 solver_iterations=3268
finished max_mode=3 status=The step size satisfies xtol. objective=0.000120166888048 evaluations=807 iterations=15 equilibrium_evaluations=823 nonlinear_iterations=2568675 analytic_jacobians=0 linear_iterations=0
beginning max_mode=4 variables=80 jacobian_method=finite-difference
evaluation=1 objective=0.000120172535633 qs=0.000120171827623 aspect=8.00002660844 mean_iota=-1.2148751276 solver_iterations=3268
evaluation=2 objective=0.000130738049223 qs=0.000130735128757 aspect=8.00005404134 mean_iota=-1.21502626897 solver_iterations=3260
evaluation=3 objective=0.000120830770888 qs=0.000120830109474 aspect=8.00002571798 mean_iota=-1.21487597767 solver_iterations=3277
evaluation=4 objective=0.000120172963319 qs=0.00012017225546 aspect=8.00002660562 mean_iota=-1.21487510974 solver_iterations=3268
evaluation=5 objective=0.000120176707942 qs=0.000120175999947 aspect=8.00002660819 mean_iota=-1.21487512017 solver_iterations=3268
evaluation=6 objective=0.000120171387788 qs=0.000120170679351 aspect=8.00002661648 mean_iota=-1.21487512995 solver_iterations=3267
evaluation=7 objective=0.000120338633041 qs=0.0001203378998 aspect=8.00002707843 mean_iota=-1.21487469058 solver_iterations=3256
evaluation=8 objective=0.000130050076413 qs=0.000130050038194 aspect=7.99999381784 mean_iota=-1.21485166721 solver_iterations=3158
evaluation=9 objective=0.000242553382511 qs=0.000242458777431 aspect=7.99969242061 mean_iota=-1.21427352281 solver_iterations=3161
evaluation=10 objective=0.000213266072543 qs=0.000197506124198 aspect=7.99603011986 mean_iota=-1.21452439603 solver_iterations=3141
evaluation=11 objective=0.000137431935012 qs=0.000137424116627 aspect=7.99991157837 mean_iota=-1.2148201329 solver_iterations=3165
evaluation=12 objective=0.000121617793167 qs=0.000121617044287 aspect=8.00002736566 mean_iota=-1.21487367621 solver_iterations=3263
evaluation=13 objective=0.000120187796028 qs=0.000120187083567 aspect=8.00002669197 mean_iota=-1.21487516178 solver_iterations=3267
evaluation=14 objective=0.000120176850137 qs=0.000120176141983 aspect=8.00002661116 mean_iota=-1.21487513294 solver_iterations=3268
evaluation=15 objective=0.000120167314023 qs=0.000120166607407 aspect=8.00002658224 mean_iota=-1.21487519275 solver_iterations=3270
evaluation=16 objective=0.00012019689133 qs=0.000120196230412 aspect=8.00002570832 mean_iota=-1.21487491092 solver_iterations=3276
evaluation=17 objective=0.000120171644227 qs=0.000120170845696 aspect=8.00002825829 mean_iota=-1.21487526132 solver_iterations=3270
evaluation=18 objective=0.000120528016542 qs=0.000120419760195 aspect=7.99967097668 mean_iota=-1.2149198299 solver_iterations=3278
evaluation=19 objective=0.000120870254555 qs=0.000120869927438 aspect=8.00001808637 mean_iota=-1.21492932976 solver_iterations=3278
evaluation=20 objective=0.000120275648085 qs=0.000120274596221 aspect=8.00003243244 mean_iota=-1.21487767628 solver_iterations=3277
evaluation=21 objective=0.000120209416789 qs=0.000120208679589 aspect=8.00002715143 mean_iota=-1.21487533659 solver_iterations=3272
evaluation=22 objective=0.000120171955773 qs=0.000120171246861 aspect=8.0000266254 mean_iota=-1.21487520069 solver_iterations=3270
evaluation=23 objective=0.000120208216721 qs=0.000120207508566 aspect=8.00002661118 mean_iota=-1.21487511859 solver_iterations=3268
evaluation=24 objective=0.000120170640356 qs=0.000120169931387 aspect=8.00002662647 mean_iota=-1.21487511982 solver_iterations=3268
evaluation=25 objective=0.000120171734762 qs=0.000120171010525 aspect=8.00002691165 mean_iota=-1.21487461611 solver_iterations=3270
evaluation=26 objective=0.000120169456572 qs=0.00012016896141 aspect=8.00002225223 mean_iota=-1.21486754651 solver_iterations=3268
evaluation=27 objective=0.000120169900298 qs=0.000120169134431 aspect=8.00002767429 mean_iota=-1.21487008828 solver_iterations=3267
evaluation=28 objective=0.000120171499074 qs=0.00012017073849 aspect=8.00002757868 mean_iota=-1.2148737228 solver_iterations=3265
evaluation=29 objective=0.00012017355654 qs=0.000120172828396 aspect=8.00002698415 mean_iota=-1.21487474083 solver_iterations=3267
evaluation=30 objective=0.000120172688647 qs=0.000120171979797 aspect=8.00002662424 mean_iota=-1.21487511665 solver_iterations=3268
evaluation=31 objective=0.000120171962369 qs=0.000120171254179 aspect=8.00002661184 mean_iota=-1.214875132 solver_iterations=3268
evaluation=32 objective=0.000120179912764 qs=0.000120179204702 aspect=8.00002660943 mean_iota=-1.21487513154 solver_iterations=3268
evaluation=33 objective=0.00012015826592 qs=0.000120157558098 aspect=8.00002660492 mean_iota=-1.21487509882 solver_iterations=3268
evaluation=34 objective=0.000120171036995 qs=0.000120170330727 aspect=8.0000265757 mean_iota=-1.21487519254 solver_iterations=3268
evaluation=35 objective=0.000120171265981 qs=0.00012017055536 aspect=8.00002665747 mean_iota=-1.21487508988 solver_iterations=3268
evaluation=36 objective=0.000120168739528 qs=0.000120168028551 aspect=8.00002666416 mean_iota=-1.21487533128 solver_iterations=3267
evaluation=37 objective=0.000120171844297 qs=0.000120171135112 aspect=8.00002663053 mean_iota=-1.21487531038 solver_iterations=3267
evaluation=38 objective=0.000120168565767 qs=0.000120167857709 aspect=8.00002660937 mean_iota=-1.21487519592 solver_iterations=3267
evaluation=39 objective=0.000120174152278 qs=0.000120173444228 aspect=8.00002660921 mean_iota=-1.21487515231 solver_iterations=3267
evaluation=40 objective=0.000120169386544 qs=0.000120168678509 aspect=8.00002660893 mean_iota=-1.21487514103 solver_iterations=3267
evaluation=41 objective=0.000120224254933 qs=0.000120223546917 aspect=8.00002660857 mean_iota=-1.21487513814 solver_iterations=3267
evaluation=42 objective=0.000124867252108 qs=0.000124866544098 aspect=8.00002660844 mean_iota=-1.21505707793 solver_iterations=3279
evaluation=43 objective=0.000120650909749 qs=0.00012065020174 aspect=8.00002660844 mean_iota=-1.21487637894 solver_iterations=3277
evaluation=44 objective=0.000120173072373 qs=0.000120172364364 aspect=8.00002660844 mean_iota=-1.21487510907 solver_iterations=3268
evaluation=45 objective=0.000120165630607 qs=0.000120164922598 aspect=8.00002660844 mean_iota=-1.21487511964 solver_iterations=3268
evaluation=46 objective=0.000120172387929 qs=0.000120171680361 aspect=8.00002660016 mean_iota=-1.21487512518 solver_iterations=3268
evaluation=47 objective=0.000120390215621 qs=0.000120389544376 aspect=8.0000259084 mean_iota=-1.21487554745 solver_iterations=3276
evaluation=48 objective=0.000132188105006 qs=0.000132186068126 aspect=8.0000451318 mean_iota=-1.21489762097 solver_iterations=3280
evaluation=49 objective=0.000140218567212 qs=0.000137745540705 aspect=8.00157258593 mean_iota=-1.21520079422 solver_iterations=3173
evaluation=50 objective=0.000182652182644 qs=0.000159026848128 aspect=7.99513941007 mean_iota=-1.21429130088 solver_iterations=3210
evaluation=51 objective=0.000148691495996 qs=0.000148675287732 aspect=7.99987268832 mean_iota=-1.21480611519 solver_iterations=3265
evaluation=52 objective=0.000122271276344 qs=0.000122270576591 aspect=8.00002645285 mean_iota=-1.21487192196 solver_iterations=3226
evaluation=53 objective=0.000120192371858 qs=0.000120191659747 aspect=8.00002668542 mean_iota=-1.21487514683 solver_iterations=3267
evaluation=54 objective=0.000120169903399 qs=0.000120169195247 aspect=8.00002661113 mean_iota=-1.21487513132 solver_iterations=3268
evaluation=55 objective=0.00012017962079 qs=0.000120178911456 aspect=8.00002663332 mean_iota=-1.21487513668 solver_iterations=3268
evaluation=56 objective=0.000120183303837 qs=0.000120182582294 aspect=8.00002686155 mean_iota=-1.21487580941 solver_iterations=3274
evaluation=57 objective=0.00012039742143 qs=0.000120393570715 aspect=8.00006205413 mean_iota=-1.21486441572 solver_iterations=3280
evaluation=58 objective=0.000120583191384 qs=0.000120423909985 aspect=7.99960089926 mean_iota=-1.21484371977 solver_iterations=3279
evaluation=59 objective=0.000120585559566 qs=0.00012058484278 aspect=7.99997322714 mean_iota=-1.21491018661 solver_iterations=3280
evaluation=60 objective=0.000120281678887 qs=0.000120280676223 aspect=8.00003166487 mean_iota=-1.21487846606 solver_iterations=3277
evaluation=61 objective=0.000120203503855 qs=0.00012020277212 aspect=8.00002705061 mean_iota=-1.21487543429 solver_iterations=3272
evaluation=62 objective=0.000120173364027 qs=0.000120172655094 aspect=8.00002662579 mean_iota=-1.21487513768 solver_iterations=3269
evaluation=63 objective=0.00012013627955 qs=0.000120135571382 aspect=8.00002661142 mean_iota=-1.21487512001 solver_iterations=3268
evaluation=64 objective=0.000120172775881 qs=0.00012017206884 aspect=8.00002659025 mean_iota=-1.21487520375 solver_iterations=3270
evaluation=65 objective=0.000120171096504 qs=0.000120170387242 aspect=8.00002663197 mean_iota=-1.21487528416 solver_iterations=3270
evaluation=66 objective=0.000120189256397 qs=0.000120188913866 aspect=8.00001850758 mean_iota=-1.21489698939 solver_iterations=3279
evaluation=67 objective=0.000120169842956 qs=0.00012016910137 aspect=8.00002723208 mean_iota=-1.2148721435 solver_iterations=3274
evaluation=68 objective=0.000120171224654 qs=0.000120170487604 aspect=8.00002714866 mean_iota=-1.21487432468 solver_iterations=3270
evaluation=69 objective=0.000120175287693 qs=0.000120174558215 aspect=8.00002700885 mean_iota=-1.21487469117 solver_iterations=3268
evaluation=70 objective=0.000120172728419 qs=0.000120172019345 aspect=8.00002662844 mean_iota=-1.21487510549 solver_iterations=3268
evaluation=71 objective=0.000120176715226 qs=0.000120176007007 aspect=8.00002661238 mean_iota=-1.21487512877 solver_iterations=3268
evaluation=72 objective=0.000120102641449 qs=0.000120101933389 aspect=8.00002660939 mean_iota=-1.21487513266 solver_iterations=3268
evaluation=73 objective=0.000120159107856 qs=0.000120158399515 aspect=8.00002661468 mean_iota=-1.21487515217 solver_iterations=3268
evaluation=74 objective=0.000120167627553 qs=0.000120166920484 aspect=8.00002659077 mean_iota=-1.21487510545 solver_iterations=3268
evaluation=75 objective=0.000120172181009 qs=0.000120171470304 aspect=8.00002665905 mean_iota=-1.21487466418 solver_iterations=3267
evaluation=76 objective=0.000120172041308 qs=0.000120171330066 aspect=8.00002666912 mean_iota=-1.21487507139 solver_iterations=3267
evaluation=77 objective=0.000120172638886 qs=0.00012017192892 aspect=8.00002664518 mean_iota=-1.21487529065 solver_iterations=3267
evaluation=78 objective=0.00012016976123 qs=0.000120169053004 aspect=8.00002661253 mean_iota=-1.21487520742 solver_iterations=3267
evaluation=79 objective=0.000120169399023 qs=0.000120168690954 aspect=8.00002660955 mean_iota=-1.21487515845 solver_iterations=3267
evaluation=80 objective=0.000120143873415 qs=0.000120143165384 aspect=8.00002660885 mean_iota=-1.2148751409 solver_iterations=3267
evaluation=81 objective=0.000120203483977 qs=0.000120202775962 aspect=8.00002660855 mean_iota=-1.21487513747 solver_iterations=3267
 iter   nfev              cost        optimality       radius
    0     81    6.008626782e-05      0.3635375195 0.2930756358
evaluation=82 objective=0.0789437495711 qs=0.0754785342922 aspect=7.94113392081 mean_iota=-1.21512766278 solver_iterations=2537
evaluation=83 objective=0.000339278146195 qs=0.000325015988055 aspect=7.99622347274 mean_iota=-1.22225226297 solver_iterations=2872
evaluation=84 objective=0.000111059066228 qs=0.000110920920565 aspect=7.99962832048 mean_iota=-1.21524829377 solver_iterations=3031
evaluation=85 objective=0.000130501023174 qs=0.000130382944107 aspect=7.99965637365 mean_iota=-1.215398458 solver_iterations=3030
evaluation=86 objective=0.000111358037277 qs=0.000111219209878 aspect=7.99962740451 mean_iota=-1.21524905441 solver_iterations=3031
evaluation=87 objective=0.000110806676952 qs=0.000110668522939 aspect=7.99962830925 mean_iota=-1.21524823299 solver_iterations=3031
evaluation=88 objective=0.00011096049931 qs=0.000110822353359 aspect=7.9996283201 mean_iota=-1.21524828534 solver_iterations=3031
evaluation=89 objective=0.000110924333882 qs=0.000110786193471 aspect=7.99962832755 mean_iota=-1.21524829731 solver_iterations=3031
evaluation=90 objective=0.000110932506231 qs=0.000110794829391 aspect=7.9996289517 mean_iota=-1.21524800649 solver_iterations=3031
evaluation=91 objective=0.000130112488435 qs=0.000129947339906 aspect=7.99959361529 mean_iota=-1.21522249535 solver_iterations=3027
evaluation=92 objective=0.000261529981569 qs=0.000261046916445 aspect=7.99930497113 mean_iota=-1.21465218422 solver_iterations=3036
evaluation=93 objective=0.000232125927088 qs=0.000213238970972 aspect=7.99565408742 mean_iota=-1.21490278587 solver_iterations=3003
evaluation=94 objective=0.000136051289314 qs=0.000135809713835 aspect=7.99950849671 mean_iota=-1.21519601397 solver_iterations=3044
evaluation=95 objective=0.000112325603326 qs=0.000112187873984 aspect=7.99962888096 mean_iota=-1.21524661266 solver_iterations=3028
evaluation=96 objective=0.000110201834935 qs=0.000110063777244 aspect=7.99962843885 mean_iota=-1.2152483544 solver_iterations=3031
evaluation=97 objective=0.000110880223287 qs=0.0001107420798 aspect=7.99962832341 mean_iota=-1.21524830085 solver_iterations=3031
evaluation=98 objective=0.000111197820325 qs=0.000111059654202 aspect=7.99962829296 mean_iota=-1.21524828363 solver_iterations=3031
evaluation=99 objective=0.000111632155063 qs=0.000111493407648 aspect=7.99962751186 mean_iota=-1.21524809791 solver_iterations=3031
evaluation=100 objective=0.000111074891204 qs=0.000110937363769 aspect=7.99962915308 mean_iota=-1.21524832665 solver_iterations=3031
evaluation=101 objective=0.000111975294813 qs=0.000111429440557 aspect=7.9992611805 mean_iota=-1.21529686916 solver_iterations=3106
evaluation=102 objective=0.000111480173039 qs=0.000111337598985 aspect=7.9996224102 mean_iota=-1.21530362649 solver_iterations=3089
evaluation=103 objective=0.000111512957999 qs=0.000111379531325 aspect=7.99963472384 mean_iota=-1.21525090206 solver_iterations=3031
evaluation=104 objective=0.000110585357539 qs=0.000110447655758 aspect=7.99962891809 mean_iota=-1.21524831769 solver_iterations=3031
evaluation=105 objective=0.000110699773251 qs=0.000110561648226 aspect=7.99962834825 mean_iota=-1.21524827363 solver_iterations=3031
evaluation=106 objective=0.000110831255778 qs=0.000110693112488 aspect=7.99962832368 mean_iota=-1.21524828791 solver_iterations=3031
evaluation=107 objective=0.000111017112202 qs=0.000110878984011 aspect=7.99962834399 mean_iota=-1.21524829686 solver_iterations=3031
evaluation=108 objective=0.000110972061122 qs=0.000110834207709 aspect=7.99962871384 mean_iota=-1.21524750959 solver_iterations=3031
evaluation=109 objective=0.000111005831354 qs=0.000110864506548 aspect=7.99962406808 mean_iota=-1.21524124678 solver_iterations=3031
evaluation=110 objective=0.000111052374743 qs=0.000110915128937 aspect=7.99962953299 mean_iota=-1.21524278691 solver_iterations=3031
evaluation=111 objective=0.000111072590661 qs=0.000110934910683 aspect=7.99962894747 mean_iota=-1.21524719513 solver_iterations=3031
evaluation=112 objective=0.000111036541482 qs=0.000110898481721 aspect=7.99962843606 mean_iota=-1.21524808629 solver_iterations=3031
evaluation=113 objective=0.000110768929069 qs=0.000110630791589 aspect=7.99962833149 mean_iota=-1.21524828114 solver_iterations=3031
evaluation=114 objective=0.00011083302577 qs=0.000110694882551 aspect=7.99962832377 mean_iota=-1.21524830597 solver_iterations=3031
evaluation=115 objective=0.000110828861792 qs=0.0001106907174 aspect=7.99962832219 mean_iota=-1.21524829994 solver_iterations=3031
evaluation=116 objective=0.00011107502118 qs=0.000110936876933 aspect=7.99962832239 mean_iota=-1.21524829119 solver_iterations=3031
evaluation=117 objective=0.000111067382465 qs=0.000110929202559 aspect=7.99962827442 mean_iota=-1.21524837469 solver_iterations=3031
evaluation=118 objective=0.000111057594987 qs=0.000110919482208 aspect=7.99962836472 mean_iota=-1.21524825898 solver_iterations=3031
evaluation=119 objective=0.00011105671664 qs=0.000110918686857 aspect=7.9996284764 mean_iota=-1.21524887095 solver_iterations=3031
evaluation=120 objective=0.000111055378535 qs=0.000110917249126 aspect=7.99962834235 mean_iota=-1.21524852863 solver_iterations=3031
evaluation=121 objective=0.000111021572369 qs=0.000110883429713 aspect=7.99962832453 mean_iota=-1.21524836423 solver_iterations=3031
evaluation=122 objective=0.000110976150539 qs=0.000110838010629 aspect=7.99962832822 mean_iota=-1.21524828994 solver_iterations=3031
evaluation=123 objective=0.000110901366896 qs=0.000110763223318 aspect=7.99962832329 mean_iota=-1.21524828333 solver_iterations=3031
evaluation=124 objective=0.000110942925901 qs=0.00011080478088 aspect=7.99962832135 mean_iota=-1.21524828531 solver_iterations=3031
evaluation=125 objective=0.000110099892154 qs=0.000109961746491 aspect=7.99962832048 mean_iota=-1.21543317156 solver_iterations=3034
evaluation=126 objective=0.000112505439634 qs=0.000112367293971 aspect=7.99962832048 mean_iota=-1.21524999246 solver_iterations=3031
evaluation=127 objective=0.000111177348036 qs=0.000111039202373 aspect=7.99962832048 mean_iota=-1.21524824015 solver_iterations=3031
evaluation=128 objective=0.000111137252896 qs=0.000110999107233 aspect=7.99962832048 mean_iota=-1.2152482839 solver_iterations=3031
evaluation=129 objective=0.000110903110688 qs=0.000110764957257 aspect=7.99962831003 mean_iota=-1.21524828998 solver_iterations=3031
evaluation=130 objective=0.000109776790817 qs=0.000109638212595 aspect=7.99962773904 mean_iota=-1.21524855624 solver_iterations=3031
evaluation=131 objective=0.000129861153176 qs=0.000129737259371 aspect=7.99964801448 mean_iota=-1.21527461633 solver_iterations=3051
evaluation=132 objective=0.000139856756514 qs=0.000138492584358 aspect=8.00116797781 mean_iota=-1.21557330727 solver_iterations=3027
evaluation=133 objective=0.000164069892192 qs=0.000136616782964 aspect=7.99476042853 mean_iota=-1.21466903068 solver_iterations=3103
evaluation=134 objective=0.000135035499389 qs=0.000134756497755 aspect=7.99947179395 mean_iota=-1.21517267851 solver_iterations=3026
evaluation=135 objective=0.000119858111188 qs=0.00011971988361 aspect=7.9996282103 mean_iota=-1.21524560044 solver_iterations=3031
evaluation=136 objective=0.000112414176405 qs=0.000112276092143 aspect=7.99962840309 mean_iota=-1.21524834515 solver_iterations=3031
evaluation=137 objective=0.000111181682778 qs=0.00011104353892 aspect=7.99962832291 mean_iota=-1.21524830065 solver_iterations=3031
evaluation=138 objective=0.000111228104652 qs=0.000111089984488 aspect=7.99962835479 mean_iota=-1.21524831073 solver_iterations=3031
evaluation=139 objective=0.000111740819603 qs=0.000111602822986 aspect=7.99962852104 mean_iota=-1.21524890448 solver_iterations=3031
evaluation=140 objective=0.000113034278111 qs=0.000112922630811 aspect=7.99966586335 mean_iota=-1.21523879531 solver_iterations=3048
evaluation=141 objective=0.00011312031545 qs=0.000112462247597 aspect=7.99918878618 mean_iota=-1.21521714649 solver_iterations=3068
evaluation=142 objective=0.000111559143013 qs=0.000111380855774 aspect=7.99957775926 mean_iota=-1.21528601747 solver_iterations=3049
evaluation=143 objective=0.000112232098295 qs=0.000112097788501 aspect=7.99963351699 mean_iota=-1.21525221231 solver_iterations=3031
evaluation=144 objective=0.000112451268301 qs=0.000112313464949 aspect=7.99962878126 mean_iota=-1.21524850229 solver_iterations=3031
evaluation=145 objective=0.000111282343171 qs=0.000111144222513 aspect=7.99962835412 mean_iota=-1.21524827657 solver_iterations=3031
evaluation=146 objective=0.000111040127772 qs=0.000110901984202 aspect=7.9996283233 mean_iota=-1.21524828887 solver_iterations=3031
evaluation=147 objective=0.000111025762795 qs=0.000110887602947 aspect=7.9996283014 mean_iota=-1.21524829978 solver_iterations=3031
evaluation=148 objective=0.000111044127818 qs=0.000110906009168 aspect=7.99962835682 mean_iota=-1.2152483952 solver_iterations=3031
evaluation=149 objective=0.000111028018735 qs=0.000110883208848 aspect=7.99961946106 mean_iota=-1.21527188561 solver_iterations=3034
evaluation=150 objective=0.000111025403815 qs=0.000110887813957 aspect=7.99962906893 mean_iota=-1.21524464808 solver_iterations=3031
evaluation=151 objective=0.000111094694597 qs=0.000110957051331 aspect=7.99962899695 mean_iota=-1.21524721745 solver_iterations=3031
evaluation=152 objective=0.000111217135872 qs=0.000111079196314 aspect=7.99962859785 mean_iota=-1.21524781642 solver_iterations=3031
evaluation=153 objective=0.000111318307109 qs=0.000111180174681 aspect=7.99962833829 mean_iota=-1.2152482185 solver_iterations=3031
evaluation=154 objective=0.000111031423288 qs=0.000110893279277 aspect=7.99962832271 mean_iota=-1.21524829748 solver_iterations=3031
evaluation=155 objective=0.000110901053289 qs=0.000110762908656 aspect=7.99962832187 mean_iota=-1.21524829768 solver_iterations=3031
evaluation=156 objective=0.000111066823911 qs=0.000110928676727 aspect=7.99962831844 mean_iota=-1.21524831863 solver_iterations=3031
evaluation=157 objective=0.000111063619161 qs=0.000110925460563 aspect=7.99962830308 mean_iota=-1.21524830101 solver_iterations=3031
evaluation=158 objective=0.000111065420637 qs=0.000110927312217 aspect=7.99962837059 mean_iota=-1.21524781978 solver_iterations=3031
evaluation=159 objective=0.000111058715804 qs=0.000110920594841 aspect=7.99962835371 mean_iota=-1.21524824728 solver_iterations=3031
evaluation=160 objective=0.000111064062883 qs=0.000110925933188 aspect=7.99962834196 mean_iota=-1.2152484544 solver_iterations=3031
evaluation=161 objective=0.00011108856273 qs=0.000110950413174 aspect=7.99962831525 mean_iota=-1.21524835331 solver_iterations=3031
evaluation=162 objective=0.000111057877193 qs=0.000110919736241 aspect=7.99962832682 mean_iota=-1.21524829994 solver_iterations=3031
evaluation=163 objective=0.000110975852053 qs=0.000110837708478 aspect=7.99962832329 mean_iota=-1.21524828444 solver_iterations=3031
evaluation=164 objective=0.000110976745561 qs=0.000110838600562 aspect=7.99962832138 mean_iota=-1.21524828345 solver_iterations=3031
evaluation=165 objective=0.000111059066228 qs=0.000110920920565 aspect=7.99962832048 mean_iota=-1.21524829377 solver_iterations=3031
accepted mode=4 iteration=1 objective=0.000111059066228
    1    164    5.552953311e-05       1.1619732810.0006811114537
evaluation=166 objective=7.64904839494e-05 qs=7.64904790661e-05 aspect=8.00000220983 mean_iota=-1.21632364056 solver_iterations=3067
evaluation=167 objective=8.7473891755e-05 qs=8.7472974038e-05 aspect=8.00003029384 mean_iota=-1.21647403229 solver_iterations=3068
evaluation=168 objective=7.74565942735e-05 qs=7.74565925683e-05 aspect=8.00000130584 mean_iota=-1.21632202285 solver_iterations=3084
evaluation=169 objective=7.64723032325e-05 qs=7.6472298396e-05 aspect=8.00000219921 mean_iota=-1.21632358342 solver_iterations=3067
evaluation=170 objective=7.64967580868e-05 qs=7.64967532051e-05 aspect=8.00000220946 mean_iota=-1.21632363239 solver_iterations=3067
evaluation=171 objective=7.64902940288e-05 qs=7.6490289114e-05 aspect=8.00000221692 mean_iota=-1.21632364441 solver_iterations=3067
evaluation=172 objective=7.69621390857e-05 qs=7.69621308208e-05 aspect=8.00000287488 mean_iota=-1.21632331745 solver_iterations=3067
evaluation=173 objective=8.75028114537e-05 qs=8.75016805335e-05 aspect=7.99996637084 mean_iota=-1.21629819041 solver_iterations=3066
evaluation=174 objective=0.000201015317703 qs=0.000200913510947 aspect=7.99968092829 mean_iota=-1.21572670044 solver_iterations=3083
evaluation=175 objective=0.00017184296884 qs=0.000156101951824 aspect=7.99603250494 mean_iota=-1.21597463217 solver_iterations=3083
evaluation=176 objective=9.47048826528e-05 qs=9.46907105175e-05 aspect=7.99988095322 mean_iota=-1.21626908708 solver_iterations=3084
evaluation=177 objective=7.80139693281e-05 qs=7.80139619294e-05 aspect=8.00000272007 mean_iota=-1.21632198847 solver_iterations=3067
evaluation=178 objective=7.66165376851e-05 qs=7.66165322582e-05 aspect=8.00000232959 mean_iota=-1.2163237008 solver_iterations=3067
evaluation=179 objective=7.64857266889e-05 qs=7.64857217918e-05 aspect=8.00000221292 mean_iota=-1.21632364765 solver_iterations=3067
evaluation=180 objective=7.64947226868e-05 qs=7.6494717929e-05 aspect=8.00000218124 mean_iota=-1.21632362662 solver_iterations=3067
evaluation=181 objective=7.65822734314e-05 qs=7.65822717032e-05 aspect=8.00000131459 mean_iota=-1.21632108833 solver_iterations=3084
evaluation=182 objective=7.64907291663e-05 qs=7.64907169298e-05 aspect=8.00000349807 mean_iota=-1.21632368762 solver_iterations=3067
evaluation=183 objective=7.68847078629e-05 qs=7.6751836425e-05 aspect=7.99963548465 mean_iota=-1.21636950551 solver_iterations=3082
evaluation=184 objective=7.72165337631e-05 qs=7.7216509134e-05 aspect=7.99999503723 mean_iota=-1.21637646279 solver_iterations=3084
evaluation=185 objective=7.66234823935e-05 qs=7.66234062438e-05 aspect=8.00000872638 mean_iota=-1.21632381281 solver_iterations=3082
evaluation=186 objective=7.66953586575e-05 qs=7.66953508768e-05 aspect=8.00000278939 mean_iota=-1.21632135069 solver_iterations=3084
evaluation=187 objective=7.64839167817e-05 qs=7.64839117586e-05 aspect=8.00000224123 mean_iota=-1.21632361657 solver_iterations=3067
evaluation=188 objective=7.64965142317e-05 qs=7.64965093334e-05 aspect=8.00000221322 mean_iota=-1.21632363391 solver_iterations=3067
evaluation=189 objective=7.64903869006e-05 qs=7.6490381919e-05 aspect=8.00000223194 mean_iota=-1.21632364225 solver_iterations=3067
evaluation=190 objective=7.64898476706e-05 qs=7.64898408317e-05 aspect=8.00000261513 mean_iota=-1.21632278483 solver_iterations=3067
evaluation=191 objective=7.65528287905e-05 qs=7.65528226184e-05 aspect=7.99999751562 mean_iota=-1.2163137586 solver_iterations=3084
evaluation=192 objective=7.6491745222e-05 qs=7.64917338266e-05 aspect=8.00000337572 mean_iota=-1.21631803157 solver_iterations=3067
evaluation=193 objective=7.64871900972e-05 qs=7.64871822144e-05 aspect=8.00000280762 mean_iota=-1.21632256595 solver_iterations=3067
evaluation=194 objective=7.65017515278e-05 qs=7.65017459278e-05 aspect=8.00000236643 mean_iota=-1.21632331853 solver_iterations=3067
evaluation=195 objective=7.64719734068e-05 qs=7.64719684846e-05 aspect=8.00000221859 mean_iota=-1.21632362351 solver_iterations=3067
evaluation=196 objective=7.64958590673e-05 qs=7.64958541667e-05 aspect=8.00000221373 mean_iota=-1.21632365247 solver_iterations=3067
evaluation=197 objective=7.64924091991e-05 qs=7.64924043076e-05 aspect=8.00000221167 mean_iota=-1.21632364528 solver_iterations=3067
evaluation=198 objective=7.64912315625e-05 qs=7.64912266509e-05 aspect=8.0000022162 mean_iota=-1.21632364052 solver_iterations=3067
evaluation=199 objective=7.64906966353e-05 qs=7.64906919926e-05 aspect=8.00000215469 mean_iota=-1.21632372605 solver_iterations=3067
evaluation=200 objective=7.64910923116e-05 qs=7.64910872039e-05 aspect=8.00000226002 mean_iota=-1.21632361174 solver_iterations=3067
evaluation=201 objective=7.65512124585e-05 qs=7.65512067826e-05 aspect=8.0000023824 mean_iota=-1.21632197293 solver_iterations=3084
evaluation=202 objective=7.64943533842e-05 qs=7.64943483905e-05 aspect=8.00000223465 mean_iota=-1.21632399303 solver_iterations=3067
evaluation=203 objective=7.64856411671e-05 qs=7.64856362466e-05 aspect=8.00000221824 mean_iota=-1.21632371488 solver_iterations=3067
evaluation=204 objective=7.64917358475e-05 qs=7.64917309301e-05 aspect=8.00000221753 mean_iota=-1.21632363692 solver_iterations=3067
evaluation=205 objective=7.64867038218e-05 qs=7.6486698925e-05 aspect=8.00000221287 mean_iota=-1.21632362954 solver_iterations=3067
evaluation=206 objective=7.64903214747e-05 qs=7.64903165872e-05 aspect=8.00000221077 mean_iota=-1.21632362992 solver_iterations=3067
evaluation=207 objective=8.10525013221e-05 qs=8.10524964388e-05 aspect=8.00000220983 mean_iota=-1.21650629827 solver_iterations=3084
evaluation=208 objective=7.69051906263e-05 qs=7.6905185743e-05 aspect=8.00000220983 mean_iota=-1.21632290214 solver_iterations=3084
evaluation=209 objective=7.65073727491e-05 qs=7.65073678657e-05 aspect=8.00000220983 mean_iota=-1.21632359255 solver_iterations=3067
evaluation=210 objective=7.64838560471e-05 qs=7.64838511638e-05 aspect=8.00000220983 mean_iota=-1.21632363086 solver_iterations=3067
evaluation=211 objective=7.64801316189e-05 qs=7.64801267852e-05 aspect=8.00000219856 mean_iota=-1.21632363674 solver_iterations=3067
evaluation=212 objective=7.69578879436e-05 qs=7.69578851688e-05 aspect=8.00000166576 mean_iota=-1.216321577 solver_iterations=3084
evaluation=213 objective=9.02272665715e-05 qs=9.02267595332e-05 aspect=8.00002251751 mean_iota=-1.21634792682 solver_iterations=3082
evaluation=214 objective=9.63448602446e-05 qs=9.39671592407e-05 aspect=8.00154197957 mean_iota=-1.21664910698 solver_iterations=3074
evaluation=215 objective=0.000138640550006 qs=0.000114996312468 aspect=7.99513746593 mean_iota=-1.21574172477 solver_iterations=2984
evaluation=216 objective=0.000105692215912 qs=0.000105667802143 aspect=7.99984375094 mean_iota=-1.21624861267 solver_iterations=3067
evaluation=217 objective=7.89118021526e-05 qs=7.89117982093e-05 aspect=8.00000198577 mean_iota=-1.21632087488 solver_iterations=3067
evaluation=218 objective=7.6596157068e-05 qs=7.65961518149e-05 aspect=8.00000229198 mean_iota=-1.21632368813 solver_iterations=3067
evaluation=219 objective=7.64962438412e-05 qs=7.6496238947e-05 aspect=8.00000221229 mean_iota=-1.21632364733 solver_iterations=3067
evaluation=220 objective=7.65029682478e-05 qs=7.65029631702e-05 aspect=8.00000225336 mean_iota=-1.21632366127 solver_iterations=3067
evaluation=221 objective=7.65879740847e-05 qs=7.65879685031e-05 aspect=8.00000236254 mean_iota=-1.21632189868 solver_iterations=3084
evaluation=222 objective=7.67765513886e-05 qs=7.67748903395e-05 aspect=8.00004075597 mean_iota=-1.21631181399 solver_iterations=3084
evaluation=223 objective=7.69757374598e-05 qs=7.67845459726e-05 aspect=7.99956274551 mean_iota=-1.21629135942 solver_iterations=3086
evaluation=224 objective=7.69982664569e-05 qs=7.69958307061e-05 aspect=7.99995064667 mean_iota=-1.21635911295 solver_iterations=3082
evaluation=225 objective=7.6637195062e-05 qs=7.66371407746e-05 aspect=8.000007368 mean_iota=-1.2163250613 solver_iterations=3082
evaluation=226 objective=7.67337069718e-05 qs=7.67336997272e-05 aspect=8.00000269158 mean_iota=-1.21632153912 solver_iterations=3084
evaluation=227 objective=7.64862695512e-05 qs=7.64862645251e-05 aspect=8.00000224189 mean_iota=-1.21632362122 solver_iterations=3067
evaluation=228 objective=7.65002853421e-05 qs=7.6500280445e-05 aspect=8.00000221293 mean_iota=-1.21632363464 solver_iterations=3067
evaluation=229 objective=7.64897883148e-05 qs=7.64897834952e-05 aspect=8.00000219537 mean_iota=-1.21632364825 solver_iterations=3067
evaluation=230 objective=7.64892660006e-05 qs=7.6489260814e-05 aspect=8.00000227741 mean_iota=-1.21632380738 solver_iterations=3067
evaluation=231 objective=7.65474942208e-05 qs=7.65474411059e-05 aspect=7.99999271201 mean_iota=-1.21634573267 solver_iterations=3082
evaluation=232 objective=7.65539788522e-05 qs=7.65539690006e-05 aspect=8.00000313873 mean_iota=-1.21631672263 solver_iterations=3082
evaluation=233 objective=7.64861644035e-05 qs=7.64861542814e-05 aspect=8.00000318152 mean_iota=-1.21632212274 solver_iterations=3067
evaluation=234 objective=7.65213672826e-05 qs=7.65213609281e-05 aspect=8.00000252082 mean_iota=-1.21632302404 solver_iterations=3067
evaluation=235 objective=7.64810736886e-05 qs=7.64810687452e-05 aspect=8.00000222338 mean_iota=-1.21632355096 solver_iterations=3067
evaluation=236 objective=7.65017871245e-05 qs=7.65017822298e-05 aspect=8.00000221239 mean_iota=-1.216323643 solver_iterations=3067
evaluation=237 objective=7.64874590258e-05 qs=7.64874541357e-05 aspect=8.00000221138 mean_iota=-1.21632364304 solver_iterations=3067
evaluation=238 objective=7.64906945742e-05 qs=7.64906897049e-05 aspect=8.00000220663 mean_iota=-1.21632366656 solver_iterations=3067
evaluation=239 objective=7.65514689888e-05 qs=7.65514642916e-05 aspect=8.00000216731 mean_iota=-1.21632135635 solver_iterations=3084
evaluation=240 objective=7.64902463755e-05 qs=7.64902412754e-05 aspect=8.00000225834 mean_iota=-1.21632317275 solver_iterations=3067
evaluation=241 objective=7.64902293617e-05 qs=7.64902243344e-05 aspect=8.00000224216 mean_iota=-1.21632359583 solver_iterations=3067
evaluation=242 objective=7.64932985489e-05 qs=7.64932935757e-05 aspect=8.00000223008 mean_iota=-1.21632387688 solver_iterations=3067
evaluation=243 objective=7.64875685816e-05 qs=7.64875637134e-05 aspect=8.0000022064 mean_iota=-1.21632370353 solver_iterations=3067
evaluation=244 objective=7.64952370126e-05 qs=7.64952321033e-05 aspect=8.00000221569 mean_iota=-1.21632364682 solver_iterations=3067
evaluation=245 objective=7.64910872202e-05 qs=7.64910823242e-05 aspect=8.00000221269 mean_iota=-1.21632363072 solver_iterations=3067
evaluation=246 objective=7.64891316396e-05 qs=7.6489126752e-05 aspect=8.00000221077 mean_iota=-1.21632362939 solver_iterations=3067
evaluation=247 objective=7.64904839494e-05 qs=7.64904790661e-05 aspect=8.00000220983 mean_iota=-1.21632364056 solver_iterations=3067
accepted mode=4 iteration=2 objective=7.64904839494e-05
    2    245    3.824524197e-05      0.17174218270.001362222907
evaluation=248 objective=7.42049889496e-05 qs=7.42036662455e-05 aspect=7.999963631 mean_iota=-1.21847777432 solver_iterations=2970
evaluation=249 objective=8.49144705743e-05 qs=8.4914405203e-05 aspect=7.99999191475 mean_iota=-1.21862924507 solver_iterations=2971
evaluation=250 objective=7.50025239641e-05 qs=7.50011354918e-05 aspect=7.99996273779 mean_iota=-1.21847895423 solver_iterations=2973
evaluation=251 objective=7.41331881826e-05 qs=7.41318646677e-05 aspect=7.99996361986 mean_iota=-1.21847772657 solver_iterations=2970
evaluation=252 objective=7.42254203665e-05 qs=7.42240976341e-05 aspect=7.99996363061 mean_iota=-1.21847776673 solver_iterations=2970
evaluation=253 objective=7.41768425394e-05 qs=7.41755203412e-05 aspect=7.99996363796 mean_iota=-1.21847777527 solver_iterations=2970
evaluation=254 objective=7.44035369288e-05 qs=7.44022671681e-05 aspect=7.9999643663 mean_iota=-1.21847790522 solver_iterations=2972
evaluation=255 objective=8.43361350058e-05 qs=8.43306764247e-05 aspect=7.99992611779 mean_iota=-1.21845156374 solver_iterations=2977
evaluation=256 objective=0.000198914669538 qs=0.000198789369022 aspect=7.99964602187 mean_iota=-1.21788696014 solver_iterations=2927
evaluation=257 objective=0.000170907142729 qs=0.000154922762217 aspect=7.99600195291 mean_iota=-1.2181292793 solver_iterations=3012
evaluation=258 objective=9.25072785644e-05 qs=9.24813687536e-05 aspect=7.99983903475 mean_iota=-1.21842599524 solver_iterations=2934
evaluation=259 objective=7.48880013734e-05 qs=7.48867230361e-05 aspect=7.99996424616 mean_iota=-1.21847615504 solver_iterations=2976
evaluation=260 objective=7.43113794379e-05 qs=7.43100657561e-05 aspect=7.99996375525 mean_iota=-1.21847780271 solver_iterations=2970
evaluation=261 objective=7.41812262044e-05 qs=7.41799037472e-05 aspect=7.9999636344 mean_iota=-1.21847778069 solver_iterations=2970
evaluation=262 objective=7.42272247531e-05 qs=7.42258996476e-05 aspect=7.999963598 mean_iota=-1.21847777556 solver_iterations=2970
evaluation=263 objective=7.4252731417e-05 qs=7.42513329512e-05 aspect=7.99996260393 mean_iota=-1.2184777833 solver_iterations=2973
evaluation=264 objective=7.42025882434e-05 qs=7.42014622684e-05 aspect=7.99996644445 mean_iota=-1.21847789494 solver_iterations=2970
evaluation=265 objective=7.43327067676e-05 qs=7.41677079491e-05 aspect=7.99959379953 mean_iota=-1.21852735054 solver_iterations=2966
evaluation=266 objective=7.49592499872e-05 qs=7.49574680963e-05 aspect=7.99995778755 mean_iota=-1.21853460845 solver_iterations=2966
evaluation=267 objective=7.42049884667e-05 qs=7.42040807197e-05 aspect=7.99996987116 mean_iota=-1.21848031294 solver_iterations=2967
evaluation=268 objective=7.43431760673e-05 qs=7.43418934847e-05 aspect=7.99996418684 mean_iota=-1.21847787278 solver_iterations=2970
evaluation=269 objective=7.41470842014e-05 qs=7.41457636413e-05 aspect=7.99996366049 mean_iota=-1.21847776498 solver_iterations=2970
evaluation=270 objective=7.42135663869e-05 qs=7.42122439253e-05 aspect=7.99996363434 mean_iota=-1.2184777728 solver_iterations=2970
evaluation=271 objective=7.42060997931e-05 qs=7.42047784726e-05 aspect=7.99996365003 mean_iota=-1.21847777487 solver_iterations=2970
evaluation=272 objective=7.42038721845e-05 qs=7.42025846416e-05 aspect=7.99996411765 mean_iota=-1.21847684131 solver_iterations=2970
evaluation=273 objective=7.42077174065e-05 qs=7.42060432367e-05 aspect=7.99995908338 mean_iota=-1.21847036828 solver_iterations=2970
evaluation=274 objective=7.4209890661e-05 qs=7.42086301977e-05 aspect=7.999964497 mean_iota=-1.21847350638 solver_iterations=2970
evaluation=275 objective=7.42037125786e-05 qs=7.42024239537e-05 aspect=7.99996410258 mean_iota=-1.21847685667 solver_iterations=2970
evaluation=276 objective=7.42451010815e-05 qs=7.42437899167e-05 aspect=7.99996378999 mean_iota=-1.2184773329 solver_iterations=2970
evaluation=277 objective=7.41459458654e-05 qs=7.41446234658e-05 aspect=7.99996363519 mean_iota=-1.21847777569 solver_iterations=2970
evaluation=278 objective=7.42172781466e-05 qs=7.42159556759e-05 aspect=7.99996363421 mean_iota=-1.21847779577 solver_iterations=2970
evaluation=279 objective=7.42012399237e-05 qs=7.4199917346e-05 aspect=7.99996363274 mean_iota=-1.21847778512 solver_iterations=2970
evaluation=280 objective=7.42056653227e-05 qs=7.4204343298e-05 aspect=7.99996364034 mean_iota=-1.21847775648 solver_iterations=2970
evaluation=281 objective=7.42058974078e-05 qs=7.42045704356e-05 aspect=7.99996357237 mean_iota=-1.2184778416 solver_iterations=2970
evaluation=282 objective=7.42054409127e-05 qs=7.42041221409e-05 aspect=7.9999636851 mean_iota=-1.2184777341 solver_iterations=2970
evaluation=283 objective=7.4198064564e-05 qs=7.4196755503e-05 aspect=7.99996381905 mean_iota=-1.21847843746 solver_iterations=2970
evaluation=284 objective=7.4216221535e-05 qs=7.42148998825e-05 aspect=7.99996364546 mean_iota=-1.21847826046 solver_iterations=2970
evaluation=285 objective=7.41911718524e-05 qs=7.41898498125e-05 aspect=7.99996364013 mean_iota=-1.21847787657 solver_iterations=2970
evaluation=286 objective=7.42131020076e-05 qs=7.421177987e-05 aspect=7.99996363879 mean_iota=-1.21847777952 solver_iterations=2970
evaluation=287 objective=7.42011489907e-05 qs=7.41998265044e-05 aspect=7.999963634 mean_iota=-1.21847777594 solver_iterations=2970
evaluation=288 objective=7.42083495253e-05 qs=7.42070268908e-05 aspect=7.99996363196 mean_iota=-1.21847777434 solver_iterations=2970
evaluation=289 objective=7.90940874639e-05 qs=7.90927647598e-05 aspect=7.999963631 mean_iota=-1.21866413951 solver_iterations=2973
evaluation=290 objective=7.46545333576e-05 qs=7.46532106535e-05 aspect=7.999963631 mean_iota=-1.21848006122 solver_iterations=2973
evaluation=291 objective=7.42433991693e-05 qs=7.42420764651e-05 aspect=7.999963631 mean_iota=-1.21847773579 solver_iterations=2970
evaluation=292 objective=7.41883957945e-05 qs=7.41870730903e-05 aspect=7.999963631 mean_iota=-1.218477765 solver_iterations=2970
evaluation=293 objective=7.41749085206e-05 qs=7.41735849789e-05 aspect=7.99996361949 mean_iota=-1.21847777494 solver_iterations=2970
evaluation=294 objective=7.437420081e-05 qs=7.4372842316e-05 aspect=7.99996314225 mean_iota=-1.21847830144 solver_iterations=2973
evaluation=295 objective=8.74571412397e-05 qs=8.74568773682e-05 aspect=7.99998375588 mean_iota=-1.21850717194 solver_iterations=2962
evaluation=296 objective=9.40161767313e-05 qs=9.17578634994e-05 aspect=8.00150276852 mean_iota=-1.21880150227 solver_iterations=3011
evaluation=297 objective=0.000135782319417 qs=0.000111837678264 aspect=7.99510667381 mean_iota=-1.21790469763 solver_iterations=3014
evaluation=298 objective=0.000105077039302 qs=0.000105038451894 aspect=7.99980356322 mean_iota=-1.2184000559 solver_iterations=2971
evaluation=299 objective=7.723365721e-05 qs=7.72323062367e-05 aspect=7.99996324441 mean_iota=-1.21847532865 solver_iterations=2973
evaluation=300 objective=7.43307249198e-05 qs=7.4329408797e-05 aspect=7.99996372159 mean_iota=-1.21847781065 solver_iterations=2970
evaluation=301 objective=7.41963601239e-05 qs=7.41950376122e-05 aspect=7.99996363365 mean_iota=-1.21847778186 solver_iterations=2970
evaluation=302 objective=7.42333515327e-05 qs=7.4232032615e-05 aspect=7.99996368309 mean_iota=-1.21847781117 solver_iterations=2970
evaluation=303 objective=7.42465644745e-05 qs=7.4245240284e-05 aspect=7.99996361057 mean_iota=-1.21847850728 solver_iterations=2970
evaluation=304 objective=7.42585320596e-05 qs=7.42585146538e-05 aspect=8.00000417202 mean_iota=-1.21846958058 solver_iterations=2969
evaluation=305 objective=7.45331757715e-05 qs=7.430368239e-05 aspect=7.99952094533 mean_iota=-1.21844823975 solver_iterations=2969
evaluation=306 objective=7.45351489268e-05 qs=7.4527354681e-05 aspect=7.99991171497 mean_iota=-1.2185164021 solver_iterations=2967
evaluation=307 objective=7.42465911251e-05 qs=7.42455950982e-05 aspect=7.99996844011 mean_iota=-1.21848136959 solver_iterations=2967
evaluation=308 objective=7.44096410152e-05 qs=7.4408352087e-05 aspect=7.99996409835 mean_iota=-1.21847806778 solver_iterations=2970
evaluation=309 objective=7.41465871986e-05 qs=7.41452665977e-05 aspect=7.99996365993 mean_iota=-1.2184777713 solver_iterations=2970
evaluation=310 objective=7.42116674434e-05 qs=7.42103449633e-05 aspect=7.99996363408 mean_iota=-1.21847777371 solver_iterations=2970
evaluation=311 objective=7.42059425377e-05 qs=7.42046186679e-05 aspect=7.99996361498 mean_iota=-1.21847778949 solver_iterations=2970
evaluation=312 objective=7.42036191672e-05 qs=7.42022999124e-05 aspect=7.99996367845 mean_iota=-1.21847789148 solver_iterations=2970
evaluation=313 objective=7.41937486032e-05 qs=7.41916399719e-05 aspect=7.99995408016 mean_iota=-1.21850225686 solver_iterations=2972
evaluation=314 objective=7.41925120984e-05 qs=7.41912727751e-05 aspect=7.99996479598 mean_iota=-1.21847299599 solver_iterations=2973
evaluation=315 objective=7.41912664322e-05 qs=7.41900415976e-05 aspect=7.99996500236 mean_iota=-1.21847577304 solver_iterations=2970
evaluation=316 objective=7.42729564104e-05 qs=7.42716577625e-05 aspect=7.99996396324 mean_iota=-1.21847703841 solver_iterations=2970
evaluation=317 objective=7.41209328364e-05 qs=7.41196108965e-05 aspect=7.99996364151 mean_iota=-1.21847773641 solver_iterations=2970
evaluation=318 objective=7.42202080784e-05 qs=7.42188855343e-05 aspect=7.9999636332 mean_iota=-1.21847779408 solver_iterations=2970
evaluation=319 objective=7.42004525964e-05 qs=7.41991299999e-05 aspect=7.99996363248 mean_iota=-1.21847778725 solver_iterations=2970
evaluation=320 objective=7.42047289424e-05 qs=7.42034060823e-05 aspect=7.99996362886 mean_iota=-1.21847777343 solver_iterations=2970
evaluation=321 objective=7.42047496169e-05 qs=7.42034237874e-05 aspect=7.99996358806 mean_iota=-1.21847777348 solver_iterations=2970
evaluation=322 objective=7.42057349819e-05 qs=7.42044157585e-05 aspect=7.99996367888 mean_iota=-1.21847728492 solver_iterations=2970
evaluation=323 objective=7.42034623002e-05 qs=7.42021417932e-05 aspect=7.99996366122 mean_iota=-1.21847772207 solver_iterations=2970
evaluation=324 objective=7.42132099688e-05 qs=7.42118878547e-05 aspect=7.99996363911 mean_iota=-1.21847812327 solver_iterations=2970
evaluation=325 objective=7.41917015666e-05 qs=7.41903783699e-05 aspect=7.99996362423 mean_iota=-1.2184778671 solver_iterations=2970
evaluation=326 objective=7.42149240218e-05 qs=7.42136017123e-05 aspect=7.99996363643 mean_iota=-1.21847779057 solver_iterations=2970
evaluation=327 objective=7.42013265601e-05 qs=7.42000040515e-05 aspect=7.99996363369 mean_iota=-1.21847777645 solver_iterations=2970
evaluation=328 objective=7.4210261537e-05 qs=7.42089389021e-05 aspect=7.99996363195 mean_iota=-1.21847777524 solver_iterations=2970
evaluation=329 objective=7.42049889496e-05 qs=7.42036662455e-05 aspect=7.999963631 mean_iota=-1.21847777432 solver_iterations=2970
accepted mode=4 iteration=3 objective=7.42049889496e-05
    3    326    3.710249447e-05      0.15876643850.001362222907
evaluation=330 objective=7.47242837801e-05 qs=7.47192686512e-05 aspect=7.99992918243 mean_iota=-1.22180375157 solver_iterations=3085
evaluation=331 objective=7.40243189345e-05 qs=7.4024248303e-05 aspect=8.00000840426 mean_iota=-1.21923328591 solver_iterations=3068
evaluation=332 objective=8.49803177119e-05 qs=8.49789639473e-05 aspect=8.00003679354 mean_iota=-1.2193843596 solver_iterations=3072
evaluation=333 objective=7.47568719176e-05 qs=7.4756815333e-05 aspect=8.00000752228 mean_iota=-1.21923413065 solver_iterations=3068
evaluation=334 objective=7.40260964319e-05 qs=7.40260259979e-05 aspect=8.0000083925 mean_iota=-1.21923322225 solver_iterations=3068
evaluation=335 objective=7.4026508299e-05 qs=7.40264376742e-05 aspect=8.00000840385 mean_iota=-1.21923327679 solver_iterations=3068
evaluation=336 objective=7.40254739607e-05 qs=7.40254032103e-05 aspect=8.00000841132 mean_iota=-1.21923329087 solver_iterations=3068
evaluation=337 objective=7.44237060832e-05 qs=7.4423622199e-05 aspect=8.00000915883 mean_iota=-1.21923297496 solver_iterations=3072
evaluation=338 objective=8.48451323415e-05 qs=8.48442530936e-05 aspect=7.99997034789 mean_iota=-1.21920563162 solver_iterations=3048
evaluation=339 objective=0.00019886892775 qs=0.000198773880489 aspect=7.99969170264 mean_iota=-1.21864063245 solver_iterations=3071
evaluation=340 objective=0.000170120817893 qs=0.000154513627472 aspect=7.99604940632 mean_iota=-1.21888408024 solver_iterations=2918
evaluation=341 objective=9.19181591524e-05 qs=9.19045311989e-05 aspect=7.99988326117 mean_iota=-1.21917869126 solver_iterations=3065
evaluation=342 objective=7.5685909805e-05 qs=7.56858289795e-05 aspect=8.0000089903 mean_iota=-1.21923152811 solver_iterations=3069
evaluation=343 objective=7.40888912747e-05 qs=7.40888185378e-05 aspect=8.00000852859 mean_iota=-1.21923335841 solver_iterations=3068
evaluation=344 objective=7.40225032409e-05 qs=7.40224325515e-05 aspect=8.0000084077 mean_iota=-1.21923329462 solver_iterations=3068
evaluation=345 objective=7.40218097674e-05 qs=7.40217396494e-05 aspect=8.00000837365 mean_iota=-1.21923327334 solver_iterations=3068
evaluation=346 objective=7.40697756836e-05 qs=7.40697218577e-05 aspect=8.00000733661 mean_iota=-1.21923309693 solver_iterations=3068
evaluation=347 objective=7.40251687473e-05 qs=7.40250440653e-05 aspect=8.00001116611 mean_iota=-1.21923337824 solver_iterations=3068
evaluation=348 objective=7.42994765241e-05 qs=7.41681408289e-05 aspect=7.99963759733 mean_iota=-1.21928231365 solver_iterations=3083
evaluation=349 objective=7.46601207387e-05 qs=7.46601163026e-05 aspect=8.0000021062 mean_iota=-1.21928983536 solver_iterations=3082
evaluation=350 objective=7.41450915575e-05 qs=7.41448765949e-05 aspect=8.00001466161 mean_iota=-1.21923562739 solver_iterations=3068
evaluation=351 objective=7.41034194766e-05 qs=7.41033391937e-05 aspect=8.00000896007 mean_iota=-1.21923330519 solver_iterations=3068
evaluation=352 objective=7.4029213441e-05 qs=7.40291422832e-05 aspect=8.00000843551 mean_iota=-1.21923325907 solver_iterations=3068
evaluation=353 objective=7.40191242828e-05 qs=7.40190535959e-05 aspect=8.00000840755 mean_iota=-1.21923327949 solver_iterations=3068
evaluation=354 objective=7.40246534444e-05 qs=7.4024582501e-05 aspect=8.00000842279 mean_iota=-1.2192332865 solver_iterations=3068
evaluation=355 objective=7.40235256606e-05 qs=7.40234466681e-05 aspect=8.00000888777 mean_iota=-1.21923233994 solver_iterations=3068
evaluation=356 objective=7.40185522765e-05 qs=7.40185379786e-05 aspect=8.00000378125 mean_iota=-1.21922578793 solver_iterations=3068
evaluation=357 objective=7.40235441475e-05 qs=7.40234586653e-05 aspect=8.00000924566 mean_iota=-1.21922916769 solver_iterations=3068
evaluation=358 objective=7.40240466008e-05 qs=7.40239683085e-05 aspect=8.0000088483 mean_iota=-1.21923243011 solver_iterations=3068
evaluation=359 objective=7.40285631081e-05 qs=7.40284897833e-05 aspect=8.00000856299 mean_iota=-1.21923278869 solver_iterations=3068
evaluation=360 objective=7.40236531844e-05 qs=7.4023582636e-05 aspect=8.00000839931 mean_iota=-1.21923328759 solver_iterations=3068
evaluation=361 objective=7.40177290601e-05 qs=7.4017658375e-05 aspect=8.00000840744 mean_iota=-1.21923330766 solver_iterations=3068
evaluation=362 objective=7.40370777445e-05 qs=7.40370070814e-05 aspect=8.00000840613 mean_iota=-1.21923329525 solver_iterations=3068
evaluation=363 objective=7.40246383144e-05 qs=7.40245675212e-05 aspect=8.00000841387 mean_iota=-1.21923327138 solver_iterations=3068
evaluation=364 objective=7.40250103869e-05 qs=7.40249407629e-05 aspect=8.0000083441 mean_iota=-1.21923335612 solver_iterations=3068
evaluation=365 objective=7.40244053028e-05 qs=7.40243337367e-05 aspect=8.00000845968 mean_iota=-1.21923324186 solver_iterations=3068
evaluation=366 objective=7.40224499332e-05 qs=7.40223757978e-05 aspect=8.00000861019 mean_iota=-1.21923401657 solver_iterations=3068
evaluation=367 objective=7.40245518728e-05 qs=7.40244809945e-05 aspect=8.00000841892 mean_iota=-1.21923379618 solver_iterations=3068
evaluation=368 objective=7.40239060191e-05 qs=7.40238351687e-05 aspect=8.00000841727 mean_iota=-1.21923339193 solver_iterations=3068
evaluation=369 objective=7.40202285131e-05 qs=7.40201577399e-05 aspect=8.00000841268 mean_iota=-1.21923328923 solver_iterations=3068
evaluation=370 objective=7.40227061273e-05 qs=7.40226354408e-05 aspect=8.00000840753 mean_iota=-1.21923328675 solver_iterations=3068
evaluation=371 objective=7.40152368017e-05 qs=7.40151661518e-05 aspect=8.00000840535 mean_iota=-1.21923328828 solver_iterations=3068
evaluation=372 objective=7.87440091717e-05 qs=7.87439385401e-05 aspect=8.00000840426 mean_iota=-1.21941895152 solver_iterations=3086
evaluation=373 objective=7.45365646851e-05 qs=7.45364940535e-05 aspect=8.00000840426 mean_iota=-1.21923496143 solver_iterations=3086
evaluation=374 objective=7.40271420062e-05 qs=7.40270713747e-05 aspect=8.00000840426 mean_iota=-1.2192332409 solver_iterations=3068
evaluation=375 objective=7.40234070867e-05 qs=7.40233364552e-05 aspect=8.00000840426 mean_iota=-1.2192332748 solver_iterations=3068
evaluation=376 objective=7.40237221945e-05 qs=7.40236517584e-05 aspect=8.00000839262 mean_iota=-1.21923328223 solver_iterations=3068
evaluation=377 objective=7.43645036164e-05 qs=7.43644408321e-05 aspect=8.00000792365 mean_iota=-1.21923361416 solver_iterations=3068
evaluation=378 objective=8.80545305045e-05 qs=8.8053691712e-05 aspect=8.00002896191 mean_iota=-1.21926174705 solver_iterations=3078
evaluation=379 objective=9.40009357996e-05 qs=9.1605893435e-05 aspect=8.00154759244 mean_iota=-1.21955727085 solver_iterations=3048
evaluation=380 objective=0.000134939933105 qs=0.000111449278033 aspect=7.99515328409 mean_iota=-1.21866109865 solver_iterations=3079
evaluation=381 objective=0.00010446495342 qs=0.000104441827999 aspect=7.99984792955 mean_iota=-1.21915504468 solver_iterations=3070
evaluation=382 objective=7.66433368301e-05 qs=7.6643272712e-05 aspect=8.00000800738 mean_iota=-1.21923023617 solver_iterations=3072
evaluation=383 objective=7.41010529242e-05 qs=7.41009807259e-05 aspect=8.00000849696 mean_iota=-1.21923334442 solver_iterations=3068
evaluation=384 objective=7.40305414569e-05 qs=7.40304707843e-05 aspect=8.0000084067 mean_iota=-1.21923329396 solver_iterations=3068
evaluation=385 objective=7.40253316539e-05 qs=7.40252600839e-05 aspect=8.00000845991 mean_iota=-1.21923331541 solver_iterations=3068
evaluation=386 objective=7.40473101046e-05 qs=7.40472399652e-05 aspect=8.00000837492 mean_iota=-1.21923394204 solver_iterations=3068
evaluation=387 objective=7.42353852238e-05 qs=7.42330095237e-05 aspect=8.00004874115 mean_iota=-1.21922404472 solver_iterations=3082
evaluation=388 objective=7.44329760624e-05 qs=7.42430805977e-05 aspect=7.99956423003 mean_iota=-1.21920230924 solver_iterations=3082
evaluation=389 objective=7.44102013433e-05 qs=7.44082333152e-05 aspect=7.99995563754 mean_iota=-1.2192707339 solver_iterations=3078
evaluation=390 objective=7.41299992391e-05 qs=7.41298236926e-05 aspect=8.0000132494 mean_iota=-1.21923673853 solver_iterations=3068
evaluation=391 objective=7.41064016713e-05 qs=7.41063229374e-05 aspect=8.00000887321 mean_iota=-1.21923351906 solver_iterations=3068
evaluation=392 objective=7.40351562062e-05 qs=7.40350850798e-05 aspect=8.00000843365 mean_iota=-1.21923326718 solver_iterations=3068
evaluation=393 objective=7.403433117e-05 qs=7.40342604874e-05 aspect=8.00000840729 mean_iota=-1.21923328074 solver_iterations=3068
evaluation=394 objective=7.40242021282e-05 qs=7.40241317627e-05 aspect=8.00000838842 mean_iota=-1.21923329234 solver_iterations=3068
evaluation=395 objective=7.40242410837e-05 qs=7.40241696518e-05 aspect=8.00000845174 mean_iota=-1.21923339177 solver_iterations=3068
evaluation=396 objective=7.4007478856e-05 qs=7.40074773936e-05 aspect=7.99999879073 mean_iota=-1.21925735804 solver_iterations=3086
evaluation=397 objective=7.40397851202e-05 qs=7.40396928259e-05 aspect=8.00000960699 mean_iota=-1.21922818584 solver_iterations=3068
evaluation=398 objective=7.40271016231e-05 qs=7.40270023776e-05 aspect=8.00000996221 mean_iota=-1.2192309756 solver_iterations=3068
evaluation=399 objective=7.40449895228e-05 qs=7.40449130997e-05 aspect=8.00000874203 mean_iota=-1.21923237833 solver_iterations=3068
evaluation=400 objective=7.40428490487e-05 qs=7.40427783552e-05 aspect=8.00000840794 mean_iota=-1.21923320639 solver_iterations=3068
evaluation=401 objective=7.40392912933e-05 qs=7.40392206344e-05 aspect=8.00000840588 mean_iota=-1.21923329995 solver_iterations=3068
evaluation=402 objective=7.40220115127e-05 qs=7.40219408558e-05 aspect=8.00000840577 mean_iota=-1.21923329543 solver_iterations=3068
evaluation=403 objective=7.40239797542e-05 qs=7.40239091518e-05 aspect=8.00000840253 mean_iota=-1.21923329293 solver_iterations=3068
evaluation=404 objective=7.4024714277e-05 qs=7.40246444051e-05 aspect=8.00000835895 mean_iota=-1.21923329059 solver_iterations=3068
evaluation=405 objective=7.40246263174e-05 qs=7.40245548378e-05 aspect=8.00000845456 mean_iota=-1.21923280519 solver_iterations=3068
evaluation=406 objective=7.40241891426e-05 qs=7.40241180677e-05 aspect=8.00000843059 mean_iota=-1.21923322668 solver_iterations=3068
evaluation=407 objective=7.40247862994e-05 qs=7.40247155783e-05 aspect=8.00000840959 mean_iota=-1.21923364602 solver_iterations=3068
evaluation=408 objective=7.40240852004e-05 qs=7.40240146943e-05 aspect=8.00000839679 mean_iota=-1.21923337991 solver_iterations=3068
evaluation=409 objective=7.40293872631e-05 qs=7.40293165357e-05 aspect=8.00000840996 mean_iota=-1.21923330297 solver_iterations=3068
evaluation=410 objective=7.40326620216e-05 qs=7.40325913415e-05 aspect=8.00000840715 mean_iota=-1.21923328824 solver_iterations=3068
evaluation=411 objective=7.40086595407e-05 qs=7.40085888912e-05 aspect=8.00000840533 mean_iota=-1.21923328685 solver_iterations=3068
evaluation=412 objective=7.40243189345e-05 qs=7.4024248303e-05 aspect=8.00000840426 mean_iota=-1.21923328591 solver_iterations=3068
accepted mode=4 iteration=4 objective=7.40243189345e-05
    4    408    3.701215947e-05     0.094861573328.513893171e-05
evaluation=413 objective=7.37106289278e-05 qs=7.3710575798e-05 aspect=7.99999271097 mean_iota=-1.21944999368 solver_iterations=3066
evaluation=414 objective=8.42815459744e-05 qs=8.42811006285e-05 aspect=8.00002110322 mean_iota=-1.21960204723 solver_iterations=3070
evaluation=415 objective=7.43760777454e-05 qs=7.43760110335e-05 aspect=7.99999183227 mean_iota=-1.21945088881 solver_iterations=3066
evaluation=416 objective=7.37142639809e-05 qs=7.37142106753e-05 aspect=7.99999269893 mean_iota=-1.21944993261 solver_iterations=3066
evaluation=417 objective=7.37116936472e-05 qs=7.37116405115e-05 aspect=7.99999271057 mean_iota=-1.21944998511 solver_iterations=3066
evaluation=418 objective=7.37112689605e-05 qs=7.37112159321e-05 aspect=7.99999271794 mean_iota=-1.21944999739 solver_iterations=3066
evaluation=419 objective=7.40400730137e-05 qs=7.40400304768e-05 aspect=7.99999347796 mean_iota=-1.21944957614 solver_iterations=3066
evaluation=420 objective=8.39668426287e-05 qs=8.39647697497e-05 aspect=7.99995447112 mean_iota=-1.21942316336 solver_iterations=3062
evaluation=421 objective=0.000196790054405 qs=0.000196685154786 aspect=7.99967611789 mean_iota=-1.21885788295 solver_iterations=3052
evaluation=422 objective=0.000168326700137 qs=0.000152598420285 aspect=7.99603411046 mean_iota=-1.21910221287 solver_iterations=2959
evaluation=423 objective=9.1002820422e-05 qs=9.09852819837e-05 aspect=7.99986756723 mean_iota=-1.21939573673 solver_iterations=3056
evaluation=424 objective=7.51446241901e-05 qs=7.514457921e-05 aspect=7.99999329328 mean_iota=-1.21944891829 solver_iterations=3063
evaluation=425 objective=7.37577021787e-05 qs=7.37576508549e-05 aspect=7.99999283593 mean_iota=-1.2194500501 solver_iterations=3066
evaluation=426 objective=7.37118956589e-05 qs=7.37118425794e-05 aspect=7.99999271443 mean_iota=-1.21945000149 solver_iterations=3066
evaluation=427 objective=7.37107878188e-05 qs=7.37107342368e-05 aspect=7.99999268003 mean_iota=-1.21944998876 solver_iterations=3066
evaluation=428 objective=7.3740723933e-05 qs=7.37406542486e-05 aspect=7.99999165228 mean_iota=-1.21944985326 solver_iterations=3066
evaluation=429 objective=7.37106495496e-05 qs=7.37106290079e-05 aspect=7.9999954677 mean_iota=-1.21945009516 solver_iterations=3066
evaluation=430 objective=7.39827303309e-05 qs=7.38396167095e-05 aspect=7.99962169639 mean_iota=-1.21949947775 solver_iterations=3066
evaluation=431 objective=7.43031199402e-05 qs=7.43029329927e-05 aspect=7.99998632712 mean_iota=-1.21950707584 solver_iterations=3066
evaluation=432 objective=7.37507377642e-05 qs=7.37507366259e-05 aspect=7.99999893306 mean_iota=-1.21945240197 solver_iterations=3066
evaluation=433 objective=7.37610587382e-05 qs=7.37610133344e-05 aspect=7.99999326177 mean_iota=-1.21945004296 solver_iterations=3066
evaluation=434 objective=7.37162388505e-05 qs=7.37161861817e-05 aspect=7.99999274267 mean_iota=-1.2194499748 solver_iterations=3066
evaluation=435 objective=7.37099963423e-05 qs=7.37099432611e-05 aspect=7.99999271432 mean_iota=-1.2194499909 solver_iterations=3066
evaluation=436 objective=7.37104533858e-05 qs=7.37104005287e-05 aspect=7.99999272971 mean_iota=-1.2194499961 solver_iterations=3066
evaluation=437 objective=7.37096716384e-05 qs=7.37096254201e-05 aspect=7.99999320159 mean_iota=-1.21944905126 solver_iterations=3066
evaluation=438 objective=7.37063317263e-05 qs=7.3706186921e-05 aspect=7.99998796649 mean_iota=-1.21944231539 solver_iterations=3066
evaluation=439 objective=7.37118530789e-05 qs=7.37118114435e-05 aspect=7.99999354745 mean_iota=-1.2194459063 solver_iterations=3066
evaluation=440 objective=7.37117163701e-05 qs=7.37116694481e-05 aspect=7.99999315003 mean_iota=-1.21944913212 solver_iterations=3066
evaluation=441 objective=7.37148720902e-05 qs=7.37148212654e-05 aspect=7.99999287085 mean_iota=-1.21944947221 solver_iterations=3066
evaluation=442 objective=7.37168509556e-05 qs=7.37167977578e-05 aspect=7.99999270632 mean_iota=-1.21944999089 solver_iterations=3066
evaluation=443 objective=7.37097743564e-05 qs=7.37097212763e-05 aspect=7.99999271439 mean_iota=-1.21945001663 solver_iterations=3066
evaluation=444 objective=7.37172590796e-05 qs=7.37172059775e-05 aspect=7.99999271288 mean_iota=-1.2194500056 solver_iterations=3066
evaluation=445 objective=7.37107672307e-05 qs=7.37107142314e-05 aspect=7.99999271994 mean_iota=-1.21944997456 solver_iterations=3066
evaluation=446 objective=7.37110593481e-05 qs=7.37110053334e-05 aspect=7.99999265053 mean_iota=-1.2194500555 solver_iterations=3066
evaluation=447 objective=7.3710663977e-05 qs=7.37106116558e-05 aspect=7.99999276666 mean_iota=-1.21944994397 solver_iterations=3066
evaluation=448 objective=7.37111671089e-05 qs=7.37111169877e-05 aspect=7.99999292037 mean_iota=-1.21945071148 solver_iterations=3066
evaluation=449 objective=7.37116489095e-05 qs=7.3711595964e-05 aspect=7.99999272364 mean_iota=-1.21945049484 solver_iterations=3066
evaluation=450 objective=7.37124183696e-05 qs=7.37123654282e-05 aspect=7.99999272392 mean_iota=-1.21945008896 solver_iterations=3066
evaluation=451 objective=7.37098093114e-05 qs=7.37097563037e-05 aspect=7.99999271936 mean_iota=-1.21944999547 solver_iterations=3066
evaluation=452 objective=7.37118761461e-05 qs=7.37118230632e-05 aspect=7.9999927142 mean_iota=-1.21944999601 solver_iterations=3066
evaluation=453 objective=7.37107465107e-05 qs=7.37106933965e-05 aspect=7.99999271205 mean_iota=-1.21945000053 solver_iterations=3066
evaluation=454 objective=7.86627585455e-05 qs=7.86627054156e-05 aspect=7.99999271097 mean_iota=-1.21963604657 solver_iterations=3066
evaluation=455 objective=7.43031057978e-05 qs=7.43030526679e-05 aspect=7.99999271097 mean_iota=-1.21945205469 solver_iterations=3066
evaluation=456 objective=7.37126345945e-05 qs=7.37125814646e-05 aspect=7.99999271097 mean_iota=-1.21944994983 solver_iterations=3066
evaluation=457 objective=7.37112727314e-05 qs=7.37112196015e-05 aspect=7.99999271097 mean_iota=-1.21944998306 solver_iterations=3066
evaluation=458 objective=7.37117128006e-05 qs=7.37116594991e-05 aspect=7.99999269921 mean_iota=-1.21944999176 solver_iterations=3066
evaluation=459 objective=7.40020997995e-05 qs=7.40020395507e-05 aspect=7.99999223799 mean_iota=-1.21945035536 solver_iterations=3066
evaluation=460 objective=8.73690832054e-05 qs=8.73689025207e-05 aspect=8.0000134419 mean_iota=-1.21947928014 solver_iterations=3066
evaluation=461 objective=9.29861667671e-05 qs=9.06395841982e-05 aspect=8.00153185592 mean_iota=-1.21977608025 solver_iterations=3057
evaluation=462 objective=0.000135895536317 qs=0.000112256145464 aspect=7.99513796433 mean_iota=-1.21887749879 solver_iterations=3048
evaluation=463 objective=0.000104521972021 qs=0.00010449384205 aspect=7.99983228008 mean_iota=-1.21937200397 solver_iterations=3061
evaluation=464 objective=7.63081831448e-05 qs=7.63081238991e-05 aspect=7.99999230288 mean_iota=-1.21944706467 solver_iterations=3068
evaluation=465 objective=7.37749602209e-05 qs=7.37749084157e-05 aspect=7.99999280242 mean_iota=-1.21945005017 solver_iterations=3066
evaluation=466 objective=7.37130523558e-05 qs=7.37129992625e-05 aspect=7.99999271348 mean_iota=-1.21945000207 solver_iterations=3066
evaluation=467 objective=7.37118507321e-05 qs=7.37117984061e-05 aspect=7.99999276633 mean_iota=-1.21945002942 solver_iterations=3066
evaluation=468 objective=7.3725633693e-05 qs=7.37255803151e-05 aspect=7.99999269398 mean_iota=-1.21945069968 solver_iterations=3066
evaluation=469 objective=7.38356436069e-05 qs=7.38345556544e-05 aspect=8.00003298412 mean_iota=-1.21944122652 solver_iterations=3066
evaluation=470 objective=7.4033698676e-05 qs=7.38296314528e-05 aspect=7.999548262 mean_iota=-1.21941951474 solver_iterations=3067
evaluation=471 objective=7.40392104136e-05 qs=7.40355783262e-05 aspect=7.9999397332 mean_iota=-1.21948827569 solver_iterations=3066
evaluation=472 objective=7.37409431465e-05 qs=7.37409372185e-05 aspect=7.99999756524 mean_iota=-1.21945353603 solver_iterations=3066
evaluation=473 objective=7.37696343749e-05 qs=7.37695878979e-05 aspect=7.99999318259 mean_iota=-1.21945026129 solver_iterations=3066
evaluation=474 objective=7.37157706784e-05 qs=7.371571798e-05 aspect=7.99999274063 mean_iota=-1.21944998335 solver_iterations=3066
evaluation=475 objective=7.37137556007e-05 qs=7.37137025153e-05 aspect=7.99999271403 mean_iota=-1.21944999218 solver_iterations=3066
evaluation=476 objective=7.37104709357e-05 qs=7.37104175722e-05 aspect=7.99999269497 mean_iota=-1.2194500033 solver_iterations=3066
evaluation=477 objective=7.37104286164e-05 qs=7.37103761781e-05 aspect=7.99999275857 mean_iota=-1.21945010334 solver_iterations=3066
evaluation=478 objective=7.36854206939e-05 qs=7.36851309371e-05 aspect=7.99998297776 mean_iota=-1.21947456767 solver_iterations=3066
evaluation=479 objective=7.37025245438e-05 qs=7.37024874961e-05 aspect=7.99999391332 mean_iota=-1.21944495412 solver_iterations=3066
evaluation=480 objective=7.37120616166e-05 qs=7.37120289927e-05 aspect=7.99999428827 mean_iota=-1.21944766225 solver_iterations=3066
evaluation=481 objective=7.3720260105e-05 qs=7.37202117232e-05 aspect=7.99999304429 mean_iota=-1.21944909944 solver_iterations=3066
evaluation=482 objective=7.37235445178e-05 qs=7.37234914186e-05 aspect=7.99999271308 mean_iota=-1.21944993157 solver_iterations=3066
evaluation=483 objective=7.37153234534e-05 qs=7.37152703513e-05 aspect=7.99999271288 mean_iota=-1.2194500144 solver_iterations=3066
evaluation=484 objective=7.3711817995e-05 qs=7.37117648882e-05 aspect=7.99999271256 mean_iota=-1.21945000806 solver_iterations=3066
evaluation=485 objective=7.37108528841e-05 qs=7.37107997306e-05 aspect=7.99999270935 mean_iota=-1.21944999522 solver_iterations=3066
evaluation=486 objective=7.37113965018e-05 qs=7.37113427107e-05 aspect=7.99999266576 mean_iota=-1.21944998374 solver_iterations=3066
evaluation=487 objective=7.37115219657e-05 qs=7.3711469585e-05 aspect=7.99999276255 mean_iota=-1.21944950116 solver_iterations=3066
evaluation=488 objective=7.37108211874e-05 qs=7.37107684313e-05 aspect=7.99999273666 mean_iota=-1.21944992859 solver_iterations=3066
evaluation=489 objective=7.37117808416e-05 qs=7.37117277733e-05 aspect=7.9999927152 mean_iota=-1.21945035344 solver_iterations=3066
evaluation=490 objective=7.37115958153e-05 qs=7.37115425805e-05 aspect=7.99999270378 mean_iota=-1.219450082 solver_iterations=3066
evaluation=491 objective=7.37125221156e-05 qs=7.37124690685e-05 aspect=7.99999271666 mean_iota=-1.21945000898 solver_iterations=3066
evaluation=492 objective=7.37149918409e-05 qs=7.37149387518e-05 aspect=7.99999271378 mean_iota=-1.21944999778 solver_iterations=3066
evaluation=493 objective=7.3708949017e-05 qs=7.37088959024e-05 aspect=7.99999271203 mean_iota=-1.21944999825 solver_iterations=3066
evaluation=494 objective=7.37106289278e-05 qs=7.3710575798e-05 aspect=7.99999271097 mean_iota=-1.21944999368 solver_iterations=3066
accepted mode=4 iteration=5 objective=7.37106289278e-05
    5    489    3.685531446e-05     0.024964470218.513893171e-05
evaluation=495 objective=7.36063239038e-05 qs=7.36063226227e-05 aspect=8.00000113185 mean_iota=-1.21947367521 solver_iterations=3128
evaluation=496 objective=8.43524779274e-05 qs=8.43516053221e-05 aspect=8.00002953989 mean_iota=-1.21962488861 solver_iterations=3128
evaluation=497 objective=7.42521033418e-05 qs=7.42521032779e-05 aspect=8.00000025268 mean_iota=-1.2194744756 solver_iterations=3131
evaluation=498 objective=7.36113152564e-05 qs=7.36113140018e-05 aspect=8.00000112009 mean_iota=-1.21947360794 solver_iterations=3128
evaluation=499 objective=7.3607200304e-05 qs=7.36071990238e-05 aspect=8.00000113145 mean_iota=-1.21947366585 solver_iterations=3128
evaluation=500 objective=7.36066870678e-05 qs=7.3606685771e-05 aspect=8.00000113875 mean_iota=-1.2194736804 solver_iterations=3128
evaluation=501 objective=7.39379421337e-05 qs=7.39379385225e-05 aspect=8.00000190033 mean_iota=-1.21947336965 solver_iterations=3128
evaluation=502 objective=8.39525418517e-05 qs=8.39511597355e-05 aspect=7.99996282318 mean_iota=-1.21944769274 solver_iterations=3128
evaluation=503 objective=0.000197152293392 qs=0.000197052975121 aspect=7.99968485199 mean_iota=-1.21888173723 solver_iterations=3093
evaluation=504 objective=0.00016856669739 qs=0.000152909089237 aspect=7.99604303043 mean_iota=-1.21912479825 solver_iterations=3072
evaluation=505 objective=9.09028959745e-05 qs=9.08875372737e-05 aspect=7.99987606977 mean_iota=-1.21942021265 solver_iterations=3105
evaluation=506 objective=7.51798622279e-05 qs=7.51798592437e-05 aspect=8.00000172748 mean_iota=-1.21947207827 solver_iterations=3128
evaluation=507 objective=7.3651849992e-05 qs=7.36518484158e-05 aspect=8.0000012555 mean_iota=-1.21947375505 solver_iterations=3128
evaluation=508 objective=7.36063558189e-05 qs=7.360635453e-05 aspect=8.00000113532 mean_iota=-1.21947368347 solver_iterations=3128
evaluation=509 objective=7.36069800896e-05 qs=7.36069788793e-05 aspect=8.00000110011 mean_iota=-1.21947365784 solver_iterations=3128
evaluation=510 objective=7.36458669781e-05 qs=7.36458669724e-05 aspect=8.00000007529 mean_iota=-1.21947341723 solver_iterations=3128
evaluation=511 objective=7.36073043174e-05 qs=7.36072894538e-05 aspect=8.00000385533 mean_iota=-1.21947375923 solver_iterations=3128
evaluation=512 objective=7.39559223359e-05 qs=7.38190151627e-05 aspect=7.99962999031 mean_iota=-1.21952256516 solver_iterations=3129
evaluation=513 objective=7.43239951662e-05 qs=7.43239663874e-05 aspect=7.99999463541 mean_iota=-1.21952911437 solver_iterations=3126
evaluation=514 objective=7.36980916485e-05 qs=7.36980374149e-05 aspect=8.00000736435 mean_iota=-1.21947600146 solver_iterations=3131
evaluation=515 objective=7.3661786438e-05 qs=7.36617836026e-05 aspect=8.00000168387 mean_iota=-1.21947367214 solver_iterations=3128
evaluation=516 objective=7.36128851647e-05 qs=7.36128838091e-05 aspect=8.00000116427 mean_iota=-1.21947364329 solver_iterations=3128
evaluation=517 objective=7.36045532876e-05 qs=7.3604551999e-05 aspect=8.00000113519 mean_iota=-1.21947366747 solver_iterations=3128
evaluation=518 objective=7.36064419878e-05 qs=7.36064406635e-05 aspect=8.00000115078 mean_iota=-1.21947367766 solver_iterations=3128
evaluation=519 objective=7.36056285173e-05 qs=7.36056259049e-05 aspect=8.00000161631 mean_iota=-1.21947273791 solver_iterations=3128
evaluation=520 objective=7.36020243049e-05 qs=7.36020107943e-05 aspect=7.99999632432 mean_iota=-1.21946594034 solver_iterations=3128
evaluation=521 objective=7.36046357049e-05 qs=7.36046317956e-05 aspect=8.00000197719 mean_iota=-1.21946952337 solver_iterations=3128
evaluation=522 objective=7.36057837675e-05 qs=7.36057812965e-05 aspect=8.00000157195 mean_iota=-1.21947283115 solver_iterations=3128
evaluation=523 objective=7.3607825844e-05 qs=7.36078241761e-05 aspect=8.00000129146 mean_iota=-1.21947315004 solver_iterations=3128
evaluation=524 objective=7.36129717076e-05 qs=7.36129704364e-05 aspect=8.0000011275 mean_iota=-1.2194736639 solver_iterations=3128
evaluation=525 objective=7.36051141747e-05 qs=7.3605112886e-05 aspect=8.00000113524 mean_iota=-1.2194736921 solver_iterations=3128
evaluation=526 objective=7.36148093422e-05 qs=7.36148080567e-05 aspect=8.00000113378 mean_iota=-1.21947368155 solver_iterations=3128
evaluation=527 objective=7.36061592218e-05 qs=7.36061579204e-05 aspect=8.00000114076 mean_iota=-1.21947366864 solver_iterations=3128
evaluation=528 objective=7.36060449531e-05 qs=7.36060438049e-05 aspect=8.00000107154 mean_iota=-1.21947375177 solver_iterations=3128
evaluation=529 objective=7.36061872025e-05 qs=7.36061857906e-05 aspect=8.00000118825 mean_iota=-1.21947363593 solver_iterations=3128
evaluation=530 objective=7.36055335074e-05 qs=7.36055317045e-05 aspect=8.00000134272 mean_iota=-1.21947442607 solver_iterations=3128
evaluation=531 objective=7.36061708859e-05 qs=7.36061695729e-05 aspect=8.00000114588 mean_iota=-1.2194741951 solver_iterations=3128
evaluation=532 objective=7.36073101805e-05 qs=7.36073088665e-05 aspect=8.00000114628 mean_iota=-1.21947377207 solver_iterations=3128
evaluation=533 objective=7.36050377762e-05 qs=7.36050364758e-05 aspect=8.00000114035 mean_iota=-1.21947367364 solver_iterations=3128
evaluation=534 objective=7.36073142194e-05 qs=7.3607312931e-05 aspect=8.00000113507 mean_iota=-1.21947366964 solver_iterations=3128
evaluation=535 objective=7.36060548982e-05 qs=7.36060536146e-05 aspect=8.00000113296 mean_iota=-1.21947367073 solver_iterations=3128
evaluation=536 objective=7.86129731353e-05 qs=7.86129718542e-05 aspect=8.00000113185 mean_iota=-1.21965960927 solver_iterations=3131
evaluation=537 objective=7.41974109329e-05 qs=7.41974096518e-05 aspect=8.00000113185 mean_iota=-1.219475605 solver_iterations=3131
evaluation=538 objective=7.36089217962e-05 qs=7.36089205151e-05 aspect=8.00000113185 mean_iota=-1.21947362826 solver_iterations=3128
evaluation=539 objective=7.36074185884e-05 qs=7.36074173073e-05 aspect=8.00000113185 mean_iota=-1.21947366432 solver_iterations=3128
evaluation=540 objective=7.36072592415e-05 qs=7.36072579869e-05 aspect=8.00000112011 mean_iota=-1.21947367011 solver_iterations=3128
evaluation=541 objective=7.39059645073e-05 qs=7.39059640686e-05 aspect=8.00000066236 mean_iota=-1.21947399053 solver_iterations=3131
evaluation=542 objective=8.74047063997e-05 qs=8.74042226371e-05 aspect=8.0000219946 mean_iota=-1.21950113967 solver_iterations=3129
evaluation=543 objective=9.26806631788e-05 qs=9.03088091305e-05 aspect=8.00154008248 mean_iota=-1.21979963887 solver_iterations=3069
evaluation=544 objective=0.000135634410197 qs=0.000112079580734 aspect=7.99514666821 mean_iota=-1.21890388565 solver_iterations=3066
evaluation=545 objective=0.000104444375636 qs=0.000104419035274 aspect=7.99984081344 mean_iota=-1.21939588621 solver_iterations=3128
evaluation=546 objective=7.62153661684e-05 qs=7.62153656994e-05 aspect=8.00000068488 mean_iota=-1.21947076406 solver_iterations=3128
evaluation=547 objective=7.36728112531e-05 qs=7.36728097548e-05 aspect=8.00000122405 mean_iota=-1.21947374069 solver_iterations=3128
evaluation=548 objective=7.36101775371e-05 qs=7.36101762504e-05 aspect=8.00000113435 mean_iota=-1.21947368355 solver_iterations=3128
evaluation=549 objective=7.360763788e-05 qs=7.36076364713e-05 aspect=8.00000118691 mean_iota=-1.21947370246 solver_iterations=3128
evaluation=550 objective=7.36264273157e-05 qs=7.36264260811e-05 aspect=8.00000111113 mean_iota=-1.21947437187 solver_iterations=3131
evaluation=551 objective=7.38658048018e-05 qs=7.38640952495e-05 aspect=8.00004134673 mean_iota=-1.21946328604 solver_iterations=3125
evaluation=552 objective=7.40034586273e-05 qs=7.38066849206e-05 aspect=7.99955640818 mean_iota=-1.21944266861 solver_iterations=3131
evaluation=553 objective=7.40503787365e-05 qs=7.40476786339e-05 aspect=7.99994803749 mean_iota=-1.21951014194 solver_iterations=3128
evaluation=554 objective=7.36899362312e-05 qs=7.36898995491e-05 aspect=8.00000605657 mean_iota=-1.21947714511 solver_iterations=3131
evaluation=555 objective=7.36697899028e-05 qs=7.36697873218e-05 aspect=8.00000160655 mean_iota=-1.21947388287 solver_iterations=3128
evaluation=556 objective=7.3613309179e-05 qs=7.36133078303e-05 aspect=8.0000011613 mean_iota=-1.21947365227 solver_iterations=3128
evaluation=557 objective=7.36110686071e-05 qs=7.36110673191e-05 aspect=8.0000011349 mean_iota=-1.21947366853 solver_iterations=3128
evaluation=558 objective=7.3606624654e-05 qs=7.36066234097e-05 aspect=8.00000111552 mean_iota=-1.21947367998 solver_iterations=3128
evaluation=559 objective=7.36063124661e-05 qs=7.36063110753e-05 aspect=8.00000117933 mean_iota=-1.21947377902 solver_iterations=3128
evaluation=560 objective=7.36487868785e-05 qs=7.36487117891e-05 aspect=7.99999133459 mean_iota=-1.21949719167 solver_iterations=3125
evaluation=561 objective=7.36059919496e-05 qs=7.36059864102e-05 aspect=8.0000023536 mean_iota=-1.21946848215 solver_iterations=3131
evaluation=562 objective=7.36096361602e-05 qs=7.36096288418e-05 aspect=8.00000270526 mean_iota=-1.2194713197 solver_iterations=3128
evaluation=563 objective=7.36144854075e-05 qs=7.36144832599e-05 aspect=8.00000146545 mean_iota=-1.21947277525 solver_iterations=3131
evaluation=564 objective=7.36206909401e-05 qs=7.36206896504e-05 aspect=8.00000113562 mean_iota=-1.21947357317 solver_iterations=3128
evaluation=565 objective=7.36132938501e-05 qs=7.36132925647e-05 aspect=8.00000113378 mean_iota=-1.21947368391 solver_iterations=3128
evaluation=566 objective=7.36049664688e-05 qs=7.36049651841e-05 aspect=8.00000113344 mean_iota=-1.21947368186 solver_iterations=3128
evaluation=567 objective=7.36058885485e-05 qs=7.36058872715e-05 aspect=8.00000113003 mean_iota=-1.21947369087 solver_iterations=3128
evaluation=568 objective=7.36058084264e-05 qs=7.36058072437e-05 aspect=8.00000108754 mean_iota=-1.21947369002 solver_iterations=3128
evaluation=569 objective=7.36059312899e-05 qs=7.36059298897e-05 aspect=8.00000118331 mean_iota=-1.21947319837 solver_iterations=3128
evaluation=570 objective=7.36063813529e-05 qs=7.36063800115e-05 aspect=8.00000115815 mean_iota=-1.2194736168 solver_iterations=3128
evaluation=571 objective=7.36067209168e-05 qs=7.36067196265e-05 aspect=8.0000011359 mean_iota=-1.2194740333 solver_iterations=3128
evaluation=572 objective=7.36066329165e-05 qs=7.36066316486e-05 aspect=8.00000112603 mean_iota=-1.21947376028 solver_iterations=3128
evaluation=573 objective=7.36084667354e-05 qs=7.36084654413e-05 aspect=8.00000113758 mean_iota=-1.21947368697 solver_iterations=3128
evaluation=574 objective=7.36123483292e-05 qs=7.36123470418e-05 aspect=8.00000113463 mean_iota=-1.21947367207 solver_iterations=3128
evaluation=575 objective=7.35990407737e-05 qs=7.35990394901e-05 aspect=8.00000113293 mean_iota=-1.21947367174 solver_iterations=3128
evaluation=576 objective=7.36063239038e-05 qs=7.36063226227e-05 aspect=8.00000113185 mean_iota=-1.21947367521 solver_iterations=3128
accepted mode=4 iteration=6 objective=7.36063239038e-05
    6    570    3.680316195e-05     0.052983792642.128473293e-05
evaluation=577 objective=7.35775181081e-05 qs=7.35762393362e-05 aspect=8.00003575992 mean_iota=-1.21934526173 solver_iterations=3084
evaluation=578 objective=8.37824424335e-05 qs=8.37783259383e-05 aspect=8.00006415992 mean_iota=-1.21949761577 solver_iterations=3025
evaluation=579 objective=7.42223921995e-05 qs=7.42211755689e-05 aspect=8.00003488023 mean_iota=-1.21934588339 solver_iterations=3084
evaluation=580 objective=7.35824567419e-05 qs=7.35811788118e-05 aspect=8.00003574815 mean_iota=-1.21934518855 solver_iterations=3084
evaluation=581 objective=7.35782854441e-05 qs=7.35770067004e-05 aspect=8.00003575953 mean_iota=-1.21934525176 solver_iterations=3084
evaluation=582 objective=7.35784609738e-05 qs=7.35771817083e-05 aspect=8.00003576682 mean_iota=-1.21934526829 solver_iterations=3084
evaluation=583 objective=7.390622548e-05 qs=7.39048911463e-05 aspect=8.00003652853 mean_iota=-1.21934504349 solver_iterations=3084
evaluation=584 objective=8.32981738152e-05 qs=8.32981673409e-05 aspect=7.99999745555 mean_iota=-1.21932042595 solver_iterations=3021
evaluation=585 objective=0.000196802984131 qs=0.000196724180675 aspect=7.99971928047 mean_iota=-1.21875414764 solver_iterations=3030
evaluation=586 objective=0.000168081191851 qs=0.00015269430091 aspect=7.99607738723 mean_iota=-1.21899827581 solver_iterations=3052
evaluation=587 objective=9.07949479553e-05 qs=9.07869773893e-05 aspect=7.99991072197 mean_iota=-1.2192919559 solver_iterations=3037
evaluation=588 objective=7.4583258066e-05 qs=7.45819363746e-05 aspect=8.00003635507 mean_iota=-1.21934485006 solver_iterations=3025
evaluation=589 objective=7.36223193493e-05 qs=7.36210316887e-05 aspect=8.00003588399 mean_iota=-1.21934535948 solver_iterations=3084
evaluation=590 objective=7.35787767097e-05 qs=7.35774976899e-05 aspect=8.00003576339 mean_iota=-1.21934527031 solver_iterations=3084
evaluation=591 objective=7.35791012356e-05 qs=7.3577824722e-05 aspect=8.00003572833 mean_iota=-1.21934523769 solver_iterations=3084
evaluation=592 objective=7.36183928935e-05 qs=7.36171885673e-05 aspect=8.0000347034 mean_iota=-1.21934493254 solver_iterations=3084
evaluation=593 objective=7.35784284867e-05 qs=7.35769474694e-05 aspect=8.00003848399 mean_iota=-1.21934533333 solver_iterations=3084
evaluation=594 objective=7.38190178706e-05 qs=7.37065310279e-05 aspect=7.99966460942 mean_iota=-1.21939418256 solver_iterations=3127
evaluation=595 objective=7.41878385325e-05 qs=7.41869804427e-05 aspect=8.00002929317 mean_iota=-1.21940173034 solver_iterations=3127
evaluation=596 objective=7.36689290676e-05 qs=7.36671659672e-05 aspect=8.00004198929 mean_iota=-1.21934742229 solver_iterations=3084
evaluation=597 objective=7.36311091475e-05 qs=7.36297905843e-05 aspect=8.00003631203 mean_iota=-1.21934522369 solver_iterations=3084
evaluation=598 objective=7.35835378003e-05 qs=7.35822567046e-05 aspect=8.0000357924 mean_iota=-1.21934522301 solver_iterations=3084
evaluation=599 objective=7.35788155108e-05 qs=7.35775365002e-05 aspect=8.00003576326 mean_iota=-1.21934525198 solver_iterations=3084
evaluation=600 objective=7.35775909844e-05 qs=7.35763108569e-05 aspect=8.00003577887 mean_iota=-1.2193452644 solver_iterations=3084
evaluation=601 objective=7.35768196704e-05 qs=7.35755062322e-05 aspect=8.00003624139 mean_iota=-1.21934432718 solver_iterations=3084
evaluation=602 objective=7.35762789143e-05 qs=7.35753200109e-05 aspect=8.00003096617 mean_iota=-1.21933754578 solver_iterations=3084
evaluation=603 objective=7.35767782398e-05 qs=7.35754382492e-05 aspect=8.00003660588 mean_iota=-1.21934111174 solver_iterations=3084
evaluation=604 objective=7.35773492174e-05 qs=7.35760387564e-05 aspect=8.00003620029 mean_iota=-1.21934442819 solver_iterations=3084
evaluation=605 objective=7.3580329119e-05 qs=7.35790388689e-05 aspect=8.00003592005 mean_iota=-1.21934473928 solver_iterations=3084
evaluation=606 objective=7.35843773702e-05 qs=7.3583098897e-05 aspect=8.00003575574 mean_iota=-1.21934524386 solver_iterations=3084
evaluation=607 objective=7.35792026717e-05 qs=7.35779236502e-05 aspect=8.00003576341 mean_iota=-1.21934527488 solver_iterations=3084
evaluation=608 objective=7.35813551799e-05 qs=7.35800762705e-05 aspect=8.00003576184 mean_iota=-1.21934526566 solver_iterations=3084
evaluation=609 objective=7.35776650223e-05 qs=7.35763856363e-05 aspect=8.00003576851 mean_iota=-1.21934525759 solver_iterations=3084
evaluation=610 objective=7.35773909323e-05 qs=7.3576116472e-05 aspect=8.00003569958 mean_iota=-1.21934534021 solver_iterations=3084
evaluation=611 objective=7.35776615914e-05 qs=7.35763788165e-05 aspect=8.00003581585 mean_iota=-1.21934522117 solver_iterations=3084
evaluation=612 objective=7.35774487704e-05 qs=7.35761547967e-05 aspect=8.00003597185 mean_iota=-1.21934601438 solver_iterations=3084
evaluation=613 objective=7.35781695646e-05 qs=7.35768897627e-05 aspect=8.00003577432 mean_iota=-1.21934577915 solver_iterations=3084
evaluation=614 objective=7.3578487531e-05 qs=7.35772077397e-05 aspect=8.00003577417 mean_iota=-1.21934535528 solver_iterations=3084
evaluation=615 objective=7.35776040834e-05 qs=7.35763246984e-05 aspect=8.00003576849 mean_iota=-1.2193452585 solver_iterations=3084
evaluation=616 objective=7.35786920144e-05 qs=7.35774130056e-05 aspect=8.00003576323 mean_iota=-1.21934525468 solver_iterations=3084
evaluation=617 objective=7.35790394303e-05 qs=7.35777605795e-05 aspect=8.00003576102 mean_iota=-1.21934525571 solver_iterations=3084
evaluation=618 objective=7.86077475856e-05 qs=7.86064688137e-05 aspect=8.00003575992 mean_iota=-1.21953107096 solver_iterations=3085
evaluation=619 objective=7.41587933604e-05 qs=7.41575145884e-05 aspect=8.00003575992 mean_iota=-1.2193470337 solver_iterations=3085
evaluation=620 objective=7.35797538596e-05 qs=7.35784750877e-05 aspect=8.00003575992 mean_iota=-1.21934521173 solver_iterations=3084
evaluation=621 objective=7.35783478239e-05 qs=7.35770690519e-05 aspect=8.00003575992 mean_iota=-1.21934525041 solver_iterations=3084
evaluation=622 objective=7.35791148982e-05 qs=7.35778369669e-05 aspect=8.00003574816 mean_iota=-1.21934525459 solver_iterations=3084
evaluation=623 objective=7.38858304153e-05 qs=7.38845849683e-05 aspect=8.00003529089 mean_iota=-1.21934544105 solver_iterations=3084
evaluation=624 objective=8.72384382095e-05 qs=8.72352326502e-05 aspect=8.00005661766 mean_iota=-1.2193734396 solver_iterations=3087
evaluation=625 objective=9.30706457433e-05 qs=9.05900152282e-05 aspect=8.00157500175 mean_iota=-1.21966992625 solver_iterations=3061
evaluation=626 objective=0.000135155346994 qs=0.000111932142582 aspect=7.99518095399 mean_iota=-1.2187771373 solver_iterations=3028
evaluation=627 objective=0.000103902878808 qs=0.000103887371596 aspect=7.99987547204 mean_iota=-1.21926844253 solver_iterations=3022
evaluation=628 objective=7.61629112817e-05 qs=7.61616640379e-05 aspect=8.00003531634 mean_iota=-1.21934259216 solver_iterations=3084
evaluation=629 objective=7.36422491597e-05 qs=7.36409638264e-05 aspect=8.00003585155 mean_iota=-1.21934533713 solver_iterations=3084
evaluation=630 objective=7.35795816609e-05 qs=7.35783027085e-05 aspect=8.00003576244 mean_iota=-1.21934527025 solver_iterations=3084
evaluation=631 objective=7.35800240886e-05 qs=7.35787413628e-05 aspect=8.00003581516 mean_iota=-1.21934528584 solver_iterations=3084
evaluation=632 objective=7.36013434367e-05 qs=7.36000661523e-05 aspect=8.00003573912 mean_iota=-1.21934585703 solver_iterations=3084
evaluation=633 objective=7.37349155165e-05 qs=7.37291401231e-05 aspect=8.00007599601 mean_iota=-1.2193355456 solver_iterations=3084
evaluation=634 objective=7.38820834745e-05 qs=7.37147913941e-05 aspect=7.99959098645 mean_iota=-1.21931471607 solver_iterations=3092
evaluation=635 objective=7.3887669062e-05 qs=7.38873697376e-05 aspect=7.99998269901 mean_iota=-1.21938250637 solver_iterations=3085
evaluation=636 objective=7.36583689733e-05 qs=7.36567137266e-05 aspect=8.00004068472 mean_iota=-1.2193485902 solver_iterations=3085
evaluation=637 objective=7.36420924781e-05 qs=7.36407795749e-05 aspect=8.00003623401 mean_iota=-1.21934543093 solver_iterations=3084
evaluation=638 objective=7.35843893764e-05 qs=7.35831085068e-05 aspect=8.00003578924 mean_iota=-1.21934523227 solver_iterations=3084
evaluation=639 objective=7.35803111834e-05 qs=7.3579032192e-05 aspect=8.00003576299 mean_iota=-1.2193452531 solver_iterations=3084
evaluation=640 objective=7.35776880304e-05 qs=7.35764104224e-05 aspect=8.00003574364 mean_iota=-1.21934526209 solver_iterations=3084
evaluation=641 objective=7.35776745045e-05 qs=7.35763923455e-05 aspect=8.00003580725 mean_iota=-1.21934535893 solver_iterations=3084
evaluation=642 objective=7.35777224136e-05 qs=7.35770458137e-05 aspect=8.00002601153 mean_iota=-1.21936952964 solver_iterations=3085
evaluation=643 objective=7.35822833508e-05 qs=7.35809156704e-05 aspect=8.00003698216 mean_iota=-1.21933991384 solver_iterations=3084
evaluation=644 objective=7.35811937086e-05 qs=7.35798002583e-05 aspect=8.00003732895 mean_iota=-1.21934287876 solver_iterations=3084
evaluation=645 objective=7.35907130455e-05 qs=7.35894103919e-05 aspect=8.00003609229 mean_iota=-1.21934426659 solver_iterations=3084
evaluation=646 objective=7.35920734034e-05 qs=7.35907943971e-05 aspect=8.0000357632 mean_iota=-1.21934513878 solver_iterations=3084
evaluation=647 objective=7.35814903635e-05 qs=7.35802114394e-05 aspect=8.00003576205 mean_iota=-1.21934526559 solver_iterations=3084
evaluation=648 objective=7.35797158292e-05 qs=7.35784369414e-05 aspect=8.00003576154 mean_iota=-1.2193452666 solver_iterations=3084
evaluation=649 objective=7.3577331253e-05 qs=7.35760526044e-05 aspect=8.0000357582 mean_iota=-1.21934528126 solver_iterations=3084
evaluation=650 objective=7.35772743471e-05 qs=7.35759988309e-05 aspect=8.00003571437 mean_iota=-1.21934528026 solver_iterations=3084
evaluation=651 objective=7.35773840867e-05 qs=7.35761016185e-05 aspect=8.00003581156 mean_iota=-1.2193447873 solver_iterations=3084
evaluation=652 objective=7.35776925944e-05 qs=7.35764119532e-05 aspect=8.00003578605 mean_iota=-1.21934520037 solver_iterations=3084
evaluation=653 objective=7.35781235725e-05 qs=7.35768444988e-05 aspect=8.00003576414 mean_iota=-1.21934561457 solver_iterations=3084
evaluation=654 objective=7.35778724108e-05 qs=7.35765940521e-05 aspect=8.00003575414 mean_iota=-1.21934534547 solver_iterations=3084
evaluation=655 objective=7.35785939016e-05 qs=7.3577314718e-05 aspect=8.00003576568 mean_iota=-1.21934527227 solver_iterations=3084
evaluation=656 objective=7.35800508057e-05 qs=7.357877183e-05 aspect=8.00003576277 mean_iota=-1.21934525783 solver_iterations=3084
evaluation=657 objective=7.35790431107e-05 qs=7.35777642617e-05 aspect=8.000035761 mean_iota=-1.21934525899 solver_iterations=3084
evaluation=658 objective=7.35775181081e-05 qs=7.35762393362e-05 aspect=8.00003575992 mean_iota=-1.21934526173 solver_iterations=3084
accepted mode=4 iteration=7 objective=7.35775181081e-05
    7    651    3.678875905e-05     0.045277475715.321183232e-06
evaluation=659 objective=7.30668510539e-05 qs=7.30668296167e-05 aspect=8.00000463003 mean_iota=-1.21934381041 solver_iterations=3025
evaluation=660 objective=8.38959825097e-05 qs=8.38948912749e-05 aspect=8.00003303384 mean_iota=-1.2194949735 solver_iterations=3024
evaluation=661 objective=7.41917032084e-05 qs=7.41916891408e-05 aspect=8.00000375068 mean_iota=-1.2193436279 solver_iterations=3082
evaluation=662 objective=7.30735814881e-05 qs=7.30735601598e-05 aspect=8.00000461826 mean_iota=-1.21934373853 solver_iterations=3025
evaluation=663 objective=7.30673589649e-05 qs=7.30673375315e-05 aspect=8.00000462963 mean_iota=-1.21934380055 solver_iterations=3025
evaluation=664 objective=7.3068804538e-05 qs=7.3068783037e-05 aspect=8.00000463692 mean_iota=-1.21934381657 solver_iterations=3025
evaluation=665 objective=7.34223338639e-05 qs=7.34223047205e-05 aspect=8.00000539847 mean_iota=-1.2193432564 solver_iterations=3024
evaluation=666 objective=8.36255517238e-05 qs=8.36244181814e-05 aspect=7.99996633188 mean_iota=-1.21931703245 solver_iterations=3022
evaluation=667 objective=0.000197596714269 qs=0.000197499475479 aspect=7.99968816865 mean_iota=-1.2187516751 solver_iterations=3029
evaluation=668 objective=0.000168853694476 qs=0.000153222003499 aspect=7.99604630667 mean_iota=-1.21899531716 solver_iterations=3052
evaluation=669 objective=9.0957419477e-05 qs=9.09429187858e-05 aspect=7.99987958118 mean_iota=-1.21928982959 solver_iterations=3036
evaluation=670 objective=7.47181885517e-05 qs=7.4718161239e-05 aspect=8.00000522615 mean_iota=-1.21934219394 solver_iterations=3024
evaluation=671 objective=7.31150252778e-05 qs=7.31150026763e-05 aspect=8.0000047541 mean_iota=-1.21934390386 solver_iterations=3025
evaluation=672 objective=7.30685967728e-05 qs=7.30685753036e-05 aspect=8.00000463349 mean_iota=-1.21934381874 solver_iterations=3025
evaluation=673 objective=7.35643348574e-05 qs=7.35643137127e-05 aspect=8.00000459834 mean_iota=-1.21934293413 solver_iterations=3080
evaluation=674 objective=7.36090672721e-05 qs=7.36090544972e-05 aspect=8.0000035742 mean_iota=-1.21934261627 solver_iterations=3081
evaluation=675 objective=7.30693556202e-05 qs=7.30693015098e-05 aspect=8.00000735598 mean_iota=-1.219343884 solver_iterations=3025
evaluation=676 objective=7.39003582296e-05 qs=7.37660215316e-05 aspect=7.99963348029 mean_iota=-1.21939181621 solver_iterations=3129
evaluation=677 objective=7.41713659393e-05 qs=7.41713625546e-05 aspect=7.99999816024 mean_iota=-1.21939936762 solver_iterations=3129
evaluation=678 objective=7.36756932125e-05 qs=7.36755753189e-05 aspect=8.00001085788 mean_iota=-1.21934517102 solver_iterations=3082
evaluation=679 objective=7.36213165045e-05 qs=7.36212896493e-05 aspect=8.0000051822 mean_iota=-1.21934291512 solver_iterations=3081
evaluation=680 objective=7.30735200934e-05 qs=7.30734983547e-05 aspect=8.00000466248 mean_iota=-1.21934377323 solver_iterations=3025
evaluation=681 objective=7.30692676931e-05 qs=7.3069246225e-05 aspect=8.00000463336 mean_iota=-1.21934380111 solver_iterations=3025
evaluation=682 objective=7.30670467549e-05 qs=7.30670251418e-05 aspect=8.000004649 mean_iota=-1.21934381299 solver_iterations=3025
evaluation=683 objective=7.35637902033e-05 qs=7.3563764076e-05 aspect=8.00000511149 mean_iota=-1.21934202594 solver_iterations=3080
evaluation=684 objective=7.30679745257e-05 qs=7.30679744988e-05 aspect=7.9999998361 mean_iota=-1.21933609179 solver_iterations=3025
evaluation=685 objective=7.3066101399e-05 qs=7.30660714091e-05 aspect=8.00000547631 mean_iota=-1.21933965671 solver_iterations=3025
evaluation=686 objective=7.30674639665e-05 qs=7.30674382582e-05 aspect=8.00000507033 mean_iota=-1.21934297466 solver_iterations=3025
evaluation=687 objective=7.30684465337e-05 qs=7.30684235888e-05 aspect=8.00000479008 mean_iota=-1.21934328577 solver_iterations=3025
evaluation=688 objective=7.30761079911e-05 qs=7.3076086591e-05 aspect=8.00000462602 mean_iota=-1.219343793 solver_iterations=3025
evaluation=689 objective=7.30696175866e-05 qs=7.3069596117e-05 aspect=8.00000463353 mean_iota=-1.21934382401 solver_iterations=3025
evaluation=690 objective=7.30688110214e-05 qs=7.30687895665e-05 aspect=8.00000463195 mean_iota=-1.21934381445 solver_iterations=3025
evaluation=691 objective=7.35642291013e-05 qs=7.35642075848e-05 aspect=8.00000463859 mean_iota=-1.2193429578 solver_iterations=3080
evaluation=692 objective=7.30665842101e-05 qs=7.30665633282e-05 aspect=8.00000456968 mean_iota=-1.21934388909 solver_iterations=3025
evaluation=693 objective=7.30668752448e-05 qs=7.30668532868e-05 aspect=8.00000468594 mean_iota=-1.21934377059 solver_iterations=3025
evaluation=694 objective=7.30668930007e-05 qs=7.30668695547e-05 aspect=8.0000048421 mean_iota=-1.21934456392 solver_iterations=3025
evaluation=695 objective=7.30660252914e-05 qs=7.30660037219e-05 aspect=8.00000464429 mean_iota=-1.21934432885 solver_iterations=3025
evaluation=696 objective=7.30685396185e-05 qs=7.30685180488e-05 aspect=8.00000464432 mean_iota=-1.21934390408 solver_iterations=3025
evaluation=697 objective=7.30676595879e-05 qs=7.30676380713e-05 aspect=8.0000046386 mean_iota=-1.21934380723 solver_iterations=3025
evaluation=698 objective=7.3068155398e-05 qs=7.30681339302e-05 aspect=8.00000463333 mean_iota=-1.21934380322 solver_iterations=3025
evaluation=699 objective=7.30695289572e-05 qs=7.30695075099e-05 aspect=8.00000463113 mean_iota=-1.21934380396 solver_iterations=3025
evaluation=700 objective=7.84797527152e-05 qs=7.84797312781e-05 aspect=8.00000463003 mean_iota=-1.21952878109 solver_iterations=3081
evaluation=701 objective=7.41884563074e-05 qs=7.41884348702e-05 aspect=8.00000463003 mean_iota=-1.21934474212 solver_iterations=3082
evaluation=702 objective=7.30683893812e-05 qs=7.30683679441e-05 aspect=8.00000463003 mean_iota=-1.21934376105 solver_iterations=3025
evaluation=703 objective=7.30674201281e-05 qs=7.30673986909e-05 aspect=8.00000463003 mean_iota=-1.21934379922 solver_iterations=3025
evaluation=704 objective=7.30682903979e-05 qs=7.30682690694e-05 aspect=8.00000461828 mean_iota=-1.21934380369 solver_iterations=3025
evaluation=705 objective=7.38583372784e-05 qs=7.38583199634e-05 aspect=8.00000416113 mean_iota=-1.21934312269 solver_iterations=3081
evaluation=706 objective=8.75486162972e-05 qs=8.75479669959e-05 aspect=8.00002548139 mean_iota=-1.2193706303 solver_iterations=3086
evaluation=707 objective=9.32566657788e-05 qs=9.08732046102e-05 aspect=8.00154384623 mean_iota=-1.21966769801 solver_iterations=3059
evaluation=708 objective=0.000135190714925 qs=0.000111667031346 aspect=7.99514987798 mean_iota=-1.21877489674 solver_iterations=3028
evaluation=709 objective=0.000103730303213 qs=0.000103706075483 aspect=7.99984434741 mean_iota=-1.2192660863 solver_iterations=3022
evaluation=710 objective=7.56984523949e-05 qs=7.56984349306e-05 aspect=8.00000417903 mean_iota=-1.21934076064 solver_iterations=3024
evaluation=711 objective=7.31356077755e-05 qs=7.31355854807e-05 aspect=8.00000472173 mean_iota=-1.21934388339 solver_iterations=3025
evaluation=712 objective=7.30685666135e-05 qs=7.3068545153e-05 aspect=8.00000463255 mean_iota=-1.21934381891 solver_iterations=3025
evaluation=713 objective=7.35657839502e-05 qs=7.35657619994e-05 aspect=8.00000468517 mean_iota=-1.219342983 solver_iterations=3080
evaluation=714 objective=7.3592724439e-05 qs=7.35927031933e-05 aspect=8.00000460931 mean_iota=-1.21934354725 solver_iterations=3080
evaluation=715 objective=7.38131669807e-05 qs=7.38111537762e-05 aspect=8.00004486875 mean_iota=-1.21933316202 solver_iterations=3084
evaluation=716 objective=7.40589531103e-05 qs=7.38652307105e-05 aspect=7.99955986093 mean_iota=-1.2193112428 solver_iterations=3089
evaluation=717 objective=7.39912470479e-05 qs=7.39889010822e-05 aspect=7.99995156483 mean_iota=-1.21937968315 solver_iterations=3084
evaluation=718 objective=7.36566974836e-05 qs=7.36566061959e-05 aspect=8.00000955446 mean_iota=-1.21934630456 solver_iterations=3082
evaluation=719 objective=7.36324347322e-05 qs=7.36324086791e-05 aspect=8.00000510422 mean_iota=-1.21934312111 solver_iterations=3080
evaluation=720 objective=7.30743682277e-05 qs=7.30743465181e-05 aspect=8.00000465935 mean_iota=-1.21934378236 solver_iterations=3025
evaluation=721 objective=7.30692966386e-05 qs=7.3069275173e-05 aspect=8.0000046331 mean_iota=-1.21934380207 solver_iterations=3025
evaluation=722 objective=7.30670769374e-05 qs=7.30670556506e-05 aspect=8.00000461377 mean_iota=-1.21934381167 solver_iterations=3025
evaluation=723 objective=7.30670399067e-05 qs=7.30670180291e-05 aspect=8.00000467735 mean_iota=-1.21934390879 solver_iterations=3025
evaluation=724 objective=7.35631109334e-05 qs=7.35630847347e-05 aspect=7.99999488153 mean_iota=-1.21936725585 solver_iterations=3084
evaluation=725 objective=7.30717601641e-05 qs=7.30717259217e-05 aspect=8.0000058517 mean_iota=-1.21933845888 solver_iterations=3025
evaluation=726 objective=7.30728349369e-05 qs=7.30727965197e-05 aspect=8.00000619816 mean_iota=-1.21934142862 solver_iterations=3025
evaluation=727 objective=7.30751330572e-05 qs=7.30751084334e-05 aspect=8.00000496225 mean_iota=-1.21934281554 solver_iterations=3025
evaluation=728 objective=7.30839177011e-05 qs=7.30838962322e-05 aspect=8.00000463346 mean_iota=-1.21934369047 solver_iterations=3025
evaluation=729 objective=7.30703113497e-05 qs=7.30702898928e-05 aspect=8.00000463216 mean_iota=-1.21934381502 solver_iterations=3025
evaluation=730 objective=7.3070115908e-05 qs=7.30700944559e-05 aspect=8.00000463164 mean_iota=-1.21934381564 solver_iterations=3025
evaluation=731 objective=7.3066766171e-05 qs=7.30667447497e-05 aspect=8.00000462831 mean_iota=-1.21934382988 solver_iterations=3025
evaluation=732 objective=7.30664750012e-05 qs=7.30664539844e-05 aspect=8.00000458441 mean_iota=-1.21934382958 solver_iterations=3025
evaluation=733 objective=7.30667082307e-05 qs=7.30666863126e-05 aspect=8.00000468167 mean_iota=-1.21934333586 solver_iterations=3025
evaluation=734 objective=7.30672629711e-05 qs=7.30672412913e-05 aspect=8.00000465616 mean_iota=-1.21934374955 solver_iterations=3025
evaluation=735 objective=7.30662725907e-05 qs=7.30662511152e-05 aspect=8.00000463417 mean_iota=-1.21934416376 solver_iterations=3025
evaluation=736 objective=7.3067641259e-05 qs=7.30676198748e-05 aspect=8.00000462431 mean_iota=-1.21934389392 solver_iterations=3025
evaluation=737 objective=7.30676028815e-05 qs=7.3067581391e-05 aspect=8.00000463579 mean_iota=-1.21934382078 solver_iterations=3025
evaluation=738 objective=7.30683348715e-05 qs=7.30683134079e-05 aspect=8.00000463288 mean_iota=-1.21934380618 solver_iterations=3025
evaluation=739 objective=7.30708250596e-05 qs=7.30708036125e-05 aspect=8.0000046311 mean_iota=-1.21934380743 solver_iterations=3025
evaluation=740 objective=7.30668510539e-05 qs=7.30668296167e-05 aspect=8.00000463003 mean_iota=-1.21934381041 solver_iterations=3025
accepted mode=4 iteration=8 objective=7.30668510539e-05
    8    732    3.653342553e-05       2.0221973051.064236646e-05
evaluation=741 objective=7.30886297535e-05 qs=7.30884752325e-05 aspect=8.00001243065 mean_iota=-1.21934592594 solver_iterations=3022
evaluation=742 objective=7.31181288511e-05 qs=7.31180517996e-05 aspect=8.0000087779 mean_iota=-1.21934443793 solver_iterations=3024
evaluation=743 objective=7.30898663905e-05 qs=7.3089844628e-05 aspect=8.00000466503 mean_iota=-1.21934390656 solver_iterations=3025
evaluation=744 objective=7.3068021079e-05 qs=7.30679999216e-05 aspect=8.00000459971 mean_iota=-1.21934377808 solver_iterations=3025
evaluation=745 objective=7.30674139677e-05 qs=7.30673925984e-05 aspect=8.0000046227 mean_iota=-1.21934380216 solver_iterations=3025
evaluation=746 objective=7.30673938908e-05 qs=7.30673724705e-05 aspect=8.0000046282 mean_iota=-1.21934380839 solver_iterations=3025
evaluation=747 objective=7.30673979166e-05 qs=7.30673764837e-05 aspect=8.00000462957 mean_iota=-1.21934380996 solver_iterations=3025
evaluation=748 objective=7.30673994255e-05 qs=7.30673779895e-05 aspect=8.00000462991 mean_iota=-1.21934381036 solver_iterations=3025
evaluation=749 objective=7.3067399965e-05 qs=7.30673785281e-05 aspect=8.00000463 mean_iota=-1.21934381045 solver_iterations=3025
evaluation=750 objective=7.3067400352e-05 qs=7.3067378915e-05 aspect=8.00000463002 mean_iota=-1.21934381047 solver_iterations=3025
evaluation=751 objective=7.30673999271e-05 qs=7.306737849e-05 aspect=8.00000463002 mean_iota=-1.21934381049 solver_iterations=3025
evaluation=752 objective=7.30673999227e-05 qs=7.30673784856e-05 aspect=8.00000463002 mean_iota=-1.21934381049 solver_iterations=3025
evaluation=753 objective=7.30674002145e-05 qs=7.30673787774e-05 aspect=8.00000463002 mean_iota=-1.21934381048 solver_iterations=3025
evaluation=754 objective=7.30673998427e-05 qs=7.30673784056e-05 aspect=8.00000463003 mean_iota=-1.21934381049 solver_iterations=3025
evaluation=755 objective=7.30673998657e-05 qs=7.30673784285e-05 aspect=8.00000463003 mean_iota=-1.21934381049 solver_iterations=3025
evaluation=756 objective=7.30673999278e-05 qs=7.30673784907e-05 aspect=8.00000463003 mean_iota=-1.21934381049 solver_iterations=3025
evaluation=757 objective=7.30673999229e-05 qs=7.30673784858e-05 aspect=8.00000463003 mean_iota=-1.21934381049 solver_iterations=3025
evaluation=758 objective=7.30674003411e-05 qs=7.30673789039e-05 aspect=8.00000463003 mean_iota=-1.21934381048 solver_iterations=3025
evaluation=759 objective=7.30673998648e-05 qs=7.30673784277e-05 aspect=8.00000463003 mean_iota=-1.21934381049 solver_iterations=3025
finished max_mode=4 status=The step size satisfies xtol. objective=7.30668510539e-05 evaluations=750 iterations=8 equilibrium_evaluations=759 nonlinear_iterations=2335412 analytic_jacobians=0 linear_iterations=0
beginning max_mode=5 variables=120 jacobian_method=finite-difference
evaluation=1 objective=7.30674000501e-05 qs=7.3067378613e-05 aspect=8.00000463003 mean_iota=-1.21934381049 solver_iterations=3025
evaluation=2 objective=8.38965290476e-05 qs=8.38954378128e-05 aspect=8.00003303384 mean_iota=-1.2194949736 solver_iterations=3024
evaluation=3 objective=7.41924774173e-05 qs=7.41924633498e-05 aspect=8.00000375068 mean_iota=-1.21934362791 solver_iterations=3082
evaluation=4 objective=7.30741301481e-05 qs=7.30741088197e-05 aspect=8.00000461826 mean_iota=-1.21934373861 solver_iterations=3025
evaluation=5 objective=7.30679082795e-05 qs=7.30678868461e-05 aspect=8.00000462963 mean_iota=-1.21934380064 solver_iterations=3025
evaluation=6 objective=7.30698203044e-05 qs=7.30697988673e-05 aspect=8.00000463002 mean_iota=-1.21934380759 solver_iterations=3025
evaluation=7 objective=7.30729933914e-05 qs=7.30729719505e-05 aspect=8.00000463043 mean_iota=-1.21934381365 solver_iterations=3025
evaluation=8 objective=7.30693527769e-05 qs=7.30693312759e-05 aspect=8.00000463692 mean_iota=-1.21934381666 solver_iterations=3025
evaluation=9 objective=7.34228837499e-05 qs=7.34228546064e-05 aspect=8.00000539847 mean_iota=-1.21934325648 solver_iterations=3024
evaluation=10 objective=8.36260945076e-05 qs=8.36249609653e-05 aspect=7.99996633188 mean_iota=-1.21931703252 solver_iterations=3022
evaluation=11 objective=0.000197597535209 qs=0.000197500296419 aspect=7.99968816865 mean_iota=-1.21875167457 solver_iterations=3029
evaluation=12 objective=0.000168854556149 qs=0.000153222865172 aspect=7.99604630667 mean_iota=-1.21899531697 solver_iterations=3052
evaluation=13 objective=9.09582433184e-05 qs=9.09437426272e-05 aspect=7.99987958118 mean_iota=-1.21928982915 solver_iterations=3036
evaluation=14 objective=7.47187343365e-05 qs=7.47187070238e-05 aspect=8.00000522615 mean_iota=-1.21934219405 solver_iterations=3024
evaluation=15 objective=7.31155747676e-05 qs=7.31155521661e-05 aspect=8.0000047541 mean_iota=-1.21934390395 solver_iterations=3025
evaluation=16 objective=7.30691448472e-05 qs=7.3069123378e-05 aspect=8.00000463349 mean_iota=-1.21934381883 solver_iterations=3025
evaluation=17 objective=7.3064740873e-05 qs=7.3064719433e-05 aspect=8.00000463033 mean_iota=-1.21934381401 solver_iterations=3025
evaluation=18 objective=7.30681807093e-05 qs=7.30681593179e-05 aspect=8.00000462509 mean_iota=-1.21934380722 solver_iterations=3025
evaluation=19 objective=7.35651091064e-05 qs=7.35650879617e-05 aspect=8.00000459834 mean_iota=-1.21934293419 solver_iterations=3080
evaluation=20 objective=7.36098401754e-05 qs=7.36098274005e-05 aspect=8.0000035742 mean_iota=-1.2193426163 solver_iterations=3080
evaluation=21 objective=7.30699044965e-05 qs=7.3069850386e-05 aspect=8.00000735598 mean_iota=-1.21934388409 solver_iterations=3025
evaluation=22 objective=7.39010805554e-05 qs=7.37667438575e-05 aspect=7.99963348029 mean_iota=-1.21939181631 solver_iterations=3129
evaluation=23 objective=7.4172089593e-05 qs=7.41720862083e-05 aspect=7.99999816024 mean_iota=-1.21939936774 solver_iterations=3129
evaluation=24 objective=7.36764713648e-05 qs=7.36763534712e-05 aspect=8.00001085788 mean_iota=-1.219345171 solver_iterations=3082
evaluation=25 objective=7.36220953878e-05 qs=7.36220685326e-05 aspect=8.0000051822 mean_iota=-1.21934291518 solver_iterations=3080
evaluation=26 objective=7.35717627254e-05 qs=7.35717409866e-05 aspect=8.00000466248 mean_iota=-1.21934291964 solver_iterations=3080
evaluation=27 objective=7.30698149832e-05 qs=7.30697935152e-05 aspect=8.00000463336 mean_iota=-1.21934380121 solver_iterations=3025
evaluation=28 objective=7.35816331828e-05 qs=7.35816117425e-05 aspect=8.00000463036 mean_iota=-1.21934295727 solver_iterations=3080
evaluation=29 objective=7.35666339427e-05 qs=7.35666124609e-05 aspect=8.00000463485 mean_iota=-1.21934296186 solver_iterations=3080
evaluation=30 objective=7.30675958303e-05 qs=7.30675742171e-05 aspect=8.000004649 mean_iota=-1.21934381309 solver_iterations=3025
evaluation=31 objective=7.35645657354e-05 qs=7.35645396081e-05 aspect=8.00000511149 mean_iota=-1.21934202599 solver_iterations=3080
evaluation=32 objective=7.30685236601e-05 qs=7.30685236333e-05 aspect=7.9999998361 mean_iota=-1.21933609186 solver_iterations=3025
evaluation=33 objective=7.30666506775e-05 qs=7.30666206875e-05 aspect=8.00000547631 mean_iota=-1.21933965679 solver_iterations=3025
evaluation=34 objective=7.30680132461e-05 qs=7.30679875378e-05 aspect=8.00000507033 mean_iota=-1.21934297473 solver_iterations=3025
evaluation=35 objective=7.30689957949e-05 qs=7.306897285e-05 aspect=8.00000479008 mean_iota=-1.21934328586 solver_iterations=3025
evaluation=36 objective=7.30766571614e-05 qs=7.30766357613e-05 aspect=8.00000462602 mean_iota=-1.21934379309 solver_iterations=3025
evaluation=37 objective=7.30701665799e-05 qs=7.30701451104e-05 aspect=8.00000463353 mean_iota=-1.2193438241 solver_iterations=3025
evaluation=38 objective=7.30693594491e-05 qs=7.30693379942e-05 aspect=8.00000463195 mean_iota=-1.21934381454 solver_iterations=3025
evaluation=39 objective=7.35971321409e-05 qs=7.35971106989e-05 aspect=8.00000463055 mean_iota=-1.21934296183 solver_iterations=3080
evaluation=40 objective=7.35699309576e-05 qs=7.3569909549e-05 aspect=8.00000462694 mean_iota=-1.2193429648 solver_iterations=3080
evaluation=41 objective=7.35650044187e-05 qs=7.35649829022e-05 aspect=8.00000463859 mean_iota=-1.21934295786 solver_iterations=3080
evaluation=42 objective=7.3067133423e-05 qs=7.30671125411e-05 aspect=8.00000456968 mean_iota=-1.21934388917 solver_iterations=3025
evaluation=43 objective=7.30674243374e-05 qs=7.30674023793e-05 aspect=8.00000468594 mean_iota=-1.21934377068 solver_iterations=3025
evaluation=44 objective=7.30674428394e-05 qs=7.30674193934e-05 aspect=8.0000048421 mean_iota=-1.21934456401 solver_iterations=3025
evaluation=45 objective=7.30665746382e-05 qs=7.30665530688e-05 aspect=8.00000464429 mean_iota=-1.21934432894 solver_iterations=3025
evaluation=46 objective=7.30690880701e-05 qs=7.30690665004e-05 aspect=8.00000464432 mean_iota=-1.21934390416 solver_iterations=3025
evaluation=47 objective=7.30682084419e-05 qs=7.30681869252e-05 aspect=8.0000046386 mean_iota=-1.21934380731 solver_iterations=3025
evaluation=48 objective=7.30687045415e-05 qs=7.30686830737e-05 aspect=8.00000463333 mean_iota=-1.21934380331 solver_iterations=3025
evaluation=49 objective=7.30700779551e-05 qs=7.30700565078e-05 aspect=8.00000463113 mean_iota=-1.21934380405 solver_iterations=3025
evaluation=50 objective=7.30941771047e-05 qs=7.30941556641e-05 aspect=8.0000046304 mean_iota=-1.21934381006 solver_iterations=3025
evaluation=51 objective=7.30717219062e-05 qs=7.30717004567e-05 aspect=8.00000463136 mean_iota=-1.21934381899 solver_iterations=3025
evaluation=52 objective=7.30703493091e-05 qs=7.30703279099e-05 aspect=8.00000462593 mean_iota=-1.21934372204 solver_iterations=3025
evaluation=53 objective=7.30638194427e-05 qs=7.30637979087e-05 aspect=8.00000464048 mean_iota=-1.21934347632 solver_iterations=3025
evaluation=54 objective=7.30683523677e-05 qs=7.30683308567e-05 aspect=8.00000463799 mean_iota=-1.21934344723 solver_iterations=3025
evaluation=55 objective=7.30591279205e-05 qs=7.30591064482e-05 aspect=8.00000463382 mean_iota=-1.21934353746 solver_iterations=3025
evaluation=56 objective=7.30658299882e-05 qs=7.30658084852e-05 aspect=8.00000463713 mean_iota=-1.21934367761 solver_iterations=3025
evaluation=57 objective=7.30537678329e-05 qs=7.30537463361e-05 aspect=8.00000463647 mean_iota=-1.21934377439 solver_iterations=3025
evaluation=58 objective=7.30685921442e-05 qs=7.30685706763e-05 aspect=8.00000463334 mean_iota=-1.21934380585 solver_iterations=3025
evaluation=59 objective=7.30731204331e-05 qs=7.30730989831e-05 aspect=8.00000463141 mean_iota=-1.21934381578 solver_iterations=3025
evaluation=60 objective=7.30704901495e-05 qs=7.3070468708e-05 aspect=8.00000463049 mean_iota=-1.21934381379 solver_iterations=3025
evaluation=61 objective=7.31470791345e-05 qs=7.31470576965e-05 aspect=8.00000463013 mean_iota=-1.21934381452 solver_iterations=3025
evaluation=62 objective=7.848052784e-05 qs=7.84805064028e-05 aspect=8.00000463003 mean_iota=-1.2195287811 solver_iterations=3081
evaluation=63 objective=7.41892322921e-05 qs=7.4189210855e-05 aspect=8.00000463003 mean_iota=-1.21934474212 solver_iterations=3082
evaluation=64 objective=7.30689381718e-05 qs=7.30689167347e-05 aspect=8.00000463003 mean_iota=-1.21934376114 solver_iterations=3025
evaluation=65 objective=7.30679688078e-05 qs=7.30679473707e-05 aspect=8.00000463003 mean_iota=-1.21934379932 solver_iterations=3025
evaluation=66 objective=7.30731575976e-05 qs=7.30731361604e-05 aspect=8.00000463003 mean_iota=-1.21934380737 solver_iterations=3025
evaluation=67 objective=7.3068905896e-05 qs=7.30688844608e-05 aspect=8.00000462981 mean_iota=-1.21934380732 solver_iterations=3025
evaluation=68 objective=7.30688386739e-05 qs=7.30688173454e-05 aspect=8.00000461828 mean_iota=-1.21934380378 solver_iterations=3025
evaluation=69 objective=7.38591118097e-05 qs=7.38590944947e-05 aspect=8.00000416113 mean_iota=-1.21934312272 solver_iterations=3081
evaluation=70 objective=8.75493686754e-05 qs=8.75487193741e-05 aspect=8.00002548139 mean_iota=-1.2193706303 solver_iterations=3086
evaluation=71 objective=9.32575023923e-05 qs=9.08740412237e-05 aspect=8.00154384623 mean_iota=-1.21966769783 solver_iterations=3059
evaluation=72 objective=0.000135191326011 qs=0.000111667642432 aspect=7.99514987798 mean_iota=-1.21877489649 solver_iterations=3028
evaluation=73 objective=0.000103730848893 qs=0.000103706621163 aspect=7.99984434741 mean_iota=-1.21926608638 solver_iterations=3022
evaluation=74 objective=7.5699000717e-05 qs=7.56989832527e-05 aspect=8.00000417903 mean_iota=-1.21934076075 solver_iterations=3024
evaluation=75 objective=7.3136156875e-05 qs=7.31361345802e-05 aspect=8.00000472173 mean_iota=-1.21934388349 solver_iterations=3025
evaluation=76 objective=7.30691159096e-05 qs=7.30690944491e-05 aspect=8.00000463255 mean_iota=-1.219343819 solver_iterations=3025
evaluation=77 objective=7.30840646681e-05 qs=7.3084043228e-05 aspect=8.00000463035 mean_iota=-1.21934381427 solver_iterations=3025
evaluation=78 objective=7.30712591669e-05 qs=7.30712376931e-05 aspect=8.00000463397 mean_iota=-1.2193438117 solver_iterations=3025
evaluation=79 objective=7.35665570786e-05 qs=7.35665351278e-05 aspect=8.00000468517 mean_iota=-1.21934298308 solver_iterations=3080
evaluation=80 objective=7.35934963118e-05 qs=7.35934750661e-05 aspect=8.00000460931 mean_iota=-1.21934354731 solver_iterations=3080
evaluation=81 objective=7.38139241917e-05 qs=7.38119109872e-05 aspect=8.00004486875 mean_iota=-1.21933316201 solver_iterations=3084
evaluation=82 objective=7.40597404485e-05 qs=7.38660180487e-05 aspect=7.99955986093 mean_iota=-1.2193112427 solver_iterations=3089
evaluation=83 objective=7.39919949526e-05 qs=7.39896489869e-05 aspect=7.99995156483 mean_iota=-1.21937968315 solver_iterations=3084
evaluation=84 objective=7.36574735458e-05 qs=7.36573822581e-05 aspect=8.00000955446 mean_iota=-1.21934630455 solver_iterations=3082
evaluation=85 objective=7.36332070731e-05 qs=7.363318102e-05 aspect=8.00000510422 mean_iota=-1.21934312118 solver_iterations=3080
evaluation=86 objective=7.35724031104e-05 qs=7.35723814009e-05 aspect=8.00000465935 mean_iota=-1.21934292875 solver_iterations=3080
evaluation=87 objective=7.30698463989e-05 qs=7.30698249333e-05 aspect=8.0000046331 mean_iota=-1.21934380215 solver_iterations=3025
evaluation=88 objective=7.30526524327e-05 qs=7.30526309915e-05 aspect=8.00000463046 mean_iota=-1.21934380663 solver_iterations=3025
evaluation=89 objective=7.35626767063e-05 qs=7.35626553114e-05 aspect=8.00000462547 mean_iota=-1.21934295169 solver_iterations=3080
evaluation=90 objective=7.30676260096e-05 qs=7.30676047228e-05 aspect=8.00000461377 mean_iota=-1.21934381177 solver_iterations=3025
evaluation=91 objective=7.30675888171e-05 qs=7.30675669395e-05 aspect=8.00000467735 mean_iota=-1.21934390888 solver_iterations=3025
evaluation=92 objective=7.35638646468e-05 qs=7.35638384481e-05 aspect=7.99999488153 mean_iota=-1.21936725589 solver_iterations=3084
evaluation=93 objective=7.30723113282e-05 qs=7.30722770858e-05 aspect=8.0000058517 mean_iota=-1.21933845896 solver_iterations=3025
evaluation=94 objective=7.30733839829e-05 qs=7.30733455656e-05 aspect=8.00000619816 mean_iota=-1.2193414287 solver_iterations=3025
evaluation=95 objective=7.30756821205e-05 qs=7.30756574966e-05 aspect=8.00000496225 mean_iota=-1.21934281562 solver_iterations=3025
evaluation=96 objective=7.30844654819e-05 qs=7.30844440129e-05 aspect=8.00000463346 mean_iota=-1.21934369057 solver_iterations=3025
evaluation=97 objective=7.30708609897e-05 qs=7.30708395328e-05 aspect=8.00000463216 mean_iota=-1.21934381511 solver_iterations=3025
evaluation=98 objective=7.30706652372e-05 qs=7.30706437851e-05 aspect=8.00000463164 mean_iota=-1.21934381574 solver_iterations=3025
evaluation=99 objective=7.30079578988e-05 qs=7.30079364567e-05 aspect=8.00000463057 mean_iota=-1.21934381223 solver_iterations=3025
evaluation=100 objective=7.35647828665e-05 qs=7.35647613945e-05 aspect=8.00000463379 mean_iota=-1.21934297441 solver_iterations=3080
evaluation=101 objective=7.30673147678e-05 qs=7.30672933465e-05 aspect=8.00000462831 mean_iota=-1.21934382997 solver_iterations=3025
evaluation=102 objective=7.30670244563e-05 qs=7.30670034395e-05 aspect=8.00000458441 mean_iota=-1.21934382966 solver_iterations=3025
evaluation=103 objective=7.30672574439e-05 qs=7.30672355259e-05 aspect=8.00000468167 mean_iota=-1.21934333594 solver_iterations=3025
evaluation=104 objective=7.30678117971e-05 qs=7.30677901173e-05 aspect=8.00000465616 mean_iota=-1.21934374964 solver_iterations=3025
evaluation=105 objective=7.30668220106e-05 qs=7.30668005351e-05 aspect=8.00000463417 mean_iota=-1.21934416386 solver_iterations=3025
evaluation=106 objective=7.30681911248e-05 qs=7.30681697406e-05 aspect=8.00000462431 mean_iota=-1.21934389399 solver_iterations=3025
evaluation=107 objective=7.30681531029e-05 qs=7.30681316124e-05 aspect=8.00000463579 mean_iota=-1.21934382087 solver_iterations=3025
evaluation=108 objective=7.30688839207e-05 qs=7.30688624572e-05 aspect=8.00000463288 mean_iota=-1.21934380627 solver_iterations=3025
evaluation=109 objective=7.3071373103e-05 qs=7.30713516559e-05 aspect=8.0000046311 mean_iota=-1.21934380752 solver_iterations=3025
evaluation=110 objective=7.29827869111e-05 qs=7.29827654702e-05 aspect=8.00000463043 mean_iota=-1.21934380933 solver_iterations=3025
evaluation=111 objective=7.30692768245e-05 qs=7.30692554003e-05 aspect=8.00000462862 mean_iota=-1.21934381584 solver_iterations=3025
evaluation=112 objective=7.30690398878e-05 qs=7.30690184641e-05 aspect=8.00000462856 mean_iota=-1.2193438826 solver_iterations=3025
evaluation=113 objective=7.30656600687e-05 qs=7.30656386058e-05 aspect=8.0000046328 mean_iota=-1.21934432797 solver_iterations=3025
evaluation=114 objective=7.30713424158e-05 qs=7.30713209735e-05 aspect=8.00000463059 mean_iota=-1.21934378689 solver_iterations=3025
evaluation=115 objective=7.30697676181e-05 qs=7.30697461341e-05 aspect=8.00000463508 mean_iota=-1.21934365699 solver_iterations=3025
evaluation=116 objective=7.30752499812e-05 qs=7.30752284806e-05 aspect=8.00000463688 mean_iota=-1.21934369816 solver_iterations=3025
evaluation=117 objective=7.30787835741e-05 qs=7.30787620685e-05 aspect=8.00000463741 mean_iota=-1.21934375979 solver_iterations=3025
evaluation=118 objective=7.30851896869e-05 qs=7.30851682136e-05 aspect=8.00000463393 mean_iota=-1.21934379463 solver_iterations=3025
evaluation=119 objective=7.30825027981e-05 qs=7.3082481346e-05 aspect=8.00000463163 mean_iota=-1.21934380827 solver_iterations=3025
evaluation=120 objective=7.30406729633e-05 qs=7.30406515212e-05 aspect=8.00000463056 mean_iota=-1.21934381212 solver_iterations=3025
evaluation=121 objective=7.30995847771e-05 qs=7.30995633389e-05 aspect=8.00000463014 mean_iota=-1.21934381156 solver_iterations=3025
 iter   nfev              cost        optimality       radius
    0    121    3.653370003e-05       2.405245306 0.2941394057
evaluation=122 objective=0.0594246902799 qs=0.0593966400319 aspect=7.99470375151 mean_iota=-1.23350869134 solver_iterations=2583
evaluation=123 objective=0.000574520922333 qs=0.000574492605771 aspect=8.00016827526 mean_iota=-1.22840968968 solver_iterations=2835
evaluation=124 objective=9.51322189791e-05 qs=9.50055975976e-05 aspect=7.99964416102 mean_iota=-1.22096598216 solver_iterations=3047
evaluation=125 objective=6.25559771156e-05 qs=6.25554145943e-05 aspect=7.99997628247 mean_iota=-1.21954655486 solver_iterations=3074
evaluation=126 objective=7.49197648503e-05 qs=7.49197424324e-05 aspect=8.00000473476 mean_iota=-1.21969772281 solver_iterations=3076
evaluation=127 objective=6.38001521399e-05 qs=6.37995467564e-05 aspect=7.99997539546 mean_iota=-1.21954724397 solver_iterations=3074
evaluation=128 objective=6.26022566544e-05 qs=6.2601693361e-05 aspect=7.9999762662 mean_iota=-1.21954645433 solver_iterations=3074
evaluation=129 objective=6.25638230297e-05 qs=6.25632604882e-05 aspect=7.99997628204 mean_iota=-1.21954654409 solver_iterations=3074
evaluation=130 objective=6.25499661332e-05 qs=6.25494036114e-05 aspect=7.99997628246 mean_iota=-1.21954655144 solver_iterations=3074
evaluation=131 objective=6.25871759279e-05 qs=6.25866134309e-05 aspect=7.99997628298 mean_iota=-1.21954655937 solver_iterations=3074
evaluation=132 objective=6.26010809129e-05 qs=6.26005187271e-05 aspect=7.99997628954 mean_iota=-1.21954656122 solver_iterations=3074
evaluation=133 objective=6.3794604761e-05 qs=6.37940785264e-05 aspect=7.9999770602 mean_iota=-1.21954621525 solver_iterations=3076
evaluation=134 objective=7.65291432746e-05 qs=7.6525244138e-05 aspect=7.99993755693 mean_iota=-1.21951958801 solver_iterations=3074
evaluation=135 objective=0.000195910978088 qs=0.000195795512836 aspect=7.99966019822 mean_iota=-1.21895507807 solver_iterations=3071
evaluation=136 objective=0.00016584974435 qs=0.00014999187199 aspect=7.99601780558 mean_iota=-1.21919688055 solver_iterations=3105
evaluation=137 objective=8.4718246343e-05 qs=8.46959613123e-05 aspect=7.99985071828 mean_iota=-1.21949440493 solver_iterations=3083
evaluation=138 objective=6.56656553404e-05 qs=6.56651186936e-05 aspect=7.99997683436 mean_iota=-1.21954495741 solver_iterations=3073
evaluation=139 objective=6.29107528357e-05 qs=6.29101971905e-05 aspect=7.99997642787 mean_iota=-1.2195466763 solver_iterations=3074
evaluation=140 objective=6.25818232417e-05 qs=6.25812609013e-05 aspect=7.99997628628 mean_iota=-1.21954656606 solver_iterations=3074
evaluation=141 objective=6.25433407897e-05 qs=6.25427782948e-05 aspect=7.99997628303 mean_iota=-1.21954655949 solver_iterations=3074
evaluation=142 objective=6.25199134117e-05 qs=6.25193506191e-05 aspect=7.99997627675 mean_iota=-1.21954655297 solver_iterations=3074
evaluation=143 objective=6.25072400253e-05 qs=6.250667578e-05 aspect=7.99997624615 mean_iota=-1.21954652815 solver_iterations=3074
evaluation=144 objective=6.24599778114e-05 qs=6.24593695614e-05 aspect=7.99997533728 mean_iota=-1.21954636337 solver_iterations=3076
evaluation=145 objective=6.25485995219e-05 qs=6.25481789266e-05 aspect=7.99997949158 mean_iota=-1.21954664368 solver_iterations=3074
evaluation=146 objective=6.26968336764e-05 qs=6.25406691171e-05 aspect=7.99960482338 mean_iota=-1.21959487921 solver_iterations=3076
evaluation=147 objective=6.33678739193e-05 qs=6.33669740888e-05 aspect=7.99997000282 mean_iota=-1.21960171564 solver_iterations=3075
evaluation=148 objective=6.27817735448e-05 qs=6.27814737093e-05 aspect=7.99998268424 mean_iota=-1.21954879731 solver_iterations=3074
evaluation=149 objective=6.28087683538e-05 qs=6.2808230587e-05 aspect=7.9999768102 mean_iota=-1.21954651191 solver_iterations=3074
evaluation=150 objective=6.26325186674e-05 qs=6.26319578342e-05 aspect=7.99997631808 mean_iota=-1.2195465159 solver_iterations=3074
evaluation=151 objective=6.25783984319e-05 qs=6.2577836054e-05 aspect=7.99997628549 mean_iota=-1.21954654667 solver_iterations=3074
evaluation=152 objective=6.25821301105e-05 qs=6.25815676059e-05 aspect=7.99997628282 mean_iota=-1.2195465538 solver_iterations=3074
evaluation=153 objective=6.25571917522e-05 qs=6.25566294017e-05 aspect=7.99997628607 mean_iota=-1.21954655865 solver_iterations=3074
evaluation=154 objective=6.25583481632e-05 qs=6.25577869999e-05 aspect=7.99997631112 mean_iota=-1.21954655558 solver_iterations=3074
evaluation=155 objective=6.25607774459e-05 qs=6.25602369772e-05 aspect=7.99997675202 mean_iota=-1.219545608 solver_iterations=3076
evaluation=156 objective=6.25706924611e-05 qs=6.25698835097e-05 aspect=7.99997155793 mean_iota=-1.21953892001 solver_iterations=3073
evaluation=157 objective=6.25594251335e-05 qs=6.25589050826e-05 aspect=7.99997719537 mean_iota=-1.2195422978 solver_iterations=3074
evaluation=158 objective=6.25566239161e-05 qs=6.25560796958e-05 aspect=7.99997667147 mean_iota=-1.21954584155 solver_iterations=3074
evaluation=159 objective=6.25773938877e-05 qs=6.25768401077e-05 aspect=7.99997646747 mean_iota=-1.21954612129 solver_iterations=3074
evaluation=160 objective=6.25769922453e-05 qs=6.25764310139e-05 aspect=7.99997630968 mean_iota=-1.21954656157 solver_iterations=3074
evaluation=161 objective=6.25644643635e-05 qs=6.25639022889e-05 aspect=7.99997629189 mean_iota=-1.21954656897 solver_iterations=3074
evaluation=162 objective=6.25761338292e-05 qs=6.25755713597e-05 aspect=7.99997628356 mean_iota=-1.21954656357 solver_iterations=3074
evaluation=163 objective=6.25562414162e-05 qs=6.25556789045e-05 aspect=7.99997628267 mean_iota=-1.21954655941 solver_iterations=3074
evaluation=164 objective=6.25536050005e-05 qs=6.25530420921e-05 aspect=7.99997627431 mean_iota=-1.21954655209 solver_iterations=3074
evaluation=165 objective=6.25559926337e-05 qs=6.25554307014e-05 aspect=7.99997629489 mean_iota=-1.21954654909 solver_iterations=3074
evaluation=166 objective=6.2557037856e-05 qs=6.25564706986e-05 aspect=7.99997618493 mean_iota=-1.21954665285 solver_iterations=3076
evaluation=167 objective=6.2556987493e-05 qs=6.25564274713e-05 aspect=7.99997633522 mean_iota=-1.21954650813 solver_iterations=3074
evaluation=168 objective=6.25592564665e-05 qs=6.25587016264e-05 aspect=7.99997644495 mean_iota=-1.21954725255 solver_iterations=3074
evaluation=169 objective=6.25570412186e-05 qs=6.25564777853e-05 aspect=7.99997626325 mean_iota=-1.21954705821 solver_iterations=3074
evaluation=170 objective=6.25575131332e-05 qs=6.25569506831e-05 aspect=7.99997628397 mean_iota=-1.2195466312 solver_iterations=3074
evaluation=171 objective=6.25513601036e-05 qs=6.2550797766e-05 aspect=7.99997628634 mean_iota=-1.2195465498 solver_iterations=3074
evaluation=172 objective=6.25577653802e-05 qs=6.25572028904e-05 aspect=7.99997628313 mean_iota=-1.21954654853 solver_iterations=3074
evaluation=173 objective=6.25502690977e-05 qs=6.25497066084e-05 aspect=7.99997628314 mean_iota=-1.21954655104 solver_iterations=3074
evaluation=174 objective=6.25423861966e-05 qs=6.25418236863e-05 aspect=7.9999762827 mean_iota=-1.219546556 solver_iterations=3074
evaluation=175 objective=6.25589906284e-05 qs=6.25584281327e-05 aspect=7.99997628301 mean_iota=-1.21954655334 solver_iterations=3074
evaluation=176 objective=6.25551125045e-05 qs=6.25545496196e-05 aspect=7.9999762748 mean_iota=-1.21954644788 solver_iterations=3074
evaluation=177 objective=6.25573395633e-05 qs=6.2556777552e-05 aspect=7.99997629322 mean_iota=-1.21954619826 solver_iterations=3076
evaluation=178 objective=6.25558134454e-05 qs=6.25552513907e-05 aspect=7.99997629231 mean_iota=-1.21954618586 solver_iterations=3074
evaluation=179 objective=6.25590915779e-05 qs=6.25585292438e-05 aspect=7.99997628642 mean_iota=-1.21954627904 solver_iterations=3076
evaluation=180 objective=6.25575408966e-05 qs=6.25569786653e-05 aspect=7.99997628858 mean_iota=-1.21954642001 solver_iterations=3074
evaluation=181 objective=6.25512392257e-05 qs=6.25506769918e-05 aspect=7.99997628853 mean_iota=-1.21954651858 solver_iterations=3074
evaluation=182 objective=6.25510753465e-05 qs=6.25505129491e-05 aspect=7.99997628508 mean_iota=-1.21954655043 solver_iterations=3074
evaluation=183 objective=6.25416158927e-05 qs=6.25410534189e-05 aspect=7.99997628347 mean_iota=-1.21954656027 solver_iterations=3074
evaluation=184 objective=6.25588814999e-05 qs=6.25583189966e-05 aspect=7.99997628285 mean_iota=-1.21954656249 solver_iterations=3074
evaluation=185 objective=6.25606091465e-05 qs=6.25600466294e-05 aspect=7.99997628256 mean_iota=-1.21954655984 solver_iterations=3074
evaluation=186 objective=6.64115192843e-05 qs=6.6410956763e-05 aspect=7.99997628247 mean_iota=-1.21973263209 solver_iterations=3076
evaluation=187 objective=6.25619426068e-05 qs=6.25613800854e-05 aspect=7.99997628247 mean_iota=-1.21954850936 solver_iterations=3074
evaluation=188 objective=6.2541121218e-05 qs=6.25405586967e-05 aspect=7.99997628247 mean_iota=-1.21954651297 solver_iterations=3074
evaluation=189 objective=6.25440256636e-05 qs=6.25434631423e-05 aspect=7.99997628247 mean_iota=-1.21954654235 solver_iterations=3074
evaluation=190 objective=6.25475947972e-05 qs=6.25470322759e-05 aspect=7.99997628247 mean_iota=-1.21954655128 solver_iterations=3074
evaluation=191 objective=6.25551715301e-05 qs=6.25546090027e-05 aspect=7.99997628234 mean_iota=-1.21954655255 solver_iterations=3074
evaluation=192 objective=6.25739570055e-05 qs=6.25733938178e-05 aspect=7.99997626842 mean_iota=-1.21954654944 solver_iterations=3074
evaluation=193 objective=6.33862004695e-05 qs=6.33856165772e-05 aspect=7.99997583613 mean_iota=-1.2195468528 solver_iterations=3074
evaluation=194 objective=7.9607385086e-05 qs=7.9607377156e-05 aspect=7.99999718397 mean_iota=-1.21957494716 solver_iterations=3081
evaluation=195 objective=8.58294378442e-05 qs=8.35315462954e-05 aspect=8.00151587979 mean_iota=-1.2198657129 solver_iterations=3099
evaluation=196 objective=0.000120457636549 qs=9.66639136909e-05 aspect=7.99512211902 mean_iota=-1.21897506616 solver_iterations=3044
evaluation=197 objective=9.02429128633e-05 qs=9.02089657279e-05 aspect=7.99981575252 mean_iota=-1.21946742172 solver_iterations=3073
evaluation=198 objective=6.42102665634e-05 qs=6.42096848103e-05 aspect=7.99997588044 mean_iota=-1.21954349817 solver_iterations=3076
evaluation=199 objective=6.25783785053e-05 qs=6.25778193782e-05 aspect=7.99997635413 mean_iota=-1.21954663325 solver_iterations=3074
evaluation=200 objective=6.25687045622e-05 qs=6.25681422775e-05 aspect=7.99997628746 mean_iota=-1.21954656528 solver_iterations=3074
evaluation=201 objective=6.25621535188e-05 qs=6.25615910024e-05 aspect=7.99997628257 mean_iota=-1.21954655973 solver_iterations=3074
evaluation=202 objective=6.25495271991e-05 qs=6.25489648287e-05 aspect=7.99997628565 mean_iota=-1.21954655879 solver_iterations=3074
evaluation=203 objective=6.2557352009e-05 qs=6.25567920502e-05 aspect=7.99997633655 mean_iota=-1.21954659494 solver_iterations=3074
evaluation=204 objective=6.25569112386e-05 qs=6.25563535956e-05 aspect=7.99997638553 mean_iota=-1.21954716356 solver_iterations=3074
evaluation=205 objective=6.28054347777e-05 qs=6.28051509694e-05 aspect=8.00001684661 mean_iota=-1.21953661942 solver_iterations=3075
evaluation=206 objective=6.3220061238e-05 qs=6.29999871272e-05 aspect=7.99953087943 mean_iota=-1.21951476463 solver_iterations=3078
evaluation=207 objective=6.30141879134e-05 qs=6.30084288848e-05 aspect=7.99992411174 mean_iota=-1.21958304408 solver_iterations=3076
evaluation=208 objective=6.26060873876e-05 qs=6.26057259609e-05 aspect=7.99998098877 mean_iota=-1.21954993755 solver_iterations=3073
evaluation=209 objective=6.27058010645e-05 qs=6.27052613e-05 aspect=7.99997676717 mean_iota=-1.21954675977 solver_iterations=3074
evaluation=210 objective=6.25889539561e-05 qs=6.25883928168e-05 aspect=7.99997631162 mean_iota=-1.21954652995 solver_iterations=3074
evaluation=211 objective=6.25920060095e-05 qs=6.25914435974e-05 aspect=7.99997628477 mean_iota=-1.21954654857 solver_iterations=3074
evaluation=212 objective=6.257109493e-05 qs=6.25705324428e-05 aspect=7.99997628319 mean_iota=-1.21954655288 solver_iterations=3074
evaluation=213 objective=6.25485519112e-05 qs=6.25479891396e-05 aspect=7.99997627719 mean_iota=-1.21954654906 solver_iterations=3074
evaluation=214 objective=6.25513476018e-05 qs=6.25507847286e-05 aspect=7.99997627505 mean_iota=-1.21954656312 solver_iterations=3074
evaluation=215 objective=6.25533765354e-05 qs=6.25528170221e-05 aspect=7.99997634597 mean_iota=-1.21954669429 solver_iterations=3074
evaluation=216 objective=6.25453620376e-05 qs=6.25442416836e-05 aspect=7.99996652831 mean_iota=-1.21957043676 solver_iterations=3075
evaluation=217 objective=6.25579545733e-05 qs=6.2557441332e-05 aspect=7.99997734517 mean_iota=-1.21954189052 solver_iterations=3073
evaluation=218 objective=6.25505492661e-05 qs=6.25500464722e-05 aspect=7.99997757693 mean_iota=-1.2195445897 solver_iterations=3076
evaluation=219 objective=6.25798713715e-05 qs=6.25793214891e-05 aspect=7.99997655043 mean_iota=-1.21954583877 solver_iterations=3074
evaluation=220 objective=6.25975666627e-05 qs=6.25970049875e-05 aspect=7.99997630031 mean_iota=-1.21954648897 solver_iterations=3074
evaluation=221 objective=6.25763786326e-05 qs=6.25758166742e-05 aspect=7.99997629434 mean_iota=-1.21954656487 solver_iterations=3074
evaluation=222 objective=6.25824447902e-05 qs=6.25818823143e-05 aspect=7.99997628342 mean_iota=-1.21954656467 solver_iterations=3074
evaluation=223 objective=6.25599980333e-05 qs=6.25594355192e-05 aspect=7.99997628262 mean_iota=-1.21954656083 solver_iterations=3074
evaluation=224 objective=6.25544167442e-05 qs=6.25538547553e-05 aspect=7.9999762937 mean_iota=-1.21954655844 solver_iterations=3074
evaluation=225 objective=6.25561154798e-05 qs=6.25555529621e-05 aspect=7.99997628254 mean_iota=-1.2195465662 solver_iterations=3074
evaluation=226 objective=6.25584533869e-05 qs=6.25578848198e-05 aspect=7.99997615536 mean_iota=-1.21954659171 solver_iterations=3073
evaluation=227 objective=6.25551199495e-05 qs=6.25545599847e-05 aspect=7.99997633643 mean_iota=-1.21954601598 solver_iterations=3076
evaluation=228 objective=6.25565721382e-05 qs=6.25560121117e-05 aspect=7.99997633512 mean_iota=-1.21954644227 solver_iterations=3074
evaluation=229 objective=6.25636362413e-05 qs=6.25630740758e-05 aspect=7.99997628997 mean_iota=-1.21954716144 solver_iterations=3074
evaluation=230 objective=6.25686683883e-05 qs=6.25681055852e-05 aspect=7.99997627653 mean_iota=-1.21954668781 solver_iterations=3074
evaluation=231 objective=6.25676944431e-05 qs=6.25671321346e-05 aspect=7.99997628696 mean_iota=-1.21954656536 solver_iterations=3074
evaluation=232 objective=6.25701139334e-05 qs=6.25695514072e-05 aspect=7.99997628237 mean_iota=-1.21954655159 solver_iterations=3074
evaluation=233 objective=6.25455784526e-05 qs=6.25450159535e-05 aspect=7.99997628294 mean_iota=-1.2195465535 solver_iterations=3074
evaluation=234 objective=6.25693173112e-05 qs=6.25687548018e-05 aspect=7.99997628272 mean_iota=-1.21954655684 solver_iterations=3074
evaluation=235 objective=6.25589377431e-05 qs=6.25583752133e-05 aspect=7.99997628229 mean_iota=-1.21954654923 solver_iterations=3074
evaluation=236 objective=6.25539534265e-05 qs=6.25533906964e-05 aspect=7.99997627807 mean_iota=-1.21954660852 solver_iterations=3076
evaluation=237 objective=6.25545740042e-05 qs=6.25540112509e-05 aspect=7.99997627758 mean_iota=-1.21954705526 solver_iterations=3074
evaluation=238 objective=6.2553016847e-05 qs=6.25524543299e-05 aspect=7.99997628256 mean_iota=-1.21954651262 solver_iterations=3076
evaluation=239 objective=6.25516493422e-05 qs=6.25510865793e-05 aspect=7.99997627737 mean_iota=-1.21954638084 solver_iterations=3076
evaluation=240 objective=6.25490766605e-05 qs=6.25485142935e-05 aspect=7.99997628572 mean_iota=-1.21954642419 solver_iterations=3076
evaluation=241 objective=6.2549027711e-05 qs=6.25484652847e-05 aspect=7.99997628447 mean_iota=-1.21954649179 solver_iterations=3074
evaluation=242 objective=6.25582774193e-05 qs=6.25577149992e-05 aspect=7.9999762846 mean_iota=-1.21954653816 solver_iterations=3074
evaluation=243 objective=6.25429674591e-05 qs=6.25424049786e-05 aspect=7.99997628333 mean_iota=-1.21954655647 solver_iterations=3074
evaluation=244 objective=6.25616277093e-05 qs=6.25610652094e-05 aspect=7.99997628292 mean_iota=-1.21954656142 solver_iterations=3074
evaluation=245 objective=6.25778391265e-05 qs=6.25772766117e-05 aspect=7.99997628261 mean_iota=-1.21954655923 solver_iterations=3074
evaluation=246 objective=6.25559771156e-05 qs=6.25554145943e-05 aspect=7.99997628247 mean_iota=-1.21954655486 solver_iterations=3074
accepted mode=5 iteration=1 objective=6.25559771156e-05
    1    245    3.127798856e-05      0.21946064620.0007238326649
evaluation=247 objective=5.77675902405e-05 qs=5.77656547457e-05 aspect=7.99995600574 mean_iota=-1.21966243504 solver_iterations=3038
evaluation=248 objective=6.87339928591e-05 qs=6.87337544792e-05 aspect=7.99998456044 mean_iota=-1.21981367335 solver_iterations=3031
evaluation=249 objective=5.83821469968e-05 qs=5.8380131867e-05 aspect=7.9999551098 mean_iota=-1.21966289491 solver_iterations=3038
evaluation=250 objective=5.77441835897e-05 qs=5.77422465553e-05 aspect=7.99995598825 mean_iota=-1.21966230999 solver_iterations=3038
evaluation=251 objective=5.77702070813e-05 qs=5.77682715468e-05 aspect=7.99995600529 mean_iota=-1.21966242277 solver_iterations=3038
evaluation=252 objective=5.77725926728e-05 qs=5.77706571768e-05 aspect=7.99995600573 mean_iota=-1.21966243037 solver_iterations=3038
evaluation=253 objective=5.77723351078e-05 qs=5.777039964e-05 aspect=7.99995600605 mean_iota=-1.21966244032 solver_iterations=3038
evaluation=254 objective=5.77486445419e-05 qs=5.77467096406e-05 aspect=7.99995601249 mean_iota=-1.21966244395 solver_iterations=3038
evaluation=255 objective=5.80635422754e-05 qs=5.80616672984e-05 aspect=7.999956699 mean_iota=-1.21966227768 solver_iterations=3038
evaluation=256 objective=6.79911718942e-05 qs=6.79844294423e-05 aspect=7.99991788757 mean_iota=-1.21963777561 solver_iterations=3080
evaluation=257 objective=0.000181662999349 qs=0.000181535232748 aspect=7.99964255546 mean_iota=-1.21906877516 solver_iterations=3070
evaluation=258 objective=0.000153523154573 qs=0.000137531691682 aspect=7.99600106728 mean_iota=-1.2193143476 solver_iterations=3116
evaluation=259 objective=7.50647289821e-05 qs=7.50361324619e-05 aspect=7.99983089494 mean_iota=-1.21960917142 solver_iterations=3087
evaluation=260 objective=5.90357735231e-05 qs=5.90338818103e-05 aspect=7.99995650617 mean_iota=-1.21966171625 solver_iterations=3033
evaluation=261 objective=5.78199024097e-05 qs=5.78179805473e-05 aspect=7.99995616095 mean_iota=-1.21966259691 solver_iterations=3038
evaluation=262 objective=5.7755477939e-05 qs=5.77535428224e-05 aspect=7.99995601004 mean_iota=-1.21966244868 solver_iterations=3038
evaluation=263 objective=5.77779266876e-05 qs=5.77759912344e-05 aspect=7.99995600621 mean_iota=-1.21966243868 solver_iterations=3038
evaluation=264 objective=5.77702722927e-05 qs=5.77683363244e-05 aspect=7.99995600036 mean_iota=-1.21966243273 solver_iterations=3038
evaluation=265 objective=5.77741213293e-05 qs=5.77721820853e-05 aspect=7.99995596315 mean_iota=-1.21966239622 solver_iterations=3038
evaluation=266 objective=5.78177295021e-05 qs=5.78157125272e-05 aspect=7.99995508926 mean_iota=-1.21966217068 solver_iterations=3038
evaluation=267 objective=5.77674542312e-05 qs=5.77658369592e-05 aspect=7.99995978468 mean_iota=-1.2196625267 solver_iterations=3038
evaluation=268 objective=5.81498180781e-05 qs=5.79769706792e-05 aspect=7.9995842508 mean_iota=-1.2197104205 solver_iterations=3040
evaluation=269 objective=5.85076145539e-05 qs=5.85050423907e-05 aspect=7.9999492835 mean_iota=-1.2197171344 solver_iterations=3040
evaluation=270 objective=5.78428025619e-05 qs=5.78413965735e-05 aspect=7.99996250349 mean_iota=-1.21966456091 solver_iterations=3038
evaluation=271 objective=5.7903159116e-05 qs=5.79012709836e-05 aspect=7.99995654736 mean_iota=-1.21966228729 solver_iterations=3038
evaluation=272 objective=5.77393034865e-05 qs=5.77373719315e-05 aspect=7.99995605054 mean_iota=-1.21966236187 solver_iterations=3038
evaluation=273 objective=5.77703018475e-05 qs=5.77683666427e-05 aspect=7.99995600904 mean_iota=-1.21966242355 solver_iterations=3038
evaluation=274 objective=5.77770836271e-05 qs=5.77751481523e-05 aspect=7.99995600597 mean_iota=-1.21966243163 solver_iterations=3038
evaluation=275 objective=5.7773289594e-05 qs=5.77713543506e-05 aspect=7.9999560086 mean_iota=-1.21966243944 solver_iterations=3038
evaluation=276 objective=5.77707451841e-05 qs=5.77688139104e-05 aspect=7.99995605374 mean_iota=-1.21966243215 solver_iterations=3038
evaluation=277 objective=5.77683839529e-05 qs=5.77664716638e-05 aspect=7.99995627027 mean_iota=-1.21966179657 solver_iterations=3038
evaluation=278 objective=5.7781656025e-05 qs=5.77792988752e-05 aspect=7.99995144951 mean_iota=-1.21965494965 solver_iterations=3038
evaluation=279 objective=5.77673968604e-05 qs=5.7765545841e-05 aspect=7.99995697652 mean_iota=-1.21965808068 solver_iterations=3038
evaluation=280 objective=5.77662673803e-05 qs=5.77643841447e-05 aspect=7.99995660374 mean_iota=-1.21966137402 solver_iterations=3038
evaluation=281 objective=5.77779314525e-05 qs=5.7776012845e-05 aspect=7.99995619809 mean_iota=-1.21966209386 solver_iterations=3038
evaluation=282 objective=5.7761314842e-05 qs=5.77593823349e-05 aspect=7.99995603971 mean_iota=-1.21966244924 solver_iterations=3038
evaluation=283 objective=5.77716497641e-05 qs=5.77697152927e-05 aspect=7.99995601737 mean_iota=-1.21966244943 solver_iterations=3038
evaluation=284 objective=5.77740477716e-05 qs=5.77721124414e-05 aspect=7.99995600761 mean_iota=-1.21966244521 solver_iterations=3038
evaluation=285 objective=5.77800030082e-05 qs=5.77780675317e-05 aspect=7.99995600595 mean_iota=-1.21966243861 solver_iterations=3038
evaluation=286 objective=5.77669111344e-05 qs=5.77649751587e-05 aspect=7.99995600028 mean_iota=-1.21966243066 solver_iterations=3038
evaluation=287 objective=5.77670400017e-05 qs=5.77651052444e-05 aspect=7.99995601412 mean_iota=-1.21966242668 solver_iterations=3038
evaluation=288 objective=5.77677073579e-05 qs=5.77657652754e-05 aspect=7.99995593093 mean_iota=-1.21966251307 solver_iterations=3038
evaluation=289 objective=5.77676961908e-05 qs=5.7765766304e-05 aspect=7.99995606952 mean_iota=-1.21966236314 solver_iterations=3038
evaluation=290 objective=5.77663818217e-05 qs=5.77644575272e-05 aspect=7.99995613322 mean_iota=-1.21966297873 solver_iterations=3038
evaluation=291 objective=5.77700015968e-05 qs=5.77680653623e-05 aspect=7.99995599734 mean_iota=-1.21966280731 solver_iterations=3038
evaluation=292 objective=5.77642793468e-05 qs=5.77623444395e-05 aspect=7.99995601242 mean_iota=-1.21966248282 solver_iterations=3038
evaluation=293 objective=5.7772220319e-05 qs=5.77702853492e-05 aspect=7.99995601171 mean_iota=-1.2196624272 solver_iterations=3038
evaluation=294 objective=5.77684403264e-05 qs=5.77665050707e-05 aspect=7.99995600846 mean_iota=-1.21966242906 solver_iterations=3038
evaluation=295 objective=5.77721554172e-05 qs=5.77702200365e-05 aspect=7.99995600704 mean_iota=-1.21966243881 solver_iterations=3038
evaluation=296 objective=5.77818564282e-05 qs=5.77799209427e-05 aspect=7.99995600585 mean_iota=-1.21966244233 solver_iterations=3038
evaluation=297 objective=5.77684068959e-05 qs=5.77664711917e-05 aspect=7.99995600336 mean_iota=-1.21966243514 solver_iterations=3038
evaluation=298 objective=5.77674564258e-05 qs=5.77655205559e-05 aspect=7.99995600148 mean_iota=-1.21966232334 solver_iterations=3038
evaluation=299 objective=5.77665068901e-05 qs=5.77645722154e-05 aspect=7.99995601506 mean_iota=-1.21966208853 solver_iterations=3038
evaluation=300 objective=5.77678891034e-05 qs=5.77659544857e-05 aspect=7.99995601571 mean_iota=-1.21966206212 solver_iterations=3038
evaluation=301 objective=5.77671380538e-05 qs=5.77652029969e-05 aspect=7.99995601072 mean_iota=-1.21966216937 solver_iterations=3038
evaluation=302 objective=5.77649474962e-05 qs=5.77630124569e-05 aspect=7.99995601092 mean_iota=-1.21966231861 solver_iterations=3038
evaluation=303 objective=5.77686783451e-05 qs=5.77667432782e-05 aspect=7.9999560106 mean_iota=-1.2196624085 solver_iterations=3038
evaluation=304 objective=5.77694439108e-05 qs=5.77675086012e-05 aspect=7.99995600785 mean_iota=-1.2196624395 solver_iterations=3038
evaluation=305 objective=5.77682235479e-05 qs=5.77662881151e-05 aspect=7.99995600645 mean_iota=-1.21966244818 solver_iterations=3038
evaluation=306 objective=5.77729873319e-05 qs=5.77710518443e-05 aspect=7.99995600582 mean_iota=-1.21966245246 solver_iterations=3038
evaluation=307 objective=5.77733047128e-05 qs=5.7771369214e-05 aspect=7.9999560057 mean_iota=-1.21966244662 solver_iterations=3038
evaluation=308 objective=6.26875159574e-05 qs=6.26855804625e-05 aspect=7.99995600574 mean_iota=-1.21984862937 solver_iterations=3040
evaluation=309 objective=5.84000725462e-05 qs=5.83981370514e-05 aspect=7.99995600574 mean_iota=-1.21966425934 solver_iterations=3038
evaluation=310 objective=5.77820614145e-05 qs=5.77801259196e-05 aspect=7.99995600574 mean_iota=-1.21966238371 solver_iterations=3038
evaluation=311 objective=5.77625981009e-05 qs=5.7760662606e-05 aspect=7.99995600574 mean_iota=-1.2196624208 solver_iterations=3038
evaluation=312 objective=5.77786913629e-05 qs=5.7776755868e-05 aspect=7.99995600574 mean_iota=-1.21966243058 solver_iterations=3038
evaluation=313 objective=5.77872017107e-05 qs=5.77852662142e-05 aspect=7.99995600572 mean_iota=-1.21966243099 solver_iterations=3038
evaluation=314 objective=5.7742869188e-05 qs=5.77409321395e-05 aspect=7.99995598809 mean_iota=-1.21966242237 solver_iterations=3038
evaluation=315 objective=5.80744669757e-05 qs=5.80724880938e-05 aspect=7.99995551537 mean_iota=-1.2196626118 solver_iterations=3038
evaluation=316 objective=7.14580352547e-05 qs=7.14574992565e-05 aspect=7.99997684836 mean_iota=-1.21968966992 solver_iterations=3038
evaluation=317 objective=7.68400193622e-05 qs=7.46134633385e-05 aspect=8.00149216488 mean_iota=-1.219990396 solver_iterations=3081
evaluation=318 objective=0.000119984896921 qs=9.60329556633e-05 aspect=7.99510592795 mean_iota=-1.21909246181 solver_iterations=3036
evaluation=319 objective=8.86250077457e-05 qs=8.85831248247e-05 aspect=7.99979534683 mean_iota=-1.21958327845 solver_iterations=3032
evaluation=320 objective=6.06666737931e-05 qs=6.06646874769e-05 aspect=7.99995543189 mean_iota=-1.21965981757 solver_iterations=3038
evaluation=321 objective=5.78651223442e-05 qs=5.78631931933e-05 aspect=7.9999560779 mean_iota=-1.21966253096 solver_iterations=3038
evaluation=322 objective=5.77532105435e-05 qs=5.77512755004e-05 aspect=7.99995601087 mean_iota=-1.21966244765 solver_iterations=3038
evaluation=323 objective=5.77735894772e-05 qs=5.77716539913e-05 aspect=7.99995600584 mean_iota=-1.21966244083 solver_iterations=3038
evaluation=324 objective=5.77664142341e-05 qs=5.77644790479e-05 aspect=7.99995600925 mean_iota=-1.21966243845 solver_iterations=3038
evaluation=325 objective=5.7768857253e-05 qs=5.77669257584e-05 aspect=7.99995605123 mean_iota=-1.21966245975 solver_iterations=3038
evaluation=326 objective=5.78052732186e-05 qs=5.78033470986e-05 aspect=7.99995611242 mean_iota=-1.21966298301 solver_iterations=3038
evaluation=327 objective=5.79887293529e-05 qs=5.79887211794e-05 aspect=7.99999714107 mean_iota=-1.21965248197 solver_iterations=3040
evaluation=328 objective=5.82129235064e-05 qs=5.79732410671e-05 aspect=7.99951042627 mean_iota=-1.21963119794 solver_iterations=3042
evaluation=329 objective=5.82103380569e-05 qs=5.82011464801e-05 aspect=7.99990412729 mean_iota=-1.21969890999 solver_iterations=3037
evaluation=330 objective=5.78868779212e-05 qs=5.78853501612e-05 aspect=7.99996091343 mean_iota=-1.21966595645 solver_iterations=3038
evaluation=331 objective=5.78916870868e-05 qs=5.78897936943e-05 aspect=7.99995648687 mean_iota=-1.21966259843 solver_iterations=3038
evaluation=332 objective=5.77525380655e-05 qs=5.77506049502e-05 aspect=7.99995603279 mean_iota=-1.21966239316 solver_iterations=3038
evaluation=333 objective=5.77598361283e-05 qs=5.77579008847e-05 aspect=7.9999560086 mean_iota=-1.21966242547 solver_iterations=3038
evaluation=334 objective=5.77639424242e-05 qs=5.77620070135e-05 aspect=7.9999560067 mean_iota=-1.21966243206 solver_iterations=3038
evaluation=335 objective=5.77743526378e-05 qs=5.77724166541e-05 aspect=7.99995600018 mean_iota=-1.21966242788 solver_iterations=3038
evaluation=336 objective=5.77690322948e-05 qs=5.77670970754e-05 aspect=7.99995600887 mean_iota=-1.21966243543 solver_iterations=3038
evaluation=337 objective=5.77687980724e-05 qs=5.77668690393e-05 aspect=7.99995607924 mean_iota=-1.21966267672 solver_iterations=3038
evaluation=338 objective=5.78064980546e-05 qs=5.78036513422e-05 aspect=7.99994664541 mean_iota=-1.21968568471 solver_iterations=3040
evaluation=339 objective=5.77862155655e-05 qs=5.77843581552e-05 aspect=7.99995690232 mean_iota=-1.21965835205 solver_iterations=3038
evaluation=340 objective=5.776987328e-05 qs=5.77680273894e-05 aspect=7.99995703617 mean_iota=-1.21966072483 solver_iterations=3038
evaluation=341 objective=5.77799730449e-05 qs=5.77780565729e-05 aspect=7.99995622247 mean_iota=-1.21966188797 solver_iterations=3038
evaluation=342 objective=5.77492779909e-05 qs=5.77473446416e-05 aspect=7.99995603013 mean_iota=-1.21966237571 solver_iterations=3038
evaluation=343 objective=5.7770601959e-05 qs=5.77686677088e-05 aspect=7.99995601989 mean_iota=-1.21966244498 solver_iterations=3038
evaluation=344 objective=5.77595716114e-05 qs=5.77576362931e-05 aspect=7.99995600775 mean_iota=-1.21966244607 solver_iterations=3038
evaluation=345 objective=5.77743608454e-05 qs=5.77724253709e-05 aspect=7.99995600597 mean_iota=-1.21966244417 solver_iterations=3038
evaluation=346 objective=5.77670226864e-05 qs=5.77650882508e-05 aspect=7.99995601778 mean_iota=-1.21966243709 solver_iterations=3038
evaluation=347 objective=5.77672469762e-05 qs=5.77653105393e-05 aspect=7.99995599503 mean_iota=-1.21966244233 solver_iterations=3038
evaluation=348 objective=5.77841302427e-05 qs=5.77821869267e-05 aspect=7.99995591694 mean_iota=-1.21966245913 solver_iterations=3038
evaluation=349 objective=5.77680578798e-05 qs=5.7766127779e-05 aspect=7.99995606709 mean_iota=-1.21966174271 solver_iterations=3038
evaluation=350 objective=5.77680799656e-05 qs=5.77661502739e-05 aspect=7.99995607174 mean_iota=-1.21966229616 solver_iterations=3038
evaluation=351 objective=5.77722744645e-05 qs=5.77703419053e-05 aspect=7.99995603912 mean_iota=-1.21966298288 solver_iterations=3038
evaluation=352 objective=5.77605983127e-05 qs=5.77586629638e-05 aspect=7.9999560074 mean_iota=-1.21966252867 solver_iterations=3038
evaluation=353 objective=5.77711000981e-05 qs=5.77691650991e-05 aspect=7.99995601138 mean_iota=-1.21966244525 solver_iterations=3038
evaluation=354 objective=5.77682456812e-05 qs=5.77663103385e-05 aspect=7.99995600747 mean_iota=-1.21966243405 solver_iterations=3038
evaluation=355 objective=5.7770585601e-05 qs=5.77686502217e-05 aspect=7.99995600705 mean_iota=-1.21966243721 solver_iterations=3038
evaluation=356 objective=5.77854045044e-05 qs=5.77834690244e-05 aspect=7.99995600591 mean_iota=-1.21966244415 solver_iterations=3038
evaluation=357 objective=5.77678884395e-05 qs=5.77659528783e-05 aspect=7.99995600499 mean_iota=-1.21966244151 solver_iterations=3038
evaluation=358 objective=5.77668777787e-05 qs=5.77649420378e-05 aspect=7.99995600295 mean_iota=-1.21966248968 solver_iterations=3038
evaluation=359 objective=5.77672045448e-05 qs=5.77652685373e-05 aspect=7.99995599992 mean_iota=-1.21966293446 solver_iterations=3038
evaluation=360 objective=5.7767174894e-05 qs=5.77652395007e-05 aspect=7.9999560069 mean_iota=-1.21966240148 solver_iterations=3038
evaluation=361 objective=5.77676105493e-05 qs=5.77656745809e-05 aspect=7.99995600036 mean_iota=-1.21966227522 solver_iterations=3038
evaluation=362 objective=5.77658707856e-05 qs=5.7763935495e-05 aspect=7.99995600806 mean_iota=-1.21966231956 solver_iterations=3038
evaluation=363 objective=5.77709030937e-05 qs=5.77689676947e-05 aspect=7.99995600683 mean_iota=-1.21966238442 solver_iterations=3038
evaluation=364 objective=5.77706440144e-05 qs=5.77687087399e-05 aspect=7.99995600825 mean_iota=-1.21966243445 solver_iterations=3038
evaluation=365 objective=5.7773189872e-05 qs=5.77712544713e-05 aspect=7.99995600681 mean_iota=-1.21966245433 solver_iterations=3038
evaluation=366 objective=5.77819135399e-05 qs=5.77799780647e-05 aspect=7.99995600596 mean_iota=-1.21966245495 solver_iterations=3038
evaluation=367 objective=5.7781720603e-05 qs=5.7779785109e-05 aspect=7.99995600575 mean_iota=-1.21966245008 solver_iterations=3038
evaluation=368 objective=5.77675902405e-05 qs=5.77656547457e-05 aspect=7.99995600574 mean_iota=-1.21966243504 solver_iterations=3038
accepted mode=5 iteration=2 objective=5.77675902405e-05
    2    366    2.888379512e-05      0.10077415970.0007238326649
evaluation=369 objective=5.59965740103e-05 qs=5.59956226687e-05 aspect=7.99996915617 mean_iota=-1.22078249465 solver_iterations=3054
evaluation=370 objective=6.68774436938e-05 qs=6.68774386542e-05 aspect=7.99999775509 mean_iota=-1.22093202543 solver_iterations=3052
evaluation=371 objective=5.74524237748e-05 qs=5.74514168269e-05 aspect=7.99996826756 mean_iota=-1.22076040144 solver_iterations=3037
evaluation=372 objective=5.6045173664e-05 qs=5.60442210851e-05 aspect=7.99996913612 mean_iota=-1.22078239335 solver_iterations=3054
evaluation=373 objective=5.599623972e-05 qs=5.59952883507e-05 aspect=7.99996915573 mean_iota=-1.22078248489 solver_iterations=3054
evaluation=374 objective=5.59771569912e-05 qs=5.59762056487e-05 aspect=7.99996915616 mean_iota=-1.22078249102 solver_iterations=3054
evaluation=375 objective=5.60125244183e-05 qs=5.60115730983e-05 aspect=7.99996915652 mean_iota=-1.22078249663 solver_iterations=3054
evaluation=376 objective=5.60221791378e-05 qs=5.60212281949e-05 aspect=7.99996916264 mean_iota=-1.22078249447 solver_iterations=3054
evaluation=377 objective=5.67127776522e-05 qs=5.67118639243e-05 aspect=7.99996977207 mean_iota=-1.2207818762 solver_iterations=3054
evaluation=378 objective=6.70837477992e-05 qs=6.70790532888e-05 aspect=7.9999314835 mean_iota=-1.22074756232 solver_iterations=3039
evaluation=379 objective=0.000184311196982 qs=0.000184194133012 aspect=7.99965785388 mean_iota=-1.22018260054 solver_iterations=3017
evaluation=380 objective=0.000154705835282 qs=0.000138857987223 aspect=7.99601906442 mean_iota=-1.22041672057 solver_iterations=3062
evaluation=381 objective=7.5260491396e-05 qs=7.52357525639e-05 aspect=7.99984271417 mean_iota=-1.2207221809 solver_iterations=3032
evaluation=382 objective=5.82090324725e-05 qs=5.82081061334e-05 aspect=7.99996956418 mean_iota=-1.22077830374 solver_iterations=3046
evaluation=383 objective=5.61363607682e-05 qs=5.61354187681e-05 aspect=7.99996930798 mean_iota=-1.22078257034 solver_iterations=3054
evaluation=384 objective=5.59986867632e-05 qs=5.59977356974e-05 aspect=7.99996916064 mean_iota=-1.22078250655 solver_iterations=3054
evaluation=385 objective=5.59919235212e-05 qs=5.59909722105e-05 aspect=7.99996915668 mean_iota=-1.22078249833 solver_iterations=3054
evaluation=386 objective=5.59972644926e-05 qs=5.59963128622e-05 aspect=7.99996915149 mean_iota=-1.22078249231 solver_iterations=3054
evaluation=387 objective=5.60015285865e-05 qs=5.60005732809e-05 aspect=7.99996909198 mean_iota=-1.22078248099 solver_iterations=3054
evaluation=388 objective=5.60101323091e-05 qs=5.60091314979e-05 aspect=7.9999683644 mean_iota=-1.22078244261 solver_iterations=3055
evaluation=389 objective=5.60020361235e-05 qs=5.60013708035e-05 aspect=7.9999742062 mean_iota=-1.22078267316 solver_iterations=3054
evaluation=390 objective=5.68858997534e-05 qs=5.67221309616e-05 aspect=7.99959531643 mean_iota=-1.22080924138 solver_iterations=3037
evaluation=391 objective=5.73393874613e-05 qs=5.73380305452e-05 aspect=7.99996316366 mean_iota=-1.22081655363 solver_iterations=3037
evaluation=392 objective=5.66403521087e-05 qs=5.66397513805e-05 aspect=7.99997549024 mean_iota=-1.22076196462 solver_iterations=3037
evaluation=393 objective=5.60884909706e-05 qs=5.60875744418e-05 aspect=7.99996972577 mean_iota=-1.22078250059 solver_iterations=3054
evaluation=394 objective=5.60136540327e-05 qs=5.60127052127e-05 aspect=7.99996919708 mean_iota=-1.22078245104 solver_iterations=3054
evaluation=395 objective=5.59948348847e-05 qs=5.59938837324e-05 aspect=7.99996915924 mean_iota=-1.2207824831 solver_iterations=3054
evaluation=396 objective=5.60031302378e-05 qs=5.60021789172e-05 aspect=7.99996915652 mean_iota=-1.22078248609 solver_iterations=3054
evaluation=397 objective=5.59926921402e-05 qs=5.59917408682e-05 aspect=7.9999691573 mean_iota=-1.22078249038 solver_iterations=3054
evaluation=398 objective=5.59935104931e-05 qs=5.59925633729e-05 aspect=7.99996922468 mean_iota=-1.22078246983 solver_iterations=3054
evaluation=399 objective=5.59951059459e-05 qs=5.5994168673e-05 aspect=7.99996938509 mean_iota=-1.22078196008 solver_iterations=3054
evaluation=400 objective=5.59956414288e-05 qs=5.59944007259e-05 aspect=7.99996477639 mean_iota=-1.22077521323 solver_iterations=3054
evaluation=401 objective=5.59988586334e-05 qs=5.5997958765e-05 aspect=7.99997000219 mean_iota=-1.22077875998 solver_iterations=3054
evaluation=402 objective=5.59975824781e-05 qs=5.59966656159e-05 aspect=7.99996972027 mean_iota=-1.22078147009 solver_iterations=3054
evaluation=403 objective=5.59970129586e-05 qs=5.59960715126e-05 aspect=7.99996931701 mean_iota=-1.22078223785 solver_iterations=3054
evaluation=404 objective=5.59947050364e-05 qs=5.59937555253e-05 aspect=7.99996918586 mean_iota=-1.2207825095 solver_iterations=3054
evaluation=405 objective=5.59921600465e-05 qs=5.59912094167e-05 aspect=7.99996916772 mean_iota=-1.2207825125 solver_iterations=3054
evaluation=406 objective=5.59915508855e-05 qs=5.59905996157e-05 aspect=7.99996915734 mean_iota=-1.22078250248 solver_iterations=3054
evaluation=407 objective=5.59906235902e-05 qs=5.59896722605e-05 aspect=7.99996915637 mean_iota=-1.22078248985 solver_iterations=3054
evaluation=408 objective=5.5996108405e-05 qs=5.59951568404e-05 aspect=7.99996915256 mean_iota=-1.22078249018 solver_iterations=3054
evaluation=409 objective=5.59966796584e-05 qs=5.59957287887e-05 aspect=7.99996916382 mean_iota=-1.22078251672 solver_iterations=3054
evaluation=410 objective=5.5996631889e-05 qs=5.59956756515e-05 aspect=7.99996907691 mean_iota=-1.22078259594 solver_iterations=3054
evaluation=411 objective=5.59950893283e-05 qs=5.5994141289e-05 aspect=7.99996920975 mean_iota=-1.22078248916 solver_iterations=3054
evaluation=412 objective=5.59917495722e-05 qs=5.59908050458e-05 aspect=7.99996926685 mean_iota=-1.22078309449 solver_iterations=3054
evaluation=413 objective=5.59946616307e-05 qs=5.59937096711e-05 aspect=7.99996914616 mean_iota=-1.22078289663 solver_iterations=3054
evaluation=414 objective=5.59956542339e-05 qs=5.59947031626e-05 aspect=7.99996916056 mean_iota=-1.22078255175 solver_iterations=3054
evaluation=415 objective=5.59927128624e-05 qs=5.59917617738e-05 aspect=7.99996916028 mean_iota=-1.22078248581 solver_iterations=3054
evaluation=416 objective=5.59857938924e-05 qs=5.59848426131e-05 aspect=7.99996915718 mean_iota=-1.22078247266 solver_iterations=3054
evaluation=417 objective=5.59831665853e-05 qs=5.59822152782e-05 aspect=7.99996915673 mean_iota=-1.22078246951 solver_iterations=3054
evaluation=418 objective=5.60062477625e-05 qs=5.6005296427e-05 aspect=7.99996915627 mean_iota=-1.220782467 solver_iterations=3054
evaluation=419 objective=5.5998923994e-05 qs=5.59979725077e-05 aspect=7.99996915383 mean_iota=-1.22078248919 solver_iterations=3054
evaluation=420 objective=5.59961609187e-05 qs=5.59952092563e-05 aspect=7.99996915097 mean_iota=-1.22078239094 solver_iterations=3054
evaluation=421 objective=5.59955665706e-05 qs=5.5994615835e-05 aspect=7.999969166 mean_iota=-1.22078214693 solver_iterations=3054
evaluation=422 objective=5.59971100414e-05 qs=5.59961592964e-05 aspect=7.99996916585 mean_iota=-1.22078215194 solver_iterations=3054
evaluation=423 objective=5.59968538244e-05 qs=5.5995902794e-05 aspect=7.99996916122 mean_iota=-1.2207822093 solver_iterations=3054
evaluation=424 objective=5.59944541589e-05 qs=5.59935031101e-05 aspect=7.99996916092 mean_iota=-1.2207823799 solver_iterations=3054
evaluation=425 objective=5.59956324202e-05 qs=5.59946813197e-05 aspect=7.99996916008 mean_iota=-1.2207824651 solver_iterations=3054
evaluation=426 objective=5.59920354771e-05 qs=5.59910842162e-05 aspect=7.99996915748 mean_iota=-1.22078248772 solver_iterations=3054
evaluation=427 objective=5.59829942701e-05 qs=5.59820429536e-05 aspect=7.99996915658 mean_iota=-1.22078248822 solver_iterations=3054
evaluation=428 objective=5.60024088863e-05 qs=5.60014575488e-05 aspect=7.99996915624 mean_iota=-1.22078248394 solver_iterations=3054
evaluation=429 objective=5.60155109861e-05 qs=5.60145596441e-05 aspect=7.99996915617 mean_iota=-1.22078247295 solver_iterations=3054
evaluation=430 objective=6.17083486417e-05 qs=6.17073973001e-05 aspect=7.99996915617 mean_iota=-1.22094599321 solver_iterations=3038
evaluation=431 objective=5.67957857213e-05 qs=5.67948343796e-05 aspect=7.99996915617 mean_iota=-1.2207619368 solver_iterations=3042
evaluation=432 objective=5.59922158694e-05 qs=5.59912645278e-05 aspect=7.99996915617 mean_iota=-1.22078245081 solver_iterations=3054
evaluation=433 objective=5.59974595255e-05 qs=5.59965081838e-05 aspect=7.99996915617 mean_iota=-1.22078248265 solver_iterations=3054
evaluation=434 objective=5.60061733665e-05 qs=5.60052220248e-05 aspect=7.99996915617 mean_iota=-1.22078249086 solver_iterations=3054
evaluation=435 objective=5.59904090191e-05 qs=5.59894576763e-05 aspect=7.99996915615 mean_iota=-1.22078249209 solver_iterations=3054
evaluation=436 objective=5.6017369052e-05 qs=5.60164166083e-05 aspect=7.99996913831 mean_iota=-1.22078249378 solver_iterations=3054
evaluation=437 objective=5.7300035198e-05 qs=5.72990492528e-05 aspect=7.99996860024 mean_iota=-1.22076006116 solver_iterations=3042
evaluation=438 objective=7.0482196607e-05 qs=7.04820752553e-05 aspect=7.99998898403 mean_iota=-1.22078886626 solver_iterations=3037
evaluation=439 objective=7.68732072676e-05 qs=7.46100195071e-05 aspect=8.0015043895 mean_iota=-1.22110524774 solver_iterations=3045
evaluation=440 objective=0.000116153809599 qs=9.2395536186e-05 aspect=7.99512575407 mean_iota=-1.22019508992 solver_iterations=3095
evaluation=441 objective=8.72256885967e-05 qs=8.71887417345e-05 aspect=7.99980778433 mean_iota=-1.2207027995 solver_iterations=3054
evaluation=442 objective=5.80440654519e-05 qs=5.80430521908e-05 aspect=7.99996816824 mean_iota=-1.22077858863 solver_iterations=3054
evaluation=443 objective=5.60399832002e-05 qs=5.60390370843e-05 aspect=7.999969241 mean_iota=-1.22078254425 solver_iterations=3054
evaluation=444 objective=5.60236317416e-05 qs=5.60226807527e-05 aspect=7.99996916189 mean_iota=-1.22078250462 solver_iterations=3054
evaluation=445 objective=5.60174035264e-05 qs=5.60164521866e-05 aspect=7.9999691562 mean_iota=-1.22078249839 solver_iterations=3054
evaluation=446 objective=5.60075041493e-05 qs=5.60065530536e-05 aspect=7.99996916016 mean_iota=-1.2207824947 solver_iterations=3054
evaluation=447 objective=5.60135386391e-05 qs=5.60125886986e-05 aspect=7.99996917889 mean_iota=-1.2207825166 solver_iterations=3054
evaluation=448 objective=5.60381996501e-05 qs=5.60372589293e-05 aspect=7.99996932883 mean_iota=-1.22078325355 solver_iterations=3054
evaluation=449 objective=5.6841851573e-05 qs=5.68417079039e-05 aspect=8.00001198621 mean_iota=-1.22075091061 solver_iterations=3036
evaluation=450 objective=5.7126258585e-05 qs=5.68979892846e-05 aspect=7.99952222463 mean_iota=-1.22072829783 solver_iterations=3042
evaluation=451 objective=5.71684811554e-05 qs=5.71616168213e-05 aspect=7.99991714872 mean_iota=-1.22079768145 solver_iterations=3036
evaluation=452 objective=5.66270235914e-05 qs=5.66263407992e-05 aspect=7.99997386971 mean_iota=-1.22076322389 solver_iterations=3037
evaluation=453 objective=5.61106408819e-05 qs=5.61097192378e-05 aspect=7.99996964141 mean_iota=-1.22078278992 solver_iterations=3054
evaluation=454 objective=5.60424119102e-05 qs=5.60414623273e-05 aspect=7.9999691847 mean_iota=-1.22078246975 solver_iterations=3054
evaluation=455 objective=5.60308160488e-05 qs=5.60298648833e-05 aspect=7.99996915903 mean_iota=-1.22078248417 solver_iterations=3054
evaluation=456 objective=5.59883928307e-05 qs=5.59874415383e-05 aspect=7.99996915697 mean_iota=-1.22078248522 solver_iterations=3054
evaluation=457 objective=5.59914661952e-05 qs=5.59905144474e-05 aspect=7.99996914959 mean_iota=-1.22078249555 solver_iterations=3054
evaluation=458 objective=5.59939609467e-05 qs=5.59930103913e-05 aspect=7.99996916892 mean_iota=-1.22078251685 solver_iterations=3054
evaluation=459 objective=5.59928741697e-05 qs=5.59919258236e-05 aspect=7.99996920477 mean_iota=-1.22078277191 solver_iterations=3054
evaluation=460 objective=5.65345597079e-05 qs=5.65329633636e-05 aspect=7.99996004572 mean_iota=-1.22078276139 solver_iterations=3038
evaluation=461 objective=5.65418924763e-05 qs=5.65409919467e-05 aspect=7.99996999117 mean_iota=-1.22075626467 solver_iterations=3042
evaluation=462 objective=5.59938037705e-05 qs=5.59928990722e-05 aspect=7.9999699218 mean_iota=-1.22078131758 solver_iterations=3054
evaluation=463 objective=5.60016664167e-05 qs=5.60007238195e-05 aspect=7.99996929825 mean_iota=-1.2207821953 solver_iterations=3054
evaluation=464 objective=5.60087875272e-05 qs=5.60078375167e-05 aspect=7.99996917776 mean_iota=-1.22078247176 solver_iterations=3054
evaluation=465 objective=5.60178566973e-05 qs=5.60169062566e-05 aspect=7.99996917078 mean_iota=-1.22078250116 solver_iterations=3054
evaluation=466 objective=5.59895228379e-05 qs=5.59885715646e-05 aspect=7.99996915728 mean_iota=-1.22078249289 solver_iterations=3054
evaluation=467 objective=5.59649792657e-05 qs=5.59640279358e-05 aspect=7.99996915636 mean_iota=-1.22078248442 solver_iterations=3054
evaluation=468 objective=5.59945369932e-05 qs=5.59935864907e-05 aspect=7.99996916978 mean_iota=-1.2207824881 solver_iterations=3054
evaluation=469 objective=5.59960218737e-05 qs=5.59950697154e-05 aspect=7.99996914294 mean_iota=-1.2207825217 solver_iterations=3054
evaluation=470 objective=5.59954383483e-05 qs=5.59944812071e-05 aspect=7.9999690623 mean_iota=-1.22078273792 solver_iterations=3054
evaluation=471 objective=5.59967309495e-05 qs=5.59957837383e-05 aspect=7.9999692232 mean_iota=-1.22078181803 solver_iterations=3054
evaluation=472 objective=5.59935598942e-05 qs=5.5992613215e-05 aspect=7.99996923185 mean_iota=-1.22078243691 solver_iterations=3054
evaluation=473 objective=5.59961078527e-05 qs=5.59951589052e-05 aspect=7.99996919501 mean_iota=-1.22078316299 solver_iterations=3054
evaluation=474 objective=5.6000719027e-05 qs=5.59997679502e-05 aspect=7.99996916047 mean_iota=-1.22078260232 solver_iterations=3054
evaluation=475 objective=5.60051770652e-05 qs=5.60042260546e-05 aspect=7.99996916154 mean_iota=-1.22078250099 solver_iterations=3054
evaluation=476 objective=5.59994802237e-05 qs=5.59985289226e-05 aspect=7.99996915683 mean_iota=-1.22078247262 solver_iterations=3054
evaluation=477 objective=5.5967005335e-05 qs=5.59660540223e-05 aspect=7.99996915664 mean_iota=-1.22078246459 solver_iterations=3054
evaluation=478 objective=5.60007694737e-05 qs=5.59998181398e-05 aspect=7.9999691563 mean_iota=-1.22078246525 solver_iterations=3054
evaluation=479 objective=5.59996164777e-05 qs=5.59986650458e-05 aspect=7.99996915471 mean_iota=-1.22078249385 solver_iterations=3054
evaluation=480 objective=5.59960511612e-05 qs=5.59950996176e-05 aspect=7.9999691529 mean_iota=-1.22078254405 solver_iterations=3054
evaluation=481 objective=5.5994694343e-05 qs=5.59937425959e-05 aspect=7.9999691496 mean_iota=-1.22078303245 solver_iterations=3054
evaluation=482 objective=5.59967949371e-05 qs=5.59958435955e-05 aspect=7.99996915617 mean_iota=-1.22078247544 solver_iterations=3054
evaluation=483 objective=5.59965091725e-05 qs=5.59955573968e-05 aspect=7.99996914914 mean_iota=-1.22078232251 solver_iterations=3054
evaluation=484 objective=5.59972126994e-05 qs=5.59962614625e-05 aspect=7.99996915787 mean_iota=-1.22078235835 solver_iterations=3054
evaluation=485 objective=5.60008324605e-05 qs=5.59998811294e-05 aspect=7.99996915634 mean_iota=-1.22078242467 solver_iterations=3054
evaluation=486 objective=5.60004017305e-05 qs=5.59994504642e-05 aspect=7.99996915739 mean_iota=-1.22078246863 solver_iterations=3054
evaluation=487 objective=5.59838364946e-05 qs=5.59828851744e-05 aspect=7.99996915652 mean_iota=-1.22078248062 solver_iterations=3054
evaluation=488 objective=5.60026370126e-05 qs=5.60016856792e-05 aspect=7.99996915631 mean_iota=-1.22078247714 solver_iterations=3054
evaluation=489 objective=5.60144455849e-05 qs=5.60134942455e-05 aspect=7.99996915621 mean_iota=-1.22078247185 solver_iterations=3054
evaluation=490 objective=5.59965740103e-05 qs=5.59956226687e-05 aspect=7.99996915617 mean_iota=-1.22078249465 solver_iterations=3054
accepted mode=5 iteration=3 objective=5.59965740103e-05
    3    487    2.799828701e-05       0.3976096990.0007238326649
evaluation=491 objective=5.44645312212e-05 qs=5.44644756329e-05 aspect=7.99999254424 mean_iota=-1.22226996989 solver_iterations=3090
evaluation=492 objective=6.46308474702e-05 qs=6.46303946259e-05 aspect=8.00002128014 mean_iota=-1.22242093795 solver_iterations=3075
evaluation=493 objective=5.52869997233e-05 qs=5.52869302646e-05 aspect=7.99999166581 mean_iota=-1.22227070005 solver_iterations=3094
evaluation=494 objective=5.44802547051e-05 qs=5.44801987884e-05 aspect=7.99999252225 mean_iota=-1.22226982903 solver_iterations=3091
evaluation=495 objective=5.44699880585e-05 qs=5.44699324631e-05 aspect=7.99999254377 mean_iota=-1.22226995826 solver_iterations=3090
evaluation=496 objective=5.44628974665e-05 qs=5.44628418778e-05 aspect=7.99999254422 mean_iota=-1.22226996557 solver_iterations=3090
evaluation=497 objective=5.44657380838e-05 qs=5.44656825042e-05 aspect=7.99999254482 mean_iota=-1.22226997394 solver_iterations=3090
evaluation=498 objective=5.44663031849e-05 qs=5.44662476804e-05 aspect=7.99999254987 mean_iota=-1.22226997442 solver_iterations=3090
evaluation=499 objective=5.490872162e-05 qs=5.49086741359e-05 aspect=7.99999310913 mean_iota=-1.22226957788 solver_iterations=3086
evaluation=500 objective=6.42532489066e-05 qs=6.42511853015e-05 aspect=7.99995457308 mean_iota=-1.22224030466 solver_iterations=3073
evaluation=501 objective=0.000179115103982 qs=0.000179015555814 aspect=7.99968448745 mean_iota=-1.2216694438 solver_iterations=3068
evaluation=502 objective=0.000149332338569 qs=0.000133721185006 aspect=7.99604890476 mean_iota=-1.22192715956 solver_iterations=3133
evaluation=503 objective=7.24419757793e-05 qs=7.24235527273e-05 aspect=7.99986426846 mean_iota=-1.22221019014 solver_iterations=3072
evaluation=504 objective=5.61149536791e-05 qs=5.61149040214e-05 aspect=7.99999295318 mean_iota=-1.22226822464 solver_iterations=3076
evaluation=505 objective=5.45488670209e-05 qs=5.45488134037e-05 aspect=7.99999267763 mean_iota=-1.22227008058 solver_iterations=3090
evaluation=506 objective=5.44649055656e-05 qs=5.44648500484e-05 aspect=7.99999254902 mean_iota=-1.22226998347 solver_iterations=3090
evaluation=507 objective=5.44451372885e-05 qs=5.44450817066e-05 aspect=7.99999254467 mean_iota=-1.22226997405 solver_iterations=3090
evaluation=508 objective=5.44538207301e-05 qs=5.44537650747e-05 aspect=7.99999253974 mean_iota=-1.22226996717 solver_iterations=3090
evaluation=509 objective=5.44623244475e-05 qs=5.44622677415e-05 aspect=7.99999246966 mean_iota=-1.22226993212 solver_iterations=3091
evaluation=510 objective=5.44624793297e-05 qs=5.4462411919e-05 aspect=7.9999917896 mean_iota=-1.22226982808 solver_iterations=3091
evaluation=511 objective=5.44656004892e-05 qs=5.44655988991e-05 aspect=7.99999873903 mean_iota=-1.22227012852 solver_iterations=3091
evaluation=512 objective=5.48289193232e-05 qs=5.46815784865e-05 aspect=7.99961614998 mean_iota=-1.22231990973 solver_iterations=3105
evaluation=513 objective=5.53098222461e-05 qs=5.53096582563e-05 aspect=7.99998719415 mean_iota=-1.22232705309 solver_iterations=3105
evaluation=514 objective=5.45101149571e-05 qs=5.45101137783e-05 aspect=7.99999891425 mean_iota=-1.22227233833 solver_iterations=3094
evaluation=515 objective=5.4608731327e-05 qs=5.46086844184e-05 aspect=7.99999315102 mean_iota=-1.22226988486 solver_iterations=3091
evaluation=516 objective=5.44873342979e-05 qs=5.44872793429e-05 aspect=7.99999258683 mean_iota=-1.22226991526 solver_iterations=3091
evaluation=517 objective=5.44610286527e-05 qs=5.4460973112e-05 aspect=7.99999254744 mean_iota=-1.22226995845 solver_iterations=3090
evaluation=518 objective=5.44768541849e-05 qs=5.44767986015e-05 aspect=7.99999254457 mean_iota=-1.22226996465 solver_iterations=3090
evaluation=519 objective=5.44692696537e-05 qs=5.44692140696e-05 aspect=7.99999254452 mean_iota=-1.22226996951 solver_iterations=3090
evaluation=520 objective=5.44761065939e-05 qs=5.44760522133e-05 aspect=7.99999262568 mean_iota=-1.22226994203 solver_iterations=3090
evaluation=521 objective=5.44697215297e-05 qs=5.44696683015e-05 aspect=7.99999270424 mean_iota=-1.22226955059 solver_iterations=3091
evaluation=522 objective=5.44637406612e-05 qs=5.44635941468e-05 aspect=7.99998789569 mean_iota=-1.22226232704 solver_iterations=3091
evaluation=523 objective=5.44666456214e-05 qs=5.44666014317e-05 aspect=7.99999335247 mean_iota=-1.22226653398 solver_iterations=3090
evaluation=524 objective=5.44643177427e-05 qs=5.44642703685e-05 aspect=7.99999311711 mean_iota=-1.22226895538 solver_iterations=3090
evaluation=525 objective=5.44714773942e-05 qs=5.44714242729e-05 aspect=7.99999271157 mean_iota=-1.2222697195 solver_iterations=3090
evaluation=526 objective=5.44662544379e-05 qs=5.44661991943e-05 aspect=7.9999925674 mean_iota=-1.22226997951 solver_iterations=3090
evaluation=527 objective=5.44666593541e-05 qs=5.44666039119e-05 aspect=7.99999255405 mean_iota=-1.22226998761 solver_iterations=3090
evaluation=528 objective=5.44788504861e-05 qs=5.44787949117e-05 aspect=7.99999254518 mean_iota=-1.22226997861 solver_iterations=3090
evaluation=529 objective=5.44613092687e-05 qs=5.4461253683e-05 aspect=7.99999254442 mean_iota=-1.22226997018 solver_iterations=3090
evaluation=530 objective=5.44654943815e-05 qs=5.44654387737e-05 aspect=7.99999254293 mean_iota=-1.2222699615 solver_iterations=3091
evaluation=531 objective=5.44663246305e-05 qs=5.4466269142e-05 aspect=7.99999255094 mean_iota=-1.22226998822 solver_iterations=3091
evaluation=532 objective=5.4468675473e-05 qs=5.44686187043e-05 aspect=7.9999924655 mean_iota=-1.22227005713 solver_iterations=3091
evaluation=533 objective=5.44668491424e-05 qs=5.44667944628e-05 aspect=7.99999260543 mean_iota=-1.22226992594 solver_iterations=3091
evaluation=534 objective=5.44628499871e-05 qs=5.44627959734e-05 aspect=7.9999926506 mean_iota=-1.22227056382 solver_iterations=3091
evaluation=535 objective=5.446846888e-05 qs=5.44684131263e-05 aspect=7.99999253316 mean_iota=-1.22227034645 solver_iterations=3091
evaluation=536 objective=5.44687555794e-05 qs=5.44687000985e-05 aspect=7.99999255145 mean_iota=-1.22227000452 solver_iterations=3091
evaluation=537 objective=5.44645304956e-05 qs=5.44644749598e-05 aspect=7.99999254776 mean_iota=-1.22226996113 solver_iterations=3090
evaluation=538 objective=5.44710471776e-05 qs=5.44709916149e-05 aspect=7.99999254596 mean_iota=-1.22226995536 solver_iterations=3090
evaluation=539 objective=5.44586576405e-05 qs=5.44586020657e-05 aspect=7.99999254515 mean_iota=-1.22226995739 solver_iterations=3090
evaluation=540 objective=5.4466516173e-05 qs=5.44664605855e-05 aspect=7.9999925443 mean_iota=-1.22226995972 solver_iterations=3090
evaluation=541 objective=5.44709801155e-05 qs=5.44709244701e-05 aspect=7.99999254041 mean_iota=-1.22226995568 solver_iterations=3091
evaluation=542 objective=5.4468051128e-05 qs=5.44679954948e-05 aspect=7.99999254123 mean_iota=-1.22226984868 solver_iterations=3091
evaluation=543 objective=5.44670068517e-05 qs=5.44669514045e-05 aspect=7.99999255371 mean_iota=-1.2222696177 solver_iterations=3091
evaluation=544 objective=5.44712122077e-05 qs=5.44711567452e-05 aspect=7.99999255269 mean_iota=-1.22226960932 solver_iterations=3091
evaluation=545 objective=5.44691625781e-05 qs=5.44691070773e-05 aspect=7.99999255011 mean_iota=-1.22226967216 solver_iterations=3091
evaluation=546 objective=5.44647236976e-05 qs=5.44646682004e-05 aspect=7.99999255035 mean_iota=-1.22226985353 solver_iterations=3091
evaluation=547 objective=5.44645134176e-05 qs=5.44644578766e-05 aspect=7.99999254742 mean_iota=-1.22226994351 solver_iterations=3090
evaluation=548 objective=5.44686951716e-05 qs=5.44686395996e-05 aspect=7.99999254534 mean_iota=-1.22226996789 solver_iterations=3090
evaluation=549 objective=5.44561349484e-05 qs=5.44560793662e-05 aspect=7.99999254465 mean_iota=-1.22226997618 solver_iterations=3090
evaluation=550 objective=5.44666658109e-05 qs=5.44666102216e-05 aspect=7.99999254418 mean_iota=-1.22226997336 solver_iterations=3090
evaluation=551 objective=5.44777335739e-05 qs=5.44776779843e-05 aspect=7.99999254416 mean_iota=-1.22226996499 solver_iterations=3090
evaluation=552 objective=5.99981871678e-05 qs=5.99981315794e-05 aspect=7.99999254424 mean_iota=-1.22245658142 solver_iterations=3094
evaluation=553 objective=5.48455237516e-05 qs=5.48454681632e-05 aspect=7.99999254424 mean_iota=-1.22227223573 solver_iterations=3094
evaluation=554 objective=5.44757431993e-05 qs=5.4475687611e-05 aspect=7.99999254424 mean_iota=-1.22226991983 solver_iterations=3091
evaluation=555 objective=5.44591286157e-05 qs=5.44590730273e-05 aspect=7.99999254424 mean_iota=-1.22226995603 solver_iterations=3090
evaluation=556 objective=5.44682971714e-05 qs=5.4468241583e-05 aspect=7.99999254424 mean_iota=-1.22226996559 solver_iterations=3090
evaluation=557 objective=5.44646739448e-05 qs=5.44646183588e-05 aspect=7.9999925444 mean_iota=-1.22226996613 solver_iterations=3090
evaluation=558 objective=5.44647104546e-05 qs=5.44646545404e-05 aspect=7.99999252242 mean_iota=-1.22226995759 solver_iterations=3091
evaluation=559 objective=5.5134509121e-05 qs=5.51344444509e-05 aspect=7.99999195823 mean_iota=-1.22227035659 solver_iterations=3093
evaluation=560 objective=6.78797728764e-05 qs=6.78796239738e-05 aspect=8.00001220256 mean_iota=-1.22229937604 solver_iterations=3106
evaluation=561 objective=7.39591302419e-05 qs=7.16298585539e-05 aspect=8.00152619517 mean_iota=-1.22258894282 solver_iterations=3096
evaluation=562 objective=0.000115712058341 qs=9.2253126948e-05 aspect=7.9951565579 mean_iota=-1.22169546494 solver_iterations=3023
evaluation=563 objective=8.64749994118e-05 qs=8.64459436726e-05 aspect=7.99982954256 mean_iota=-1.22218672886 solver_iterations=3074
evaluation=564 objective=5.6635939449e-05 qs=5.6635863293e-05 aspect=7.99999127326 mean_iota=-1.22226620071 solver_iterations=3077
evaluation=565 objective=5.44966803864e-05 qs=5.44966262895e-05 aspect=7.99999264494 mean_iota=-1.22227004973 solver_iterations=3090
evaluation=566 objective=5.44685890376e-05 qs=5.44685335215e-05 aspect=7.99999254909 mean_iota=-1.2222699824 solver_iterations=3090
evaluation=567 objective=5.44712092669e-05 qs=5.44711536792e-05 aspect=7.99999254429 mean_iota=-1.222269975 solver_iterations=3090
evaluation=568 objective=5.44581063016e-05 qs=5.44580507798e-05 aspect=7.9999925487 mean_iota=-1.22226997197 solver_iterations=3090
evaluation=569 objective=5.4462040071e-05 qs=5.44619847019e-05 aspect=7.99999255896 mean_iota=-1.22226998699 solver_iterations=3090
evaluation=570 objective=5.44579220961e-05 qs=5.44578686945e-05 aspect=7.99999269236 mean_iota=-1.22227068481 solver_iterations=3091
evaluation=571 objective=5.46845871977e-05 qs=5.46832490512e-05 aspect=8.00003658068 mean_iota=-1.22226108131 solver_iterations=3103
evaluation=572 objective=5.48467008639e-05 qs=5.46380016401e-05 aspect=7.9995431639 mean_iota=-1.22223806421 solver_iterations=3106
evaluation=573 objective=5.50309844361e-05 qs=5.50274975711e-05 aspect=7.99994095032 mean_iota=-1.22230670952 solver_iterations=3103
evaluation=574 objective=5.44632340279e-05 qs=5.4463226418e-05 aspect=7.99999724139 mean_iota=-1.22227364461 solver_iterations=3094
evaluation=575 objective=5.45481535269e-05 qs=5.45481045064e-05 aspect=7.99999299854 mean_iota=-1.22227019254 solver_iterations=3091
evaluation=576 objective=5.44580236225e-05 qs=5.44579684052e-05 aspect=7.99999256917 mean_iota=-1.22226994473 solver_iterations=3090
evaluation=577 objective=5.44801992948e-05 qs=5.44801437574e-05 aspect=7.99999254766 mean_iota=-1.22226995934 solver_iterations=3090
evaluation=578 objective=5.44647290612e-05 qs=5.44646734861e-05 aspect=7.99999254513 mean_iota=-1.22226996384 solver_iterations=3090
evaluation=579 objective=5.44695896463e-05 qs=5.4469533962e-05 aspect=7.99999253781 mean_iota=-1.22226996529 solver_iterations=3091
evaluation=580 objective=5.44695773672e-05 qs=5.44695221078e-05 aspect=7.99999256633 mean_iota=-1.22226997757 solver_iterations=3091
evaluation=581 objective=5.4469519231e-05 qs=5.44694643813e-05 aspect=7.99999259394 mean_iota=-1.222270302 solver_iterations=3091
evaluation=582 objective=5.45077595398e-05 qs=5.45074723354e-05 aspect=7.99998305289 mean_iota=-1.22229329938 solver_iterations=3097
evaluation=583 objective=5.44642836235e-05 qs=5.44642390618e-05 aspect=7.99999332454 mean_iota=-1.22226689942 solver_iterations=3091
evaluation=584 objective=5.4466545542e-05 qs=5.44664994885e-05 aspect=7.99999321373 mean_iota=-1.22226888445 solver_iterations=3091
evaluation=585 objective=5.44722231565e-05 qs=5.44721692548e-05 aspect=7.99999265822 mean_iota=-1.22226969819 solver_iterations=3091
evaluation=586 objective=5.44599172748e-05 qs=5.44598620785e-05 aspect=7.99999257058 mean_iota=-1.22226995149 solver_iterations=3090
evaluation=587 objective=5.44756234558e-05 qs=5.44755680559e-05 aspect=7.99999255689 mean_iota=-1.22226997938 solver_iterations=3090
evaluation=588 objective=5.44747376693e-05 qs=5.4474682094e-05 aspect=7.99999254512 mean_iota=-1.22226997477 solver_iterations=3090
evaluation=589 objective=5.44477956245e-05 qs=5.44477400396e-05 aspect=7.99999254447 mean_iota=-1.22226996889 solver_iterations=3090
evaluation=590 objective=5.44654370441e-05 qs=5.44653816623e-05 aspect=7.9999925581 mean_iota=-1.22226996054 solver_iterations=3091
evaluation=591 objective=5.44671700719e-05 qs=5.44671141381e-05 aspect=7.99999252111 mean_iota=-1.22226998239 solver_iterations=3091
evaluation=592 objective=5.44678935782e-05 qs=5.44678368728e-05 aspect=7.9999924697 mean_iota=-1.22227015889 solver_iterations=3091
evaluation=593 objective=5.44712649221e-05 qs=5.44712106345e-05 aspect=7.99999263199 mean_iota=-1.22226902605 solver_iterations=3091
evaluation=594 objective=5.446634075e-05 qs=5.44662864818e-05 aspect=7.9999926333 mean_iota=-1.22226982573 solver_iterations=3091
evaluation=595 objective=5.44697128949e-05 qs=5.44696578774e-05 aspect=7.99999258263 mean_iota=-1.22227059456 solver_iterations=3091
evaluation=596 objective=5.44662671999e-05 qs=5.4466211725e-05 aspect=7.99999255185 mean_iota=-1.22227004002 solver_iterations=3091
evaluation=597 objective=5.44681878011e-05 qs=5.44681322706e-05 aspect=7.99999254812 mean_iota=-1.22226997745 solver_iterations=3090
evaluation=598 objective=5.44795870366e-05 qs=5.44795314642e-05 aspect=7.99999254531 mean_iota=-1.2222699566 solver_iterations=3090
evaluation=599 objective=5.4450139074e-05 qs=5.44500834995e-05 aspect=7.99999254517 mean_iota=-1.22226995517 solver_iterations=3090
evaluation=600 objective=5.44739097297e-05 qs=5.44738541428e-05 aspect=7.99999254434 mean_iota=-1.22226995954 solver_iterations=3090
evaluation=601 objective=5.4470365683e-05 qs=5.4470310051e-05 aspect=7.99999254131 mean_iota=-1.22226996924 solver_iterations=3091
evaluation=602 objective=5.44672808291e-05 qs=5.44672252324e-05 aspect=7.99999254368 mean_iota=-1.22227001381 solver_iterations=3091
evaluation=603 objective=5.44666020252e-05 qs=5.44665463233e-05 aspect=7.99999253663 mean_iota=-1.2222704836 solver_iterations=3091
evaluation=604 objective=5.44696464235e-05 qs=5.44695908073e-05 aspect=7.99999254238 mean_iota=-1.22226994315 solver_iterations=3091
evaluation=605 objective=5.44672920517e-05 qs=5.44672363655e-05 aspect=7.99999253768 mean_iota=-1.22226979762 solver_iterations=3091
evaluation=606 objective=5.44622855893e-05 qs=5.44622300365e-05 aspect=7.99999254662 mean_iota=-1.22226983777 solver_iterations=3090
evaluation=607 objective=5.44653579905e-05 qs=5.44653024034e-05 aspect=7.99999254433 mean_iota=-1.22226990966 solver_iterations=3090
evaluation=608 objective=5.4473884286e-05 qs=5.44738287158e-05 aspect=7.99999254546 mean_iota=-1.22226995616 solver_iterations=3090
evaluation=609 objective=5.44583906313e-05 qs=5.44583350513e-05 aspect=7.9999925448 mean_iota=-1.22226997214 solver_iterations=3090
evaluation=610 objective=5.44735196967e-05 qs=5.44734641093e-05 aspect=7.9999925443 mean_iota=-1.22226996891 solver_iterations=3090
evaluation=611 objective=5.44886705057e-05 qs=5.44886149167e-05 aspect=7.9999925442 mean_iota=-1.22226996332 solver_iterations=3090
evaluation=612 objective=5.44645312212e-05 qs=5.44644756329e-05 aspect=7.99999254424 mean_iota=-1.22226996989 solver_iterations=3090
accepted mode=5 iteration=4 objective=5.44645312212e-05
    4    608    2.723226561e-05      0.11130183070.0001809581662
evaluation=613 objective=5.42116488144e-05 qs=5.42109244411e-05 aspect=8.00002691418 mean_iota=-1.22246823847 solver_iterations=3082
evaluation=614 objective=6.50586258749e-05 qs=6.50555274091e-05 aspect=8.00005566386 mean_iota=-1.22261890182 solver_iterations=3085
evaluation=615 objective=5.48406297259e-05 qs=5.48399517477e-05 aspect=8.00002603802 mean_iota=-1.22246910499 solver_iterations=3080
evaluation=616 objective=5.42253025343e-05 qs=5.42245793546e-05 aspect=8.000026892 mean_iota=-1.2224681093 solver_iterations=3082
evaluation=617 objective=5.42129133666e-05 qs=5.42121890188e-05 aspect=8.00002691371 mean_iota=-1.22246822755 solver_iterations=3082
evaluation=618 objective=5.42106718542e-05 qs=5.4209947482e-05 aspect=8.00002691416 mean_iota=-1.22246823393 solver_iterations=3082
evaluation=619 objective=5.42114813712e-05 qs=5.42107569657e-05 aspect=8.00002691478 mean_iota=-1.22246824106 solver_iterations=3082
evaluation=620 objective=5.42113327237e-05 qs=5.42106080465e-05 aspect=8.00002691983 mean_iota=-1.22246824078 solver_iterations=3082
evaluation=621 objective=5.45375072648e-05 qs=5.45367521179e-05 aspect=8.00002747994 mean_iota=-1.22246732345 solver_iterations=3081
evaluation=622 objective=6.43897064877e-05 qs=6.43895809518e-05 aspect=7.99998879572 mean_iota=-1.22243922242 solver_iterations=3096
evaluation=623 objective=0.000178479004046 qs=0.000178400133563 aspect=7.99971916111 mean_iota=-1.22187388179 solver_iterations=3104
evaluation=624 objective=0.000149638001987 qs=0.000134305095727 aspect=7.99608427449 mean_iota=-1.22211008017 solver_iterations=3145
evaluation=625 objective=7.15812691457e-05 qs=7.15710178375e-05 aspect=7.99989875126 mean_iota=-1.22241205975 solver_iterations=3108
evaluation=626 objective=5.60354011293e-05 qs=5.60346559894e-05 aspect=8.00002729725 mean_iota=-1.22246588481 solver_iterations=3085
evaluation=627 objective=5.42418680135e-05 qs=5.42411365193e-05 aspect=8.00002704615 mean_iota=-1.22246833229 solver_iterations=3082
evaluation=628 objective=5.42106870665e-05 qs=5.42099624362e-05 aspect=8.00002691896 mean_iota=-1.22246825126 solver_iterations=3082
evaluation=629 objective=5.42050929589e-05 qs=5.42043685633e-05 aspect=8.0000269146 mean_iota=-1.22246824099 solver_iterations=3082
evaluation=630 objective=5.42078144735e-05 qs=5.42070903459e-05 aspect=8.00002690962 mean_iota=-1.22246823544 solver_iterations=3082
evaluation=631 objective=5.42133070182e-05 qs=5.42125866424e-05 aspect=8.00002683982 mean_iota=-1.22246820719 solver_iterations=3082
evaluation=632 objective=5.42367453283e-05 qs=5.42360608775e-05 aspect=8.00002616201 mean_iota=-1.22246813022 solver_iterations=3082
evaluation=633 objective=5.42127516735e-05 qs=5.42116483201e-05 aspect=8.00003321676 mean_iota=-1.22246841713 solver_iterations=3082
evaluation=634 objective=5.45404617475e-05 qs=5.44178103696e-05 aspect=7.99964978381 mean_iota=-1.22251808713 solver_iterations=3076
evaluation=635 objective=5.48123386562e-05 qs=5.48118808428e-05 aspect=8.00002139657 mean_iota=-1.22252535456 solver_iterations=3077
evaluation=636 objective=5.42937355469e-05 qs=5.42926274947e-05 aspect=8.00003328742 mean_iota=-1.22247073975 solver_iterations=3080
evaluation=637 objective=5.42847577309e-05 qs=5.42840005605e-05 aspect=8.00002751673 mean_iota=-1.22246818671 solver_iterations=3082
evaluation=638 objective=5.42172554261e-05 qs=5.42165287285e-05 aspect=8.00002695733 mean_iota=-1.2224681908 solver_iterations=3082
evaluation=639 objective=5.42090807889e-05 qs=5.42083562389e-05 aspect=8.00002691747 mean_iota=-1.22246822632 solver_iterations=3082
evaluation=640 objective=5.4223333037e-05 qs=5.42226086441e-05 aspect=8.00002691455 mean_iota=-1.22246822977 solver_iterations=3082
evaluation=641 objective=5.42136940365e-05 qs=5.42129696475e-05 aspect=8.00002691447 mean_iota=-1.22246823658 solver_iterations=3082
evaluation=642 objective=5.42143634876e-05 qs=5.42136346858e-05 aspect=8.00002699633 mean_iota=-1.22246820732 solver_iterations=3082
evaluation=643 objective=5.42108085832e-05 qs=5.42100757759e-05 aspect=8.00002707041 mean_iota=-1.22246783622 solver_iterations=3082
evaluation=644 objective=5.42030893536e-05 qs=5.42025953077e-05 aspect=8.00002222714 mean_iota=-1.2224605336 solver_iterations=3082
evaluation=645 objective=5.42120673204e-05 qs=5.42112963545e-05 aspect=8.00002776627 mean_iota=-1.22246457945 solver_iterations=3082
evaluation=646 objective=5.42138480654e-05 qs=5.42130932491e-05 aspect=8.00002747392 mean_iota=-1.22246724434 solver_iterations=3082
evaluation=647 objective=5.42129851266e-05 qs=5.42122514227e-05 aspect=8.00002708697 mean_iota=-1.22246798185 solver_iterations=3082
evaluation=648 objective=5.4211529608e-05 qs=5.42108039565e-05 aspect=8.00002693792 mean_iota=-1.2224682478 solver_iterations=3082
evaluation=649 objective=5.42098919371e-05 qs=5.42091670436e-05 aspect=8.00002692385 mean_iota=-1.22246825568 solver_iterations=3082
evaluation=650 objective=5.42208111669e-05 qs=5.42200867462e-05 aspect=8.00002691507 mean_iota=-1.22246824688 solver_iterations=3082
evaluation=651 objective=5.42169733465e-05 qs=5.4216248964e-05 aspect=8.00002691436 mean_iota=-1.22246823438 solver_iterations=3082
evaluation=652 objective=5.42101762244e-05 qs=5.42094519149e-05 aspect=8.000026913 mean_iota=-1.22246823342 solver_iterations=3082
evaluation=653 objective=5.42104549715e-05 qs=5.42097302253e-05 aspect=8.00002692111 mean_iota=-1.2224682733 solver_iterations=3082
evaluation=654 objective=5.42115229705e-05 qs=5.42108028303e-05 aspect=8.00002683543 mean_iota=-1.2224683377 solver_iterations=3082
evaluation=655 objective=5.42085548658e-05 qs=5.42078272078e-05 aspect=8.00002697514 mean_iota=-1.2224682153 solver_iterations=3082
evaluation=656 objective=5.42069192405e-05 qs=5.4206188889e-05 aspect=8.00002702502 mean_iota=-1.22246885835 solver_iterations=3082
evaluation=657 objective=5.42096216894e-05 qs=5.42088979238e-05 aspect=8.00002690289 mean_iota=-1.22246862688 solver_iterations=3082
evaluation=658 objective=5.42114610256e-05 qs=5.42107362016e-05 aspect=8.00002692256 mean_iota=-1.2224682807 solver_iterations=3082
evaluation=659 objective=5.42099058904e-05 qs=5.42091813389e-05 aspect=8.00002691749 mean_iota=-1.22246822833 solver_iterations=3082
evaluation=660 objective=5.4212008996e-05 qs=5.42112845177e-05 aspect=8.00002691614 mean_iota=-1.2224682185 solver_iterations=3082
evaluation=661 objective=5.42096789327e-05 qs=5.42089545071e-05 aspect=8.00002691515 mean_iota=-1.22246822032 solver_iterations=3082
evaluation=662 objective=5.42209167661e-05 qs=5.422019239e-05 aspect=8.00002691424 mean_iota=-1.22246821815 solver_iterations=3082
evaluation=663 objective=5.42126178435e-05 qs=5.4211893677e-05 aspect=8.00002691034 mean_iota=-1.22246823169 solver_iterations=3082
evaluation=664 objective=5.42100445405e-05 qs=5.4209320367e-05 aspect=8.00002691047 mean_iota=-1.22246812646 solver_iterations=3082
evaluation=665 objective=5.42105045089e-05 qs=5.42097796431e-05 aspect=8.00002692333 mean_iota=-1.2224678946 solver_iterations=3082
evaluation=666 objective=5.42120857516e-05 qs=5.42113608708e-05 aspect=8.00002692361 mean_iota=-1.22246789362 solver_iterations=3082
evaluation=667 objective=5.4212693073e-05 qs=5.42119683823e-05 aspect=8.00002692008 mean_iota=-1.22246794137 solver_iterations=3082
evaluation=668 objective=5.421060561e-05 qs=5.42098809226e-05 aspect=8.00002692002 mean_iota=-1.22246812946 solver_iterations=3082
evaluation=669 objective=5.4211162387e-05 qs=5.42104378444e-05 aspect=8.00002691733 mean_iota=-1.22246821211 solver_iterations=3082
evaluation=670 objective=5.42134591913e-05 qs=5.42127347607e-05 aspect=8.00002691525 mean_iota=-1.22246823231 solver_iterations=3082
evaluation=671 objective=5.42042099065e-05 qs=5.42034855104e-05 aspect=8.00002691461 mean_iota=-1.22246823687 solver_iterations=3082
evaluation=672 objective=5.42169596448e-05 qs=5.42162352763e-05 aspect=8.00002691409 mean_iota=-1.22246823428 solver_iterations=3082
evaluation=673 objective=5.42195302612e-05 qs=5.4218805892e-05 aspect=8.00002691411 mean_iota=-1.22246822368 solver_iterations=3082
evaluation=674 objective=5.92333965698e-05 qs=5.92326721964e-05 aspect=8.00002691418 mean_iota=-1.22265501402 solver_iterations=3083
evaluation=675 objective=5.48027606286e-05 qs=5.48020362552e-05 aspect=8.00002691418 mean_iota=-1.22247067716 solver_iterations=3080
evaluation=676 objective=5.42126157313e-05 qs=5.4211891358e-05 aspect=8.00002691418 mean_iota=-1.22246819964 solver_iterations=3082
evaluation=677 objective=5.42125722251e-05 qs=5.42118478517e-05 aspect=8.00002691418 mean_iota=-1.22246822507 solver_iterations=3082
evaluation=678 objective=5.42133870885e-05 qs=5.42126627152e-05 aspect=8.00002691418 mean_iota=-1.22246823441 solver_iterations=3082
evaluation=679 objective=5.42109758413e-05 qs=5.42102514579e-05 aspect=8.00002691437 mean_iota=-1.22246823472 solver_iterations=3082
evaluation=680 objective=5.4217571e-05 qs=5.42168477957e-05 aspect=8.00002689246 mean_iota=-1.22246823315 solver_iterations=3082
evaluation=681 objective=5.4634281303e-05 qs=5.46335889218e-05 aspect=8.00002631314 mean_iota=-1.2224687069 solver_iterations=3081
evaluation=682 objective=6.80439310546e-05 qs=6.80417411428e-05 aspect=8.00004679649 mean_iota=-1.22249784844 solver_iterations=3073
evaluation=683 objective=7.36186218802e-05 qs=7.11830708785e-05 aspect=8.0015606252 mean_iota=-1.22278789599 solver_iterations=3100
evaluation=684 objective=0.000115097212805 qs=9.19753169235e-05 aspect=7.99519147675 mean_iota=-1.22191160028 solver_iterations=3081
evaluation=685 objective=8.56324102403e-05 qs=8.56140822625e-05 aspect=7.99986461914 mean_iota=-1.22238404127 solver_iterations=3085
evaluation=686 objective=5.70067286502e-05 qs=5.70060742587e-05 aspect=8.00002558108 mean_iota=-1.22246415994 solver_iterations=3084
evaluation=687 objective=5.42457444799e-05 qs=5.42450146096e-05 aspect=8.00002701611 mean_iota=-1.22246831004 solver_iterations=3082
evaluation=688 objective=5.42156086029e-05 qs=5.42148839757e-05 aspect=8.0000269189 mean_iota=-1.22246824996 solver_iterations=3082
evaluation=689 objective=5.42119866128e-05 qs=5.42112622364e-05 aspect=8.00002691424 mean_iota=-1.22246824296 solver_iterations=3082
evaluation=690 objective=5.42086693985e-05 qs=5.42079447833e-05 aspect=8.00002691868 mean_iota=-1.22246823974 solver_iterations=3082
evaluation=691 objective=5.42115454442e-05 qs=5.42108202262e-05 aspect=8.00002692987 mean_iota=-1.22246825225 solver_iterations=3082
evaluation=692 objective=5.42335480073e-05 qs=5.42328153712e-05 aspect=8.00002706725 mean_iota=-1.22246897696 solver_iterations=3082
evaluation=693 objective=5.43979212572e-05 qs=5.43928875062e-05 aspect=8.00007094893 mean_iota=-1.22245976126 solver_iterations=3077
evaluation=694 objective=5.44555652418e-05 qs=5.42760915634e-05 aspect=7.99957635666 mean_iota=-1.22243711336 solver_iterations=3077
evaluation=695 objective=5.45773040641e-05 qs=5.45766820273e-05 aspect=7.99997505933 mean_iota=-1.22250581106 solver_iterations=3074
evaluation=696 objective=5.42797207693e-05 qs=5.42787225942e-05 aspect=8.00003159391 mean_iota=-1.22247200467 solver_iterations=3080
evaluation=697 objective=5.42752091232e-05 qs=5.42744600609e-05 aspect=8.000027369 mean_iota=-1.22246848335 solver_iterations=3082
evaluation=698 objective=5.42142283113e-05 qs=5.42135026571e-05 aspect=8.00002693797 mean_iota=-1.22246821536 solver_iterations=3082
evaluation=699 objective=5.4216897874e-05 qs=5.42161733064e-05 aspect=8.00002691779 mean_iota=-1.22246822709 solver_iterations=3082
evaluation=700 objective=5.42025940227e-05 qs=5.42018695997e-05 aspect=8.00002691511 mean_iota=-1.22246823003 solver_iterations=3082
evaluation=701 objective=5.42134429943e-05 qs=5.42127189717e-05 aspect=8.00002690767 mean_iota=-1.2224682402 solver_iterations=3082
evaluation=702 objective=5.42113589539e-05 qs=5.42106334187e-05 aspect=8.00002693576 mean_iota=-1.22246825429 solver_iterations=3082
evaluation=703 objective=5.42103493616e-05 qs=5.42096225254e-05 aspect=8.0000269599 mean_iota=-1.22246859185 solver_iterations=3082
evaluation=704 objective=5.42116546928e-05 qs=5.42113520155e-05 aspect=8.00001739762 mean_iota=-1.22249184539 solver_iterations=3079
evaluation=705 objective=5.42023488762e-05 qs=5.42015807918e-05 aspect=8.00002771434 mean_iota=-1.22246511087 solver_iterations=3081
evaluation=706 objective=5.42134043498e-05 qs=5.42126438807e-05 aspect=8.0000275766 mean_iota=-1.22246719107 solver_iterations=3082
evaluation=707 objective=5.42124268105e-05 qs=5.42116969446e-05 aspect=8.00002701603 mean_iota=-1.22246800128 solver_iterations=3082
evaluation=708 objective=5.42123419325e-05 qs=5.42116160785e-05 aspect=8.00002694168 mean_iota=-1.22246821968 solver_iterations=3082
evaluation=709 objective=5.42171385263e-05 qs=5.42164134886e-05 aspect=8.00002692652 mean_iota=-1.22246824485 solver_iterations=3082
evaluation=710 objective=5.42103804263e-05 qs=5.42096560088e-05 aspect=8.00002691501 mean_iota=-1.22246823826 solver_iterations=3082
evaluation=711 objective=5.42093605872e-05 qs=5.42086362016e-05 aspect=8.00002691441 mean_iota=-1.22246823211 solver_iterations=3082
evaluation=712 objective=5.42093542126e-05 qs=5.42086291015e-05 aspect=8.00002692789 mean_iota=-1.22246823216 solver_iterations=3082
evaluation=713 objective=5.42111629641e-05 qs=5.42104398697e-05 aspect=8.00002689041 mean_iota=-1.22246826222 solver_iterations=3082
evaluation=714 objective=5.42094147013e-05 qs=5.42086937547e-05 aspect=8.00002685045 mean_iota=-1.22246848458 solver_iterations=3082
evaluation=715 objective=5.4213286905e-05 qs=5.42125577177e-05 aspect=8.00002700347 mean_iota=-1.22246728434 solver_iterations=3082
evaluation=716 objective=5.42083517109e-05 qs=5.42076226328e-05 aspect=8.00002700145 mean_iota=-1.22246813434 solver_iterations=3082
evaluation=717 objective=5.42094828045e-05 qs=5.42087563132e-05 aspect=8.0000269535 mean_iota=-1.22246889005 solver_iterations=3082
evaluation=718 objective=5.42115446486e-05 qs=5.42108198099e-05 aspect=8.00002692283 mean_iota=-1.22246831501 solver_iterations=3082
evaluation=719 objective=5.42151260883e-05 qs=5.42144015165e-05 aspect=8.00002691787 mean_iota=-1.22246824375 solver_iterations=3082
evaluation=720 objective=5.42188589815e-05 qs=5.42181345376e-05 aspect=8.00002691549 mean_iota=-1.22246821915 solver_iterations=3082
evaluation=721 objective=5.42042942958e-05 qs=5.42035698676e-05 aspect=8.00002691521 mean_iota=-1.22246821353 solver_iterations=3082
evaluation=722 objective=5.42254250375e-05 qs=5.42247006592e-05 aspect=8.00002691428 mean_iota=-1.22246821779 solver_iterations=3082
evaluation=723 objective=5.42126116852e-05 qs=5.42118874785e-05 aspect=8.00002691109 mean_iota=-1.222468245 solver_iterations=3082
evaluation=724 objective=5.42109297297e-05 qs=5.42102052832e-05 aspect=8.00002691554 mean_iota=-1.22246829357 solver_iterations=3082
evaluation=725 objective=5.42109535923e-05 qs=5.42102296692e-05 aspect=8.00002690582 mean_iota=-1.2224687706 solver_iterations=3082
evaluation=726 objective=5.42128973503e-05 qs=5.4212173029e-05 aspect=8.00002691322 mean_iota=-1.22246822384 solver_iterations=3082
evaluation=727 objective=5.42120616583e-05 qs=5.42113376661e-05 aspect=8.0000269071 mean_iota=-1.22246807466 solver_iterations=3082
evaluation=728 objective=5.42111617456e-05 qs=5.42104372307e-05 aspect=8.00002691681 mean_iota=-1.22246810732 solver_iterations=3082
evaluation=729 objective=5.42123263596e-05 qs=5.42116019837e-05 aspect=8.00002691423 mean_iota=-1.22246817699 solver_iterations=3082
evaluation=730 objective=5.42164968465e-05 qs=5.42157724065e-05 aspect=8.00002691542 mean_iota=-1.22246822006 solver_iterations=3082
evaluation=731 objective=5.42062059455e-05 qs=5.42054815402e-05 aspect=8.00002691478 mean_iota=-1.22246823442 solver_iterations=3082
evaluation=732 objective=5.42252303248e-05 qs=5.42245059495e-05 aspect=8.00002691422 mean_iota=-1.22246822936 solver_iterations=3082
evaluation=733 objective=5.42243511037e-05 qs=5.42236267325e-05 aspect=8.00002691414 mean_iota=-1.22246822445 solver_iterations=3082
evaluation=734 objective=5.42116488144e-05 qs=5.42109244411e-05 aspect=8.00002691418 mean_iota=-1.22246823847 solver_iterations=3082
accepted mode=5 iteration=5 objective=5.42116488144e-05
    5    729    2.710582441e-05      0.06659753134.523954156e-05
evaluation=735 objective=5.37156846911e-05 qs=5.37155623736e-05 aspect=8.00001105972 mean_iota=-1.22244810435 solver_iterations=3074
evaluation=736 objective=6.45855525358e-05 qs=6.45839677581e-05 aspect=8.00003980927 mean_iota=-1.22259234777 solver_iterations=3073
evaluation=737 objective=5.43885996383e-05 qs=5.43884959371e-05 aspect=8.00001018338 mean_iota=-1.22244872715 solver_iterations=3073
evaluation=738 objective=5.37328461105e-05 qs=5.37327242813e-05 aspect=8.00001103763 mean_iota=-1.22244795579 solver_iterations=3074
evaluation=739 objective=5.37164032502e-05 qs=5.37162809432e-05 aspect=8.00001105925 mean_iota=-1.22244809249 solver_iterations=3074
evaluation=740 objective=5.37163097709e-05 qs=5.37161874538e-05 aspect=8.0000110597 mean_iota=-1.22244809896 solver_iterations=3074
evaluation=741 objective=5.3716977694e-05 qs=5.37168553635e-05 aspect=8.00001106031 mean_iota=-1.22244810879 solver_iterations=3074
evaluation=742 objective=5.37165492033e-05 qs=5.37164267624e-05 aspect=8.0000110653 mean_iota=-1.22244811088 solver_iterations=3074
evaluation=743 objective=5.41986001759e-05 qs=5.41984650031e-05 aspect=8.00001162638 mean_iota=-1.22244039192 solver_iterations=3070
evaluation=744 objective=6.39296901772e-05 qs=6.39289559705e-05 aspect=7.99997290375 mean_iota=-1.22241430276 solver_iterations=3082
evaluation=745 objective=0.000177793947447 qs=0.000177705944345 aspect=7.99970334683 mean_iota=-1.22185378823 solver_iterations=3071
evaluation=746 objective=0.000148533460558 qs=0.000133076885377 aspect=7.99606851489 mean_iota=-1.22210900997 solver_iterations=3073
evaluation=747 objective=7.10162125515e-05 qs=7.10025029671e-05 aspect=7.99988291207 mean_iota=-1.22239193746 solver_iterations=3070
evaluation=748 objective=5.56334198155e-05 qs=5.5633288755e-05 aspect=8.00001144816 mean_iota=-1.22243961282 solver_iterations=3073
evaluation=749 objective=5.39025149448e-05 qs=5.39023896744e-05 aspect=8.00001119243 mean_iota=-1.2224408318 solver_iterations=3070
evaluation=750 objective=5.37163129129e-05 qs=5.37161904887e-05 aspect=8.00001106455 mean_iota=-1.22244811846 solver_iterations=3074
evaluation=751 objective=5.37158556169e-05 qs=5.37157332903e-05 aspect=8.00001106014 mean_iota=-1.22244810626 solver_iterations=3074
evaluation=752 objective=5.37153728092e-05 qs=5.37152505941e-05 aspect=8.00001105509 mean_iota=-1.2224481029 solver_iterations=3074
evaluation=753 objective=5.37235927841e-05 qs=5.37234720839e-05 aspect=8.00001098636 mean_iota=-1.22244805905 solver_iterations=3074
evaluation=754 objective=5.37484914082e-05 qs=5.37483851712e-05 aspect=8.00001030714 mean_iota=-1.22244791391 solver_iterations=3074
evaluation=755 objective=5.37207485099e-05 qs=5.37204465177e-05 aspect=8.00001737792 mean_iota=-1.22244824575 solver_iterations=3074
evaluation=756 objective=5.41376597159e-05 qs=5.40036307768e-05 aspect=7.99963390037 mean_iota=-1.22249578104 solver_iterations=3066
evaluation=757 objective=5.44422752114e-05 qs=5.44422449062e-05 aspect=8.00000550501 mean_iota=-1.22250291642 solver_iterations=3065
evaluation=758 objective=5.39900630612e-05 qs=5.3989759088e-05 aspect=8.00001743483 mean_iota=-1.22244299637 solver_iterations=3069
evaluation=759 objective=5.39699228416e-05 qs=5.39697867931e-05 aspect=8.00001166398 mean_iota=-1.22244057429 solver_iterations=3070
evaluation=760 objective=5.37212230127e-05 qs=5.37210997251e-05 aspect=8.00001110349 mean_iota=-1.22244805252 solver_iterations=3074
evaluation=761 objective=5.37164152831e-05 qs=5.37162928916e-05 aspect=8.00001106307 mean_iota=-1.2224480943 solver_iterations=3074
evaluation=762 objective=5.37209035508e-05 qs=5.37207812263e-05 aspect=8.00001106004 mean_iota=-1.22244809876 solver_iterations=3074
evaluation=763 objective=5.37164383183e-05 qs=5.37163159945e-05 aspect=8.00001106001 mean_iota=-1.22244810764 solver_iterations=3074
evaluation=764 objective=5.37184133311e-05 qs=5.37182892127e-05 aspect=8.00001114084 mean_iota=-1.22244808252 solver_iterations=3074
evaluation=765 objective=5.37157913574e-05 qs=5.37156655797e-05 aspect=8.00001121506 mean_iota=-1.22244770368 solver_iterations=3074
evaluation=766 objective=5.38973046468e-05 qs=5.38972642076e-05 aspect=8.00000635919 mean_iota=-1.22243296827 solver_iterations=3070
evaluation=767 objective=5.37151412077e-05 qs=5.37149992818e-05 aspect=8.00001191326 mean_iota=-1.22244443133 solver_iterations=3074
evaluation=768 objective=5.37154439598e-05 qs=5.37153088989e-05 aspect=8.00001162157 mean_iota=-1.22244712349 solver_iterations=3074
evaluation=769 objective=5.37161103308e-05 qs=5.37159841243e-05 aspect=8.00001123417 mean_iota=-1.22244784724 solver_iterations=3074
evaluation=770 objective=5.37160359147e-05 qs=5.37159130708e-05 aspect=8.0000110835 mean_iota=-1.22244811267 solver_iterations=3074
evaluation=771 objective=5.37161442539e-05 qs=5.37160217223e-05 aspect=8.0000110694 mean_iota=-1.22244812167 solver_iterations=3074
evaluation=772 objective=5.37196985831e-05 qs=5.37195762443e-05 aspect=8.00001106068 mean_iota=-1.22244811704 solver_iterations=3074
evaluation=773 objective=5.37199174786e-05 qs=5.37197951575e-05 aspect=8.00001105989 mean_iota=-1.22244810549 solver_iterations=3074
evaluation=774 objective=5.37156090493e-05 qs=5.37154867635e-05 aspect=8.00001105829 mean_iota=-1.2224480942 solver_iterations=3074
evaluation=775 objective=5.37166134243e-05 qs=5.37164909777e-05 aspect=8.00001106556 mean_iota=-1.22244810653 solver_iterations=3074
evaluation=776 objective=5.3716054065e-05 qs=5.37159335001e-05 aspect=8.00001098021 mean_iota=-1.22244818421 solver_iterations=3074
evaluation=777 objective=5.37159453127e-05 qs=5.37158215148e-05 aspect=8.00001112645 mean_iota=-1.22244803481 solver_iterations=3074
evaluation=778 objective=5.37161580635e-05 qs=5.37160332698e-05 aspect=8.00001117111 mean_iota=-1.22244867434 solver_iterations=3074
evaluation=779 objective=5.37162897217e-05 qs=5.37161676718e-05 aspect=8.00001104762 mean_iota=-1.22244847022 solver_iterations=3074
evaluation=780 objective=5.37158684203e-05 qs=5.37157459203e-05 aspect=8.00001106797 mean_iota=-1.22244814033 solver_iterations=3074
evaluation=781 objective=5.37154789322e-05 qs=5.37153565358e-05 aspect=8.00001106329 mean_iota=-1.22244809776 solver_iterations=3074
evaluation=782 objective=5.37165494637e-05 qs=5.37164270954e-05 aspect=8.00001106202 mean_iota=-1.22244809609 solver_iterations=3074
evaluation=783 objective=5.37166963676e-05 qs=5.37165740241e-05 aspect=8.0000110609 mean_iota=-1.22244810634 solver_iterations=3074
evaluation=784 objective=5.3721404345e-05 qs=5.37212820266e-05 aspect=8.00001105976 mean_iota=-1.222448104 solver_iterations=3074
evaluation=785 objective=5.37161907767e-05 qs=5.37160685435e-05 aspect=8.00001105591 mean_iota=-1.22244809188 solver_iterations=3074
evaluation=786 objective=5.37158243751e-05 qs=5.37157021362e-05 aspect=8.00001105617 mean_iota=-1.22244798145 solver_iterations=3074
evaluation=787 objective=5.37155932732e-05 qs=5.37154707567e-05 aspect=8.00001106872 mean_iota=-1.22244774112 solver_iterations=3074
evaluation=788 objective=5.37163562471e-05 qs=5.37162337175e-05 aspect=8.00001106931 mean_iota=-1.2224477341 solver_iterations=3074
evaluation=789 objective=5.37157223905e-05 qs=5.37155999415e-05 aspect=8.00001106567 mean_iota=-1.22244779181 solver_iterations=3074
evaluation=790 objective=5.37154567459e-05 qs=5.37153342975e-05 aspect=8.00001106564 mean_iota=-1.22244799131 solver_iterations=3074
evaluation=791 objective=5.37158743817e-05 qs=5.37157519943e-05 aspect=8.00001106289 mean_iota=-1.22244807858 solver_iterations=3074
evaluation=792 objective=5.37162724748e-05 qs=5.37161501327e-05 aspect=8.00001106084 mean_iota=-1.22244810497 solver_iterations=3074
evaluation=793 objective=5.37150269669e-05 qs=5.3714904639e-05 aspect=8.00001106019 mean_iota=-1.22244811358 solver_iterations=3074
evaluation=794 objective=5.37191890888e-05 qs=5.37190667734e-05 aspect=8.00001105963 mean_iota=-1.22244811719 solver_iterations=3074
evaluation=795 objective=5.37222408332e-05 qs=5.3722118518e-05 aspect=8.00001105962 mean_iota=-1.22244810685 solver_iterations=3074
evaluation=796 objective=5.88107755405e-05 qs=5.8810653223e-05 aspect=8.00001105972 mean_iota=-1.22263459244 solver_iterations=3074
evaluation=797 objective=5.43026497682e-05 qs=5.43025274507e-05 aspect=8.00001105972 mean_iota=-1.22245027274 solver_iterations=3073
evaluation=798 objective=5.37173607018e-05 qs=5.37172383843e-05 aspect=8.00001105972 mean_iota=-1.22244806033 solver_iterations=3074
evaluation=799 objective=5.37165712815e-05 qs=5.3716448964e-05 aspect=8.00001105972 mean_iota=-1.22244808978 solver_iterations=3074
evaluation=800 objective=5.37176122963e-05 qs=5.37174899788e-05 aspect=8.00001105972 mean_iota=-1.22244810008 solver_iterations=3074
evaluation=801 objective=5.3717348254e-05 qs=5.37172259306e-05 aspect=8.00001105999 mean_iota=-1.22244810034 solver_iterations=3074
evaluation=802 objective=5.37224941772e-05 qs=5.3722372349e-05 aspect=8.00001103758 mean_iota=-1.2224480931 solver_iterations=3074
evaluation=803 objective=5.41674557528e-05 qs=5.41673463016e-05 aspect=8.00001046189 mean_iota=-1.22244841084 solver_iterations=3073
evaluation=804 objective=6.77683101036e-05 qs=6.77673511069e-05 aspect=8.00003096767 mean_iota=-1.22246884206 solver_iterations=3064
evaluation=805 objective=7.30131877125e-05 qs=7.06266545956e-05 aspect=8.00154484081 mean_iota=-1.2227637418 solver_iterations=3085
evaluation=806 objective=0.000115270427265 qs=9.19967502434e-05 aspect=7.99517572005 mean_iota=-1.2218765794 solver_iterations=3019
evaluation=807 objective=8.50552781668e-05 qs=8.50324020823e-05 aspect=7.99984875158 mean_iota=-1.22236591788 solver_iterations=3080
evaluation=808 objective=5.64041907608e-05 qs=5.64040960091e-05 aspect=8.00000973405 mean_iota=-1.22244505373 solver_iterations=3074
evaluation=809 objective=5.37512799634e-05 qs=5.37511554014e-05 aspect=8.00001116074 mean_iota=-1.22244819702 solver_iterations=3074
evaluation=810 objective=5.37181510645e-05 qs=5.37180286442e-05 aspect=8.00001106437 mean_iota=-1.22244811729 solver_iterations=3074
evaluation=811 objective=5.37182176005e-05 qs=5.37180952817e-05 aspect=8.00001105978 mean_iota=-1.22244810997 solver_iterations=3074
evaluation=812 objective=5.37156108715e-05 qs=5.37154884569e-05 aspect=8.00001106411 mean_iota=-1.2224481089 solver_iterations=3074
evaluation=813 objective=5.37182870485e-05 qs=5.37181643713e-05 aspect=8.00001107597 mean_iota=-1.22244812082 solver_iterations=3074
evaluation=814 objective=5.37399672228e-05 qs=5.3739841488e-05 aspect=8.00001121315 mean_iota=-1.22244879022 solver_iterations=3074
evaluation=815 objective=5.3938056888e-05 qs=5.39350232403e-05 aspect=8.00005507856 mean_iota=-1.22243767677 solver_iterations=3066
evaluation=816 objective=5.42580173425e-05 qs=5.40647053942e-05 aspect=7.99956032745 mean_iota=-1.22240723404 solver_iterations=3065
evaluation=817 objective=5.41366678012e-05 qs=5.41350012658e-05 aspect=7.99995917678 mean_iota=-1.22248327038 solver_iterations=3065
evaluation=818 objective=5.37930872944e-05 qs=5.37928391437e-05 aspect=8.0000157528 mean_iota=-1.22245170007 solver_iterations=3073
evaluation=819 objective=5.37887851768e-05 qs=5.37886526406e-05 aspect=8.00001151243 mean_iota=-1.22244830132 solver_iterations=3074
evaluation=820 objective=5.37185547423e-05 qs=5.37184319093e-05 aspect=8.000011083 mean_iota=-1.22244808059 solver_iterations=3074
evaluation=821 objective=5.37189290006e-05 qs=5.37188066031e-05 aspect=8.00001106334 mean_iota=-1.22244809502 solver_iterations=3074
evaluation=822 objective=5.37161801542e-05 qs=5.37160578153e-05 aspect=8.00001106069 mean_iota=-1.22244810044 solver_iterations=3074
evaluation=823 objective=5.37163109749e-05 qs=5.37161887976e-05 aspect=8.00001105339 mean_iota=-1.22244810475 solver_iterations=3074
evaluation=824 objective=5.37156700051e-05 qs=5.37155472045e-05 aspect=8.00001108154 mean_iota=-1.22244810991 solver_iterations=3074
evaluation=825 objective=5.3716083726e-05 qs=5.37159603741e-05 aspect=8.00001110639 mean_iota=-1.22244841011 solver_iterations=3074
evaluation=826 objective=5.37186547584e-05 qs=5.37186524464e-05 aspect=8.00000152054 mean_iota=-1.22247131757 solver_iterations=3073
evaluation=827 objective=5.37154429346e-05 qs=5.37153019006e-05 aspect=8.00001187577 mean_iota=-1.22244475939 solver_iterations=3073
evaluation=828 objective=5.37167950899e-05 qs=5.37166576643e-05 aspect=8.00001172286 mean_iota=-1.22244702307 solver_iterations=3074
evaluation=829 objective=5.37163444165e-05 qs=5.37162198235e-05 aspect=8.00001116213 mean_iota=-1.2224478569 solver_iterations=3074
evaluation=830 objective=5.37162905998e-05 qs=5.37161676727e-05 aspect=8.00001108725 mean_iota=-1.22244808616 solver_iterations=3074
evaluation=831 objective=5.37178744416e-05 qs=5.37177518516e-05 aspect=8.00001107204 mean_iota=-1.22244811607 solver_iterations=3074
evaluation=832 objective=5.37171847181e-05 qs=5.37170623791e-05 aspect=8.0000110607 mean_iota=-1.22244811299 solver_iterations=3074
evaluation=833 objective=5.37184467866e-05 qs=5.37183244638e-05 aspect=8.00001105996 mean_iota=-1.22244810976 solver_iterations=3074
evaluation=834 objective=5.37151537909e-05 qs=5.37150311655e-05 aspect=8.00001107363 mean_iota=-1.22244809459 solver_iterations=3074
evaluation=835 objective=5.37155654309e-05 qs=5.37154436373e-05 aspect=8.00001103601 mean_iota=-1.22244811298 solver_iterations=3074
evaluation=836 objective=5.3716368338e-05 qs=5.37162474741e-05 aspect=8.00001099381 mean_iota=-1.22244823772 solver_iterations=3074
evaluation=837 objective=5.37160861502e-05 qs=5.37159618544e-05 aspect=8.0000111488 mean_iota=-1.22244707803 solver_iterations=3074
evaluation=838 objective=5.37161021667e-05 qs=5.37159778412e-05 aspect=8.00001115014 mean_iota=-1.22244792609 solver_iterations=3074
evaluation=839 objective=5.37169336296e-05 qs=5.37168104466e-05 aspect=8.00001109878 mean_iota=-1.22244871199 solver_iterations=3074
evaluation=840 objective=5.37159077155e-05 qs=5.37157852117e-05 aspect=8.00001106815 mean_iota=-1.22244817595 solver_iterations=3074
evaluation=841 objective=5.37168584781e-05 qs=5.37167360808e-05 aspect=8.00001106333 mean_iota=-1.22244811613 solver_iterations=3074
evaluation=842 objective=5.37184277238e-05 qs=5.37183053745e-05 aspect=8.00001106116 mean_iota=-1.22244809992 solver_iterations=3074
evaluation=843 objective=5.37155068572e-05 qs=5.37153845118e-05 aspect=8.00001106098 mean_iota=-1.22244809827 solver_iterations=3074
evaluation=844 objective=5.37236235705e-05 qs=5.3723501251e-05 aspect=8.00001105981 mean_iota=-1.22244810535 solver_iterations=3074
evaluation=845 objective=5.37162939259e-05 qs=5.371617168e-05 aspect=8.00001105649 mean_iota=-1.2224481026 solver_iterations=3074
evaluation=846 objective=5.37158108239e-05 qs=5.37156884938e-05 aspect=8.00001106029 mean_iota=-1.222448145 solver_iterations=3074
evaluation=847 objective=5.37158976248e-05 qs=5.37157755003e-05 aspect=8.000011051 mean_iota=-1.22244860386 solver_iterations=3074
evaluation=848 objective=5.37159423121e-05 qs=5.37158200249e-05 aspect=8.00001105835 mean_iota=-1.22244807232 solver_iterations=3074
evaluation=849 objective=5.37152902663e-05 qs=5.37151681023e-05 aspect=8.00001105278 mean_iota=-1.22244793926 solver_iterations=3074
evaluation=850 objective=5.37153223469e-05 qs=5.37151999753e-05 aspect=8.00001106217 mean_iota=-1.2224479794 solver_iterations=3074
evaluation=851 objective=5.37158929478e-05 qs=5.37157706264e-05 aspect=8.0000110599 mean_iota=-1.22244805313 solver_iterations=3074
evaluation=852 objective=5.37168184217e-05 qs=5.37166960718e-05 aspect=8.00001106119 mean_iota=-1.22244810191 solver_iterations=3074
evaluation=853 objective=5.37151010647e-05 qs=5.37149787302e-05 aspect=8.00001106049 mean_iota=-1.22244812173 solver_iterations=3074
evaluation=854 objective=5.37213654094e-05 qs=5.37212430907e-05 aspect=8.00001105978 mean_iota=-1.22244811691 solver_iterations=3074
evaluation=855 objective=5.37246578357e-05 qs=5.37245355196e-05 aspect=8.00001105966 mean_iota=-1.22244811074 solver_iterations=3074
evaluation=856 objective=5.37156846911e-05 qs=5.37155623736e-05 aspect=8.00001105972 mean_iota=-1.22244810435 solver_iterations=3074
accepted mode=5 iteration=6 objective=5.37156846911e-05
    6    850    2.685784235e-05      0.12041078774.523954156e-05
evaluation=857 objective=5.42107148324e-05 qs=5.42097438905e-05 aspect=8.00003115994 mean_iota=-1.22250272132 solver_iterations=3086
evaluation=858 objective=5.3935288805e-05 qs=5.39345609479e-05 aspect=8.00002697883 mean_iota=-1.22246438197 solver_iterations=3081
evaluation=859 objective=5.37162521029e-05 qs=5.37160087862e-05 aspect=8.00001559861 mean_iota=-1.22245460946 solver_iterations=3074
evaluation=860 objective=5.37014239484e-05 qs=5.37012793931e-05 aspect=8.00001202311 mean_iota=-1.22244972519 solver_iterations=3074
evaluation=861 objective=6.4416492514e-05 qs=6.44148301368e-05 aspect=8.00004077226 mean_iota=-1.22259393574 solver_iterations=3073
evaluation=862 objective=5.43018790647e-05 qs=5.43017548161e-05 aspect=8.00001114668 mean_iota=-1.22245033712 solver_iterations=3074
evaluation=863 objective=5.37211257309e-05 qs=5.37209817067e-05 aspect=8.00001200101 mean_iota=-1.22244957577 solver_iterations=3074
evaluation=864 objective=5.37012923378e-05 qs=5.3701147794e-05 aspect=8.00001202264 mean_iota=-1.22244971329 solver_iterations=3074
evaluation=865 objective=5.3703278273e-05 qs=5.37031337183e-05 aspect=8.00001202309 mean_iota=-1.22244971977 solver_iterations=3074
evaluation=866 objective=5.37019779978e-05 qs=5.37018334284e-05 aspect=8.0000120237 mean_iota=-1.22244972969 solver_iterations=3074
evaluation=867 objective=5.37010303996e-05 qs=5.37008857101e-05 aspect=8.00001202869 mean_iota=-1.22244973191 solver_iterations=3074
evaluation=868 objective=5.41223003128e-05 qs=5.41221418114e-05 aspect=8.00001258973 mean_iota=-1.22244197207 solver_iterations=3070
evaluation=869 objective=6.36159530728e-05 qs=6.36152701422e-05 aspect=7.99997386706 mean_iota=-1.2224154966 solver_iterations=3081
evaluation=870 objective=0.000177160477076 qs=0.000177073044233 aspect=7.99970430955 mean_iota=-1.22185545393 solver_iterations=3071
evaluation=871 objective=0.000148010805296 qs=0.000132561791411 aspect=7.99606947664 mean_iota=-1.2221105265 solver_iterations=3076
evaluation=872 objective=7.06068218748e-05 qs=7.0593336926e-05 aspect=7.99988387529 mean_iota=-1.22239358048 solver_iterations=3071
evaluation=873 objective=5.55278816294e-05 qs=5.5527727583e-05 aspect=8.00001241154 mean_iota=-1.22244120126 solver_iterations=3074
evaluation=874 objective=5.37020028588e-05 qs=5.37018550975e-05 aspect=8.00001215571 mean_iota=-1.22244984919 solver_iterations=3074
evaluation=875 objective=5.37025348668e-05 qs=5.37023901955e-05 aspect=8.00001202794 mean_iota=-1.22244973937 solver_iterations=3074
evaluation=876 objective=5.3703399716e-05 qs=5.37032551508e-05 aspect=8.00001202353 mean_iota=-1.22244972707 solver_iterations=3074
evaluation=877 objective=5.37037511601e-05 qs=5.37036067162e-05 aspect=8.00001201848 mean_iota=-1.22244972378 solver_iterations=3074
evaluation=878 objective=5.37133919929e-05 qs=5.37132491963e-05 aspect=8.00001194975 mean_iota=-1.22244967929 solver_iterations=3074
evaluation=879 objective=5.37411176332e-05 qs=5.37409906085e-05 aspect=8.00001127052 mean_iota=-1.22244953149 solver_iterations=3074
evaluation=880 objective=5.37086063008e-05 qs=5.37082698951e-05 aspect=8.00001834137 mean_iota=-1.22244986499 solver_iterations=3074
evaluation=881 objective=5.41558836012e-05 qs=5.40225591966e-05 aspect=7.99963486385 mean_iota=-1.22249735196 solver_iterations=3066
evaluation=882 objective=5.44407572797e-05 qs=5.4440715439e-05 aspect=8.00000646844 mean_iota=-1.2225044818 solver_iterations=3066
evaluation=883 objective=5.37935571445e-05 qs=5.37932186653e-05 aspect=8.0000183978 mean_iota=-1.22245200326 solver_iterations=3074
evaluation=884 objective=5.3731785423e-05 qs=5.37316259765e-05 aspect=8.00001262721 mean_iota=-1.22244961271 solver_iterations=3074
evaluation=885 objective=5.37036910662e-05 qs=5.37035454565e-05 aspect=8.00001206689 mean_iota=-1.22244967318 solver_iterations=3074
evaluation=886 objective=5.3702039655e-05 qs=5.37018950192e-05 aspect=8.00001202646 mean_iota=-1.2224497152 solver_iterations=3074
evaluation=887 objective=5.37042948769e-05 qs=5.3704150314e-05 aspect=8.00001202343 mean_iota=-1.22244971978 solver_iterations=3074
evaluation=888 objective=5.37010241812e-05 qs=5.37008796191e-05 aspect=8.0000120234 mean_iota=-1.22244972867 solver_iterations=3074
evaluation=889 objective=5.37019545902e-05 qs=5.37018080779e-05 aspect=8.00001210423 mean_iota=-1.22244970352 solver_iterations=3074
evaluation=890 objective=5.37008893435e-05 qs=5.37007410289e-05 aspect=8.00001217845 mean_iota=-1.22244932449 solver_iterations=3074
evaluation=891 objective=5.36992899987e-05 qs=5.3699236362e-05 aspect=8.00000732371 mean_iota=-1.22244201784 solver_iterations=3074
evaluation=892 objective=5.37006266267e-05 qs=5.37004608184e-05 aspect=8.00001287666 mean_iota=-1.22244605227 solver_iterations=3074
evaluation=893 objective=5.37016177036e-05 qs=5.37014593223e-05 aspect=8.00001258496 mean_iota=-1.22244874454 solver_iterations=3074
evaluation=894 objective=5.36986888519e-05 qs=5.36985400711e-05 aspect=8.00001219757 mean_iota=-1.22244946813 solver_iterations=3074
evaluation=895 objective=5.37015093628e-05 qs=5.37013642352e-05 aspect=8.00001204689 mean_iota=-1.22244973346 solver_iterations=3074
evaluation=896 objective=5.37005930101e-05 qs=5.37004482222e-05 aspect=8.00001203279 mean_iota=-1.22244974253 solver_iterations=3074
evaluation=897 objective=5.37036604824e-05 qs=5.37035159041e-05 aspect=8.00001202407 mean_iota=-1.22244973804 solver_iterations=3074
evaluation=898 objective=5.37055776336e-05 qs=5.37054330744e-05 aspect=8.00001202328 mean_iota=-1.22244972651 solver_iterations=3074
evaluation=899 objective=5.37014661215e-05 qs=5.37013216007e-05 aspect=8.00001202168 mean_iota=-1.22244971487 solver_iterations=3074
evaluation=900 objective=5.37025136756e-05 qs=5.370236898e-05 aspect=8.00001202895 mean_iota=-1.22244972614 solver_iterations=3074
evaluation=901 objective=5.37017973756e-05 qs=5.37016547261e-05 aspect=8.0000119436 mean_iota=-1.22244980427 solver_iterations=3074
evaluation=902 objective=5.37016985441e-05 qs=5.370155238e-05 aspect=8.00001208983 mean_iota=-1.22244965382 solver_iterations=3074
evaluation=903 objective=5.37021662608e-05 qs=5.37020190148e-05 aspect=8.0000121345 mean_iota=-1.22245029365 solver_iterations=3074
evaluation=904 objective=5.37011492259e-05 qs=5.37010049617e-05 aspect=8.00001201101 mean_iota=-1.22245008976 solver_iterations=3074
evaluation=905 objective=5.3701942927e-05 qs=5.37017981733e-05 aspect=8.00001203136 mean_iota=-1.22244976089 solver_iterations=3074
evaluation=906 objective=5.37002975008e-05 qs=5.37001528598e-05 aspect=8.00001202668 mean_iota=-1.22244971871 solver_iterations=3074
evaluation=907 objective=5.37015096985e-05 qs=5.37013650879e-05 aspect=8.00001202541 mean_iota=-1.22244971714 solver_iterations=3074
evaluation=908 objective=5.3703300798e-05 qs=5.37031562145e-05 aspect=8.00001202429 mean_iota=-1.22244972742 solver_iterations=3074
evaluation=909 objective=5.37051616141e-05 qs=5.37050170579e-05 aspect=8.00001202315 mean_iota=-1.22244972509 solver_iterations=3074
evaluation=910 objective=5.37018270787e-05 qs=5.37016826151e-05 aspect=8.0000120193 mean_iota=-1.22244971251 solver_iterations=3074
evaluation=911 objective=5.37015614729e-05 qs=5.37014170031e-05 aspect=8.00001201956 mean_iota=-1.22244960182 solver_iterations=3074
evaluation=912 objective=5.37013433714e-05 qs=5.37011985998e-05 aspect=8.00001203211 mean_iota=-1.22244936162 solver_iterations=3074
evaluation=913 objective=5.37021520816e-05 qs=5.37020072957e-05 aspect=8.0000120327 mean_iota=-1.22244935401 solver_iterations=3074
evaluation=914 objective=5.37012900927e-05 qs=5.37011453945e-05 aspect=8.00001202906 mean_iota=-1.22244941221 solver_iterations=3074
evaluation=915 objective=5.37014496908e-05 qs=5.37013049933e-05 aspect=8.00001202903 mean_iota=-1.22244961201 solver_iterations=3074
evaluation=916 objective=5.37011290226e-05 qs=5.37009843914e-05 aspect=8.00001202627 mean_iota=-1.22244969943 solver_iterations=3074
evaluation=917 objective=5.37014449578e-05 qs=5.37013003758e-05 aspect=8.00001202423 mean_iota=-1.22244972602 solver_iterations=3074
evaluation=918 objective=5.37020823928e-05 qs=5.37019378263e-05 aspect=8.00001202358 mean_iota=-1.22244973463 solver_iterations=3074
evaluation=919 objective=5.3703646033e-05 qs=5.37035014799e-05 aspect=8.00001202302 mean_iota=-1.22244973825 solver_iterations=3074
evaluation=920 objective=5.37071437016e-05 qs=5.37069991488e-05 aspect=8.00001202301 mean_iota=-1.22244972791 solver_iterations=3074
evaluation=921 objective=5.89421523005e-05 qs=5.89420077453e-05 aspect=8.00001202311 mean_iota=-1.22263620632 solver_iterations=3074
evaluation=922 objective=5.43517526159e-05 qs=5.43516080606e-05 aspect=8.00001202311 mean_iota=-1.22245188192 solver_iterations=3074
evaluation=923 objective=5.37022059208e-05 qs=5.37020613656e-05 aspect=8.00001202311 mean_iota=-1.22244968093 solver_iterations=3074
evaluation=924 objective=5.37033903331e-05 qs=5.37032457778e-05 aspect=8.00001202311 mean_iota=-1.22244971056 solver_iterations=3074
evaluation=925 objective=5.37034391046e-05 qs=5.37032945493e-05 aspect=8.00001202311 mean_iota=-1.22244972091 solver_iterations=3074
evaluation=926 objective=5.37040579618e-05 qs=5.37039134001e-05 aspect=8.00001202338 mean_iota=-1.22244972118 solver_iterations=3074
evaluation=927 objective=5.37131537048e-05 qs=5.37130096814e-05 aspect=8.00001200097 mean_iota=-1.22244971369 solver_iterations=3074
evaluation=928 objective=5.40902408586e-05 qs=5.40901103211e-05 aspect=8.0000114253 mean_iota=-1.22245002416 solver_iterations=3074
evaluation=929 objective=6.7436333815e-05 qs=6.74353142337e-05 aspect=8.00003193088 mean_iota=-1.22247043313 solver_iterations=3064
evaluation=930 objective=7.27815947898e-05 qs=7.03920820004e-05 aspect=8.0015458049 mean_iota=-1.22276532769 solver_iterations=3085
evaluation=931 objective=0.000115500100136 qs=9.22356980229e-05 aspect=7.99517668142 mean_iota=-1.22187821713 solver_iterations=3021
evaluation=932 objective=8.54800841217e-05 qs=8.54574983731e-05 aspect=7.99984971444 mean_iota=-1.22236753139 solver_iterations=3080
evaluation=933 objective=5.65163041222e-05 qs=5.65161896898e-05 aspect=8.00001069731 mean_iota=-1.22244663887 solver_iterations=3077
evaluation=934 objective=5.37316348955e-05 qs=5.3731487899e-05 aspect=8.00001212421 mean_iota=-1.22244981806 solver_iterations=3074
evaluation=935 objective=5.37026039409e-05 qs=5.37024592739e-05 aspect=8.00001202776 mean_iota=-1.2224497382 solver_iterations=3074
evaluation=936 objective=5.37040637861e-05 qs=5.37039192294e-05 aspect=8.00001202317 mean_iota=-1.22244973082 solver_iterations=3074
evaluation=937 objective=5.37022966879e-05 qs=5.37021520271e-05 aspect=8.0000120275 mean_iota=-1.22244972982 solver_iterations=3074
evaluation=938 objective=5.3702861295e-05 qs=5.37027163487e-05 aspect=8.00001203937 mean_iota=-1.22244974176 solver_iterations=3074
evaluation=939 objective=5.37239717598e-05 qs=5.37238234919e-05 aspect=8.00001217653 mean_iota=-1.22245040885 solver_iterations=3074
evaluation=940 objective=5.39666201177e-05 qs=5.39634794331e-05 aspect=8.00005604181 mean_iota=-1.2224388239 solver_iterations=3067
evaluation=941 objective=5.42601265148e-05 qs=5.40676612705e-05 aspect=7.99956129139 mean_iota=-1.22240883401 solver_iterations=3065
evaluation=942 objective=5.41540023927e-05 qs=5.41524135802e-05 aspect=7.99996014009 mean_iota=-1.22248483538 solver_iterations=3066
evaluation=943 objective=5.37867126551e-05 qs=5.3786433219e-05 aspect=8.00001671634 mean_iota=-1.22245331278 solver_iterations=3074
evaluation=944 objective=5.37640406492e-05 qs=5.37638849984e-05 aspect=8.00001247601 mean_iota=-1.2224499201 solver_iterations=3074
evaluation=945 objective=5.37031282212e-05 qs=5.37029831057e-05 aspect=8.00001204639 mean_iota=-1.22244970138 solver_iterations=3074
evaluation=946 objective=5.37026593598e-05 qs=5.37025147177e-05 aspect=8.00001202672 mean_iota=-1.22244971592 solver_iterations=3074
evaluation=947 objective=5.37048744077e-05 qs=5.37047298291e-05 aspect=8.00001202408 mean_iota=-1.22244972144 solver_iterations=3074
evaluation=948 objective=5.37019428433e-05 qs=5.37017984404e-05 aspect=8.00001201678 mean_iota=-1.22244972549 solver_iterations=3074
evaluation=949 objective=5.37014104854e-05 qs=5.3701265405e-05 aspect=8.00001204493 mean_iota=-1.22244973031 solver_iterations=3074
evaluation=950 objective=5.3701719429e-05 qs=5.37015737497e-05 aspect=8.00001206977 mean_iota=-1.22245002876 solver_iterations=3074
evaluation=951 objective=5.37295853064e-05 qs=5.37295791332e-05 aspect=8.0000024846 mean_iota=-1.22247288488 solver_iterations=3074
evaluation=952 objective=5.37023238531e-05 qs=5.37021590095e-05 aspect=8.00001283914 mean_iota=-1.22244637321 solver_iterations=3074
evaluation=953 objective=5.37031376428e-05 qs=5.37029767023e-05 aspect=8.00001268624 mean_iota=-1.22244864256 solver_iterations=3074
evaluation=954 objective=5.3701040818e-05 qs=5.37008937897e-05 aspect=8.00001212552 mean_iota=-1.22244947733 solver_iterations=3074
evaluation=955 objective=5.37028980847e-05 qs=5.37027528669e-05 aspect=8.00001205064 mean_iota=-1.22244970702 solver_iterations=3074
evaluation=956 objective=5.37010281174e-05 qs=5.3700883266e-05 aspect=8.00001203542 mean_iota=-1.22244973709 solver_iterations=3074
evaluation=957 objective=5.37032988371e-05 qs=5.37031542585e-05 aspect=8.00001202409 mean_iota=-1.22244973402 solver_iterations=3074
evaluation=958 objective=5.3706618618e-05 qs=5.3706474057e-05 aspect=8.00001202335 mean_iota=-1.22244973082 solver_iterations=3074
evaluation=959 objective=5.37006860629e-05 qs=5.37005411729e-05 aspect=8.00001203702 mean_iota=-1.22244971531 solver_iterations=3074
evaluation=960 objective=5.37012719355e-05 qs=5.37011279499e-05 aspect=8.0000119994 mean_iota=-1.22244973319 solver_iterations=3074
evaluation=961 objective=5.37019911431e-05 qs=5.3701848168e-05 aspect=8.00001195722 mean_iota=-1.22244985689 solver_iterations=3074
evaluation=962 objective=5.37018558187e-05 qs=5.37017091138e-05 aspect=8.00001211218 mean_iota=-1.22244869709 solver_iterations=3074
evaluation=963 objective=5.37020818893e-05 qs=5.37019351519e-05 aspect=8.00001211352 mean_iota=-1.22244954504 solver_iterations=3074
evaluation=964 objective=5.37014161911e-05 qs=5.37012706952e-05 aspect=8.00001206217 mean_iota=-1.22245033089 solver_iterations=3074
evaluation=965 objective=5.37026090358e-05 qs=5.37024642779e-05 aspect=8.00001203154 mean_iota=-1.22244979656 solver_iterations=3074
evaluation=966 objective=5.37011412799e-05 qs=5.3700996638e-05 aspect=8.00001202671 mean_iota=-1.22244973724 solver_iterations=3074
evaluation=967 objective=5.37027358053e-05 qs=5.37025912155e-05 aspect=8.00001202455 mean_iota=-1.22244972101 solver_iterations=3074
evaluation=968 objective=5.3704421935e-05 qs=5.37042773494e-05 aspect=8.00001202437 mean_iota=-1.22244971931 solver_iterations=3074
evaluation=969 objective=5.37074494336e-05 qs=5.37073048762e-05 aspect=8.0000120232 mean_iota=-1.22244972645 solver_iterations=3074
evaluation=970 objective=5.37020071859e-05 qs=5.37018627084e-05 aspect=8.00001201988 mean_iota=-1.22244972317 solver_iterations=3074
evaluation=971 objective=5.37015588435e-05 qs=5.37014142746e-05 aspect=8.00001202368 mean_iota=-1.22244976533 solver_iterations=3074
evaluation=972 objective=5.37016901081e-05 qs=5.37015457626e-05 aspect=8.00001201439 mean_iota=-1.22245022351 solver_iterations=3074
evaluation=973 objective=5.37017717968e-05 qs=5.37016272744e-05 aspect=8.00001202175 mean_iota=-1.22244969262 solver_iterations=3074
evaluation=974 objective=5.37009516403e-05 qs=5.3700807252e-05 aspect=8.00001201617 mean_iota=-1.22244956017 solver_iterations=3074
evaluation=975 objective=5.37015935741e-05 qs=5.37014489601e-05 aspect=8.00001202556 mean_iota=-1.22244960049 solver_iterations=3074
evaluation=976 objective=5.37012029001e-05 qs=5.37010583406e-05 aspect=8.00001202329 mean_iota=-1.22244967425 solver_iterations=3074
evaluation=977 objective=5.37017547516e-05 qs=5.37016101611e-05 aspect=8.00001202458 mean_iota=-1.222449723 solver_iterations=3074
evaluation=978 objective=5.37029543025e-05 qs=5.37028097288e-05 aspect=8.00001202388 mean_iota=-1.22244974285 solver_iterations=3074
evaluation=979 objective=5.37055297583e-05 qs=5.37053852017e-05 aspect=8.00001202317 mean_iota=-1.222449738 solver_iterations=3074
evaluation=980 objective=5.37092598411e-05 qs=5.37091152874e-05 aspect=8.00001202305 mean_iota=-1.22244973186 solver_iterations=3074
evaluation=981 objective=5.37014239484e-05 qs=5.37012793931e-05 aspect=8.00001202311 mean_iota=-1.22244972519 solver_iterations=3074
accepted mode=5 iteration=7 objective=5.37014239484e-05
    7    974    2.685071197e-05     0.024105183121.767169592e-07
evaluation=982 objective=5.36958247619e-05 qs=5.3695666981e-05 aspect=8.00001256109 mean_iota=-1.22244952485 solver_iterations=3074
evaluation=983 objective=6.44100877888e-05 qs=6.44083812633e-05 aspect=8.00004131011 mean_iota=-1.22259373868 solver_iterations=3074
evaluation=984 objective=5.43277661563e-05 qs=5.43276296251e-05 aspect=8.00001168466 mean_iota=-1.22245013399 solver_iterations=3074
evaluation=985 objective=5.37151608743e-05 qs=5.37150036481e-05 aspect=8.00001253899 mean_iota=-1.22244937567 solver_iterations=3074
evaluation=986 objective=5.36963887119e-05 qs=5.36962309428e-05 aspect=8.00001256062 mean_iota=-1.22244951294 solver_iterations=3074
evaluation=987 objective=5.36972688863e-05 qs=5.36971111058e-05 aspect=8.00001256107 mean_iota=-1.22244951941 solver_iterations=3074
evaluation=988 objective=5.36974118939e-05 qs=5.36972540981e-05 aspect=8.00001256168 mean_iota=-1.2224495293 solver_iterations=3074
evaluation=989 objective=5.3696066813e-05 qs=5.36959088918e-05 aspect=8.00001256667 mean_iota=-1.22244953145 solver_iterations=3074
evaluation=990 objective=5.41439871935e-05 qs=5.41438148566e-05 aspect=8.00001312772 mean_iota=-1.22244176886 solver_iterations=3070
evaluation=991 objective=6.36663389947e-05 qs=6.36656838895e-05 aspect=7.99997440498 mean_iota=-1.22241529875 solver_iterations=3081
evaluation=992 objective=0.000177239399474 qs=0.000177152284301 aspect=7.99970484721 mean_iota=-1.22185528531 solver_iterations=3071
evaluation=993 objective=0.000148071649833 qs=0.000132626856918 aspect=7.99607001362 mean_iota=-1.22211029421 solver_iterations=3076
evaluation=994 objective=7.07139685692e-05 qs=7.0700608307e-05 aspect=7.9998844134 mean_iota=-1.22239341055 solver_iterations=3071
evaluation=995 objective=5.55468009651e-05 qs=5.55466332741e-05 aspect=8.00001294955 mean_iota=-1.22244100318 solver_iterations=3074
evaluation=996 objective=5.37072806712e-05 qs=5.37071195413e-05 aspect=8.0000126937 mean_iota=-1.22244964932 solver_iterations=3074
evaluation=997 objective=5.36968952465e-05 qs=5.36967373443e-05 aspect=8.00001256591 mean_iota=-1.222449539 solver_iterations=3074
evaluation=998 objective=5.36980882538e-05 qs=5.36979304625e-05 aspect=8.0000125615 mean_iota=-1.22244952674 solver_iterations=3074
evaluation=999 objective=5.36970115682e-05 qs=5.36968539035e-05 aspect=8.00001255646 mean_iota=-1.22244952339 solver_iterations=3074
evaluation=1000 objective=5.37055570488e-05 qs=5.37054011054e-05 aspect=8.00001248773 mean_iota=-1.22244947897 solver_iterations=3074
evaluation=1001 objective=5.37300995485e-05 qs=5.37299601081e-05 aspect=8.00001180849 mean_iota=-1.2224493304 solver_iterations=3074
evaluation=1002 objective=5.37016459071e-05 qs=5.3701289476e-05 aspect=8.00001887938 mean_iota=-1.222449665 solver_iterations=3074
evaluation=1003 objective=5.4143808689e-05 qs=5.40108770666e-05 aspect=7.99963540211 mean_iota=-1.22249714789 solver_iterations=3066
evaluation=1004 objective=5.44468912839e-05 qs=5.44468421928e-05 aspect=8.0000070065 mean_iota=-1.22250427487 solver_iterations=3066
evaluation=1005 objective=5.39682923268e-05 qs=5.3967933763e-05 aspect=8.00001893578 mean_iota=-1.22244438998 solver_iterations=3070
evaluation=1006 objective=5.37419721812e-05 qs=5.37417988587e-05 aspect=8.0000131652 mean_iota=-1.22244941215 solver_iterations=3074
evaluation=1007 objective=5.36993979524e-05 qs=5.36992390698e-05 aspect=8.00001260486 mean_iota=-1.22244947282 solver_iterations=3074
evaluation=1008 objective=5.36976039089e-05 qs=5.36974460439e-05 aspect=8.00001256444 mean_iota=-1.22244951478 solver_iterations=3074
evaluation=1009 objective=5.36989277834e-05 qs=5.36987699945e-05 aspect=8.00001256141 mean_iota=-1.22244951931 solver_iterations=3074
evaluation=1010 objective=5.36959248147e-05 qs=5.36957670265e-05 aspect=8.00001256137 mean_iota=-1.22244952824 solver_iterations=3074
evaluation=1011 objective=5.36974819635e-05 qs=5.36973221383e-05 aspect=8.0000126422 mean_iota=-1.22244950312 solver_iterations=3074
evaluation=1012 objective=5.3695563674e-05 qs=5.36954019666e-05 aspect=8.00001271642 mean_iota=-1.22244912409 solver_iterations=3074
evaluation=1013 objective=5.38768168287e-05 qs=5.38767550225e-05 aspect=8.00000786169 mean_iota=-1.22243437931 solver_iterations=3070
evaluation=1014 objective=5.36951866647e-05 qs=5.36950067121e-05 aspect=8.00001341464 mean_iota=-1.22244585182 solver_iterations=3074
evaluation=1015 objective=5.3695774913e-05 qs=5.36956027013e-05 aspect=8.00001312294 mean_iota=-1.22244854434 solver_iterations=3074
evaluation=1016 objective=5.36944835156e-05 qs=5.36943213213e-05 aspect=8.00001273556 mean_iota=-1.22244926769 solver_iterations=3074
evaluation=1017 objective=5.36960912072e-05 qs=5.36959328284e-05 aspect=8.00001258487 mean_iota=-1.22244953313 solver_iterations=3074
evaluation=1018 objective=5.36962423732e-05 qs=5.36960843492e-05 aspect=8.00001257076 mean_iota=-1.22244954219 solver_iterations=3074
evaluation=1019 objective=5.3698432291e-05 qs=5.36982744859e-05 aspect=8.00001256205 mean_iota=-1.22244953761 solver_iterations=3074
evaluation=1020 objective=5.36999953813e-05 qs=5.36998375962e-05 aspect=8.00001256125 mean_iota=-1.22244952609 solver_iterations=3074
evaluation=1021 objective=5.36957885967e-05 qs=5.36956308518e-05 aspect=8.00001255965 mean_iota=-1.22244951455 solver_iterations=3074
evaluation=1022 objective=5.36967410108e-05 qs=5.36965830833e-05 aspect=8.00001256692 mean_iota=-1.22244952626 solver_iterations=3074
evaluation=1023 objective=5.36961514846e-05 qs=5.3695995695e-05 aspect=8.00001248157 mean_iota=-1.22244960416 solver_iterations=3074
evaluation=1024 objective=5.36960852583e-05 qs=5.36959257968e-05 aspect=8.00001262781 mean_iota=-1.22244945369 solver_iterations=3074
evaluation=1025 objective=5.36964496345e-05 qs=5.36962890429e-05 aspect=8.00001267247 mean_iota=-1.22245009291 solver_iterations=3074
evaluation=1026 objective=5.36958966868e-05 qs=5.36957392099e-05 aspect=8.00001254898 mean_iota=-1.22244988994 solver_iterations=3074
evaluation=1027 objective=5.36962709784e-05 qs=5.36961129901e-05 aspect=8.00001256934 mean_iota=-1.22244956068 solver_iterations=3074
evaluation=1028 objective=5.36954496779e-05 qs=5.36952918074e-05 aspect=8.00001256465 mean_iota=-1.22244951832 solver_iterations=3074
evaluation=1029 objective=5.36962230195e-05 qs=5.36960651807e-05 aspect=8.00001256339 mean_iota=-1.22244951685 solver_iterations=3074
evaluation=1030 objective=5.36978673023e-05 qs=5.36977094919e-05 aspect=8.00001256226 mean_iota=-1.22244952733 solver_iterations=3074
evaluation=1031 objective=5.36998665217e-05 qs=5.36997087398e-05 aspect=8.00001256113 mean_iota=-1.222449525 solver_iterations=3074
evaluation=1032 objective=5.3696218957e-05 qs=5.36960612717e-05 aspect=8.00001255728 mean_iota=-1.22244951224 solver_iterations=3074
evaluation=1033 objective=5.369596455e-05 qs=5.36958068584e-05 aspect=8.00001255753 mean_iota=-1.22244940168 solver_iterations=3074
evaluation=1034 objective=5.36957449786e-05 qs=5.36955869715e-05 aspect=8.00001257009 mean_iota=-1.22244916145 solver_iterations=3074
evaluation=1035 objective=5.36965298845e-05 qs=5.36963718627e-05 aspect=8.00001257068 mean_iota=-1.22244915398 solver_iterations=3074
evaluation=1036 objective=5.3695748506e-05 qs=5.36955905757e-05 aspect=8.00001256703 mean_iota=-1.222449212 solver_iterations=3074
evaluation=1037 objective=5.36957701167e-05 qs=5.3695612187e-05 aspect=8.00001256701 mean_iota=-1.2224494117 solver_iterations=3074
evaluation=1038 objective=5.36958308653e-05 qs=5.36956730049e-05 aspect=8.00001256425 mean_iota=-1.22244949907 solver_iterations=3074
evaluation=1039 objective=5.36960091859e-05 qs=5.3695851377e-05 aspect=8.0000125622 mean_iota=-1.22244952559 solver_iterations=3074
evaluation=1040 objective=5.36967246561e-05 qs=5.36965668634e-05 aspect=8.00001256156 mean_iota=-1.22244953434 solver_iterations=3074
evaluation=1041 objective=5.36982288898e-05 qs=5.36980711111e-05 aspect=8.000012561 mean_iota=-1.22244953808 solver_iterations=3074
evaluation=1042 objective=5.3701622763e-05 qs=5.37014649846e-05 aspect=8.00001256099 mean_iota=-1.22244952779 solver_iterations=3074
evaluation=1043 objective=5.89314263797e-05 qs=5.89312685988e-05 aspect=8.00001256109 mean_iota=-1.22263600321 solver_iterations=3074
evaluation=1044 objective=5.43150412991e-05 qs=5.43148835182e-05 aspect=8.00001256109 mean_iota=-1.22245167816 solver_iterations=3074
evaluation=1045 objective=5.36969533535e-05 qs=5.36967955726e-05 aspect=8.00001256109 mean_iota=-1.22244948067 solver_iterations=3074
evaluation=1046 objective=5.36968811495e-05 qs=5.36967233686e-05 aspect=8.00001256109 mean_iota=-1.22244951022 solver_iterations=3074
evaluation=1047 objective=5.3698044489e-05 qs=5.3697886708e-05 aspect=8.00001256109 mean_iota=-1.22244952054 solver_iterations=3074
evaluation=1048 objective=5.36989730437e-05 qs=5.3698815256e-05 aspect=8.00001256136 mean_iota=-1.22244952086 solver_iterations=3074
evaluation=1049 objective=5.37063926921e-05 qs=5.37062354669e-05 aspect=8.00001253895 mean_iota=-1.22244951341 solver_iterations=3074
evaluation=1050 objective=5.41141416886e-05 qs=5.41139985672e-05 aspect=8.00001196333 mean_iota=-1.22244982133 solver_iterations=3074
evaluation=1051 objective=6.7493476548e-05 qs=6.74924223285e-05 aspect=8.00003246875 mean_iota=-1.22247023194 solver_iterations=3065
evaluation=1052 objective=7.28125509691e-05 qs=7.0421373468e-05 aspect=8.00154634327 mean_iota=-1.22276512684 solver_iterations=3085
evaluation=1053 objective=0.00011545069508 qs=9.21914731593e-05 aspect=7.99517721845 mean_iota=-1.22187805236 solver_iterations=3021
evaluation=1054 objective=8.53872103985e-05 qs=8.5364786035e-05 aspect=7.99985025233 mean_iota=-1.22236734629 solver_iterations=3080
evaluation=1055 objective=5.64531056075e-05 qs=5.64529793743e-05 aspect=8.00001123535 mean_iota=-1.22244644574 solver_iterations=3077
evaluation=1056 objective=5.37250356137e-05 qs=5.3724875283e-05 aspect=8.00001266218 mean_iota=-1.222449618 solver_iterations=3074
evaluation=1057 objective=5.36970437888e-05 qs=5.36968858911e-05 aspect=8.00001256573 mean_iota=-1.22244953779 solver_iterations=3074
evaluation=1058 objective=5.3698517926e-05 qs=5.36983601436e-05 aspect=8.00001256115 mean_iota=-1.22244953046 solver_iterations=3074
evaluation=1059 objective=5.36963516012e-05 qs=5.36961937099e-05 aspect=8.00001256548 mean_iota=-1.22244952943 solver_iterations=3074
evaluation=1060 objective=5.36972485229e-05 qs=5.36970903334e-05 aspect=8.00001257734 mean_iota=-1.22244954132 solver_iterations=3074
evaluation=1061 objective=5.37150435179e-05 qs=5.37148818596e-05 aspect=8.00001271449 mean_iota=-1.22245020848 solver_iterations=3074
evaluation=1062 objective=5.39503542568e-05 qs=5.39471529778e-05 aspect=8.00005657985 mean_iota=-1.22243861843 solver_iterations=3067
evaluation=1063 objective=5.42510626679e-05 qs=5.40590694029e-05 aspect=7.99956182964 mean_iota=-1.22240863601 solver_iterations=3065
evaluation=1064 objective=5.41500540857e-05 qs=5.41485078786e-05 aspect=7.99996067816 mean_iota=-1.22248462978 solver_iterations=3066
evaluation=1065 objective=5.37724862228e-05 qs=5.37721885108e-05 aspect=8.00001725433 mean_iota=-1.22245311055 solver_iterations=3074
evaluation=1066 objective=5.37603846293e-05 qs=5.37602152661e-05 aspect=8.00001301396 mean_iota=-1.22244971983 solver_iterations=3074
evaluation=1067 objective=5.36972299606e-05 qs=5.36970715943e-05 aspect=8.00001258437 mean_iota=-1.22244950103 solver_iterations=3074
evaluation=1068 objective=5.36978779577e-05 qs=5.3697720086e-05 aspect=8.0000125647 mean_iota=-1.22244951553 solver_iterations=3074
evaluation=1069 objective=5.36996404494e-05 qs=5.3699482644e-05 aspect=8.00001256206 mean_iota=-1.22244952102 solver_iterations=3074
evaluation=1070 objective=5.36962958469e-05 qs=5.36961382251e-05 aspect=8.00001255475 mean_iota=-1.22244952516 solver_iterations=3074
evaluation=1071 objective=5.3695904533e-05 qs=5.36957462034e-05 aspect=8.00001258291 mean_iota=-1.22244953014 solver_iterations=3074
evaluation=1072 objective=5.36962528057e-05 qs=5.36960938506e-05 aspect=8.00001260774 mean_iota=-1.22244982839 solver_iterations=3074
evaluation=1073 objective=5.37248250514e-05 qs=5.37248159151e-05 aspect=8.00000302264 mean_iota=-1.22247267853 solver_iterations=3074
evaluation=1074 objective=5.36968574819e-05 qs=5.36966785348e-05 aspect=8.00001337711 mean_iota=-1.22244617127 solver_iterations=3074
evaluation=1075 objective=5.36970419323e-05 qs=5.36968670529e-05 aspect=8.0000132242 mean_iota=-1.22244844267 solver_iterations=3074
evaluation=1076 objective=5.36957894825e-05 qs=5.36956291183e-05 aspect=8.0000126635 mean_iota=-1.22244927703 solver_iterations=3074
evaluation=1077 objective=5.36967391127e-05 qs=5.36965806396e-05 aspect=8.00001258861 mean_iota=-1.22244950665 solver_iterations=3074
evaluation=1078 objective=5.36964534378e-05 qs=5.36962953475e-05 aspect=8.0000125734 mean_iota=-1.22244953666 solver_iterations=3074
evaluation=1079 objective=5.36981220608e-05 qs=5.36979642554e-05 aspect=8.00001256206 mean_iota=-1.22244953365 solver_iterations=3074
evaluation=1080 objective=5.37010441186e-05 qs=5.37008863316e-05 aspect=8.00001256133 mean_iota=-1.22244953053 solver_iterations=3074
evaluation=1081 objective=5.36952190549e-05 qs=5.36950609243e-05 aspect=8.000012575 mean_iota=-1.22244951499 solver_iterations=3074
evaluation=1082 objective=5.36956626262e-05 qs=5.36955054404e-05 aspect=8.00001253738 mean_iota=-1.22244953308 solver_iterations=3074
evaluation=1083 objective=5.36963602634e-05 qs=5.36962041334e-05 aspect=8.0000124952 mean_iota=-1.2224496555 solver_iterations=3074
evaluation=1084 objective=5.36962542378e-05 qs=5.36960942114e-05 aspect=8.00001265016 mean_iota=-1.22244849692 solver_iterations=3074
evaluation=1085 objective=5.36963854674e-05 qs=5.3696225407e-05 aspect=8.0000126515 mean_iota=-1.2224493443 solver_iterations=3074
evaluation=1086 objective=5.36962601365e-05 qs=5.36961013729e-05 aspect=8.00001260014 mean_iota=-1.22245013053 solver_iterations=3074
evaluation=1087 objective=5.36965879567e-05 qs=5.36964299641e-05 aspect=8.00001256951 mean_iota=-1.22244959631 solver_iterations=3074
evaluation=1088 objective=5.36961407776e-05 qs=5.36959829062e-05 aspect=8.00001256469 mean_iota=-1.2224495368 solver_iterations=3074
evaluation=1089 objective=5.36972866337e-05 qs=5.36971288167e-05 aspect=8.00001256252 mean_iota=-1.22244952078 solver_iterations=3074
evaluation=1090 objective=5.36988903372e-05 qs=5.36987325245e-05 aspect=8.00001256235 mean_iota=-1.22244951919 solver_iterations=3074
evaluation=1091 objective=5.37022347655e-05 qs=5.37020769823e-05 aspect=8.00001256118 mean_iota=-1.22244952638 solver_iterations=3074
evaluation=1092 objective=5.36963286056e-05 qs=5.36961709059e-05 aspect=8.00001255785 mean_iota=-1.22244952298 solver_iterations=3074
evaluation=1093 objective=5.36959420077e-05 qs=5.36957842125e-05 aspect=8.00001256166 mean_iota=-1.22244956521 solver_iterations=3074
evaluation=1094 objective=5.36960767192e-05 qs=5.36959191575e-05 aspect=8.00001255236 mean_iota=-1.22245002357 solver_iterations=3074
evaluation=1095 objective=5.36961625727e-05 qs=5.3696004826e-05 aspect=8.00001255972 mean_iota=-1.22244949249 solver_iterations=3074
evaluation=1096 objective=5.36954143022e-05 qs=5.36952566957e-05 aspect=8.00001255414 mean_iota=-1.22244935983 solver_iterations=3074
evaluation=1097 objective=5.36958504442e-05 qs=5.36956926018e-05 aspect=8.00001256353 mean_iota=-1.22244940011 solver_iterations=3074
evaluation=1098 objective=5.36958736492e-05 qs=5.36957158638e-05 aspect=8.00001256127 mean_iota=-1.22244947391 solver_iterations=3074
evaluation=1099 objective=5.36962453903e-05 qs=5.36960875726e-05 aspect=8.00001256255 mean_iota=-1.22244952279 solver_iterations=3074
evaluation=1100 objective=5.36975367829e-05 qs=5.36973789827e-05 aspect=8.00001256185 mean_iota=-1.22244954274 solver_iterations=3074
evaluation=1101 objective=5.3699942422e-05 qs=5.36997846396e-05 aspect=8.00001256114 mean_iota=-1.22244953792 solver_iterations=3074
evaluation=1102 objective=5.37037556806e-05 qs=5.37035979012e-05 aspect=8.00001256103 mean_iota=-1.22244953172 solver_iterations=3074
evaluation=1103 objective=5.36958247619e-05 qs=5.3695666981e-05 aspect=8.00001256109 mean_iota=-1.22244952485 solver_iterations=3074
accepted mode=5 iteration=8 objective=5.36958247619e-05
    8   1095    2.684791238e-05     0.065608882661.767169592e-07
evaluation=1104 objective=5.36945410055e-05 qs=5.36943682522e-05 aspect=8.00001314357 mean_iota=-1.22245014735 solver_iterations=3074
evaluation=1105 objective=6.43795573049e-05 qs=6.43778023268e-05 aspect=8.00004189246 mean_iota=-1.22259436335 solver_iterations=3074
evaluation=1106 objective=5.4335930117e-05 qs=5.43357796346e-05 aspect=8.00001226712 mean_iota=-1.22245075488 solver_iterations=3074
evaluation=1107 objective=5.37135455179e-05 qs=5.37133733451e-05 aspect=8.00001312146 mean_iota=-1.22244999793 solver_iterations=3074
evaluation=1108 objective=5.36952607637e-05 qs=5.36950880228e-05 aspect=8.00001314309 mean_iota=-1.22245013542 solver_iterations=3074
evaluation=1109 objective=5.36958996315e-05 qs=5.36957268787e-05 aspect=8.00001314355 mean_iota=-1.22245014194 solver_iterations=3074
evaluation=1110 objective=5.3696305038e-05 qs=5.36961322692e-05 aspect=8.00001314416 mean_iota=-1.22245015187 solver_iterations=3074
evaluation=1111 objective=5.36948504469e-05 qs=5.36946775468e-05 aspect=8.00001314915 mean_iota=-1.22245015407 solver_iterations=3074
evaluation=1112 objective=5.414975385e-05 qs=5.41495658803e-05 aspect=8.0000137102 mean_iota=-1.22244238964 solver_iterations=3070
evaluation=1113 objective=6.36480402292e-05 qs=6.36474145991e-05 aspect=7.9999749874 mean_iota=-1.22241592289 solver_iterations=3081
evaluation=1114 objective=0.000177175942682 qs=0.000177089170789 aspect=7.99970542931 mean_iota=-1.22185592829 solver_iterations=3071
evaluation=1115 objective=0.000148000730693 qs=0.000132560508154 aspect=7.99607059514 mean_iota=-1.22211089293 solver_iterations=3077
evaluation=1116 objective=7.07123887445e-05 qs=7.06991627917e-05 aspect=7.99988499586 mean_iota=-1.22239405263 solver_iterations=3071
evaluation=1117 objective=5.5538204067e-05 qs=5.5538020951e-05 aspect=8.00001353203 mean_iota=-1.22244162737 solver_iterations=3074
evaluation=1118 objective=5.3709093694e-05 qs=5.37089174371e-05 aspect=8.00001327618 mean_iota=-1.22245027229 solver_iterations=3074
evaluation=1119 objective=5.36955668449e-05 qs=5.36953939648e-05 aspect=8.00001314839 mean_iota=-1.22245016154 solver_iterations=3074
evaluation=1120 objective=5.36968413298e-05 qs=5.36966685656e-05 aspect=8.00001314398 mean_iota=-1.22245014926 solver_iterations=3074
evaluation=1121 objective=5.36955030302e-05 qs=5.36953303986e-05 aspect=8.00001313893 mean_iota=-1.22245014593 solver_iterations=3074
evaluation=1122 objective=5.3704336041e-05 qs=5.37041652108e-05 aspect=8.0000130702 mean_iota=-1.22245010136 solver_iterations=3074
evaluation=1123 objective=5.37284064892e-05 qs=5.37282529534e-05 aspect=8.00001239096 mean_iota=-1.22244995263 solver_iterations=3074
evaluation=1124 objective=5.37002945365e-05 qs=5.3699915772e-05 aspect=8.00001946187 mean_iota=-1.22245028711 solver_iterations=3074
evaluation=1125 objective=5.41428677716e-05 qs=5.40103605802e-05 aspect=7.99963598463 mean_iota=-1.22249776761 solver_iterations=3066
evaluation=1126 objective=5.44487860761e-05 qs=5.44487284829e-05 aspect=8.00000758902 mean_iota=-1.2225048933 solver_iterations=3066
evaluation=1127 objective=5.39623794584e-05 qs=5.39619985028e-05 aspect=8.00001951808 mean_iota=-1.22244500771 solver_iterations=3070
evaluation=1128 objective=5.37442174202e-05 qs=5.37440284214e-05 aspect=8.00001374768 mean_iota=-1.2224500347 solver_iterations=3074
evaluation=1129 objective=5.36982753533e-05 qs=5.36981014473e-05 aspect=8.00001318734 mean_iota=-1.22245009529 solver_iterations=3074
evaluation=1130 objective=5.36964947806e-05 qs=5.36963219393e-05 aspect=8.00001314691 mean_iota=-1.22245013735 solver_iterations=3074
evaluation=1131 objective=5.3697664722e-05 qs=5.36974919603e-05 aspect=8.00001314388 mean_iota=-1.22245014191 solver_iterations=3074
evaluation=1132 objective=5.36947184434e-05 qs=5.36945456826e-05 aspect=8.00001314385 mean_iota=-1.22245015086 solver_iterations=3074
evaluation=1133 objective=5.36962387128e-05 qs=5.36960638206e-05 aspect=8.00001322468 mean_iota=-1.22245012581 solver_iterations=3074
evaluation=1134 objective=5.36942671561e-05 qs=5.36940902954e-05 aspect=8.0000132989 mean_iota=-1.22244974661 solver_iterations=3074
evaluation=1135 objective=5.36927666686e-05 qs=5.36926953564e-05 aspect=8.00000844465 mean_iota=-1.22244244105 solver_iterations=3074
evaluation=1136 objective=5.36939375681e-05 qs=5.36937416488e-05 aspect=8.00001399712 mean_iota=-1.2224464744 solver_iterations=3074
evaluation=1137 objective=5.36942778317e-05 qs=5.36940899931e-05 aspect=8.00001370542 mean_iota=-1.22244916711 solver_iterations=3074
evaluation=1138 objective=5.36934999523e-05 qs=5.36933225822e-05 aspect=8.00001331804 mean_iota=-1.22244989025 solver_iterations=3074
evaluation=1139 objective=5.36947606874e-05 qs=5.36945873085e-05 aspect=8.00001316734 mean_iota=-1.22245015563 solver_iterations=3074
evaluation=1140 objective=5.36952011356e-05 qs=5.3695028128e-05 aspect=8.00001315324 mean_iota=-1.22245016469 solver_iterations=3074
evaluation=1141 objective=5.36971812463e-05 qs=5.36970084678e-05 aspect=8.00001314452 mean_iota=-1.2224501602 solver_iterations=3074
evaluation=1142 objective=5.36986671014e-05 qs=5.36984943438e-05 aspect=8.00001314373 mean_iota=-1.22245014871 solver_iterations=3074
evaluation=1143 objective=5.36945214497e-05 qs=5.36943487341e-05 aspect=8.00001314213 mean_iota=-1.22245013704 solver_iterations=3074
evaluation=1144 objective=5.36954500162e-05 qs=5.36952771095e-05 aspect=8.0000131494 mean_iota=-1.22245014831 solver_iterations=3074
evaluation=1145 objective=5.36948733879e-05 qs=5.36947027186e-05 aspect=8.00001306405 mean_iota=-1.22245022645 solver_iterations=3074
evaluation=1146 objective=5.36947990517e-05 qs=5.36946245401e-05 aspect=8.00001321028 mean_iota=-1.22245007609 solver_iterations=3074
evaluation=1147 objective=5.3695074768e-05 qs=5.36948990743e-05 aspect=8.00001325495 mean_iota=-1.22245071539 solver_iterations=3074
evaluation=1148 objective=5.36947234153e-05 qs=5.36945509802e-05 aspect=8.00001313146 mean_iota=-1.22245051203 solver_iterations=3074
evaluation=1149 objective=5.36948999619e-05 qs=5.36947269916e-05 aspect=8.00001315182 mean_iota=-1.22245018309 solver_iterations=3074
evaluation=1150 objective=5.36943215409e-05 qs=5.36941486939e-05 aspect=8.00001314713 mean_iota=-1.22245014092 solver_iterations=3074
evaluation=1151 objective=5.36949891651e-05 qs=5.36948163513e-05 aspect=8.00001314587 mean_iota=-1.22245013957 solver_iterations=3074
evaluation=1152 objective=5.36965802199e-05 qs=5.36964074358e-05 aspect=8.00001314474 mean_iota=-1.22245015011 solver_iterations=3074
evaluation=1153 objective=5.36986596245e-05 qs=5.36984868702e-05 aspect=8.0000131436 mean_iota=-1.22245014784 solver_iterations=3074
evaluation=1154 objective=5.36949137517e-05 qs=5.36947410985e-05 aspect=8.00001313976 mean_iota=-1.22245013474 solver_iterations=3074
evaluation=1155 objective=5.36946781571e-05 qs=5.36945054972e-05 aspect=8.00001314001 mean_iota=-1.22245002405 solver_iterations=3074
evaluation=1156 objective=5.36944622359e-05 qs=5.3694289246e-05 aspect=8.00001315256 mean_iota=-1.22244978387 solver_iterations=3074
evaluation=1157 objective=5.36952463768e-05 qs=5.36950733714e-05 aspect=8.00001315315 mean_iota=-1.2224497762 solver_iterations=3074
evaluation=1158 objective=5.36944873753e-05 qs=5.36943144658e-05 aspect=8.00001314951 mean_iota=-1.22244983439 solver_iterations=3074
evaluation=1159 objective=5.36944322516e-05 qs=5.36942593427e-05 aspect=8.00001314948 mean_iota=-1.22245003418 solver_iterations=3074
evaluation=1160 objective=5.36945999402e-05 qs=5.36944271039e-05 aspect=8.00001314672 mean_iota=-1.22245012163 solver_iterations=3074
evaluation=1161 objective=5.36947500226e-05 qs=5.369457724e-05 aspect=8.00001314468 mean_iota=-1.22245014825 solver_iterations=3074
evaluation=1162 objective=5.36954939648e-05 qs=5.36953211992e-05 aspect=8.00001314403 mean_iota=-1.22245015707 solver_iterations=3074
evaluation=1163 objective=5.3696966611e-05 qs=5.369679386e-05 aspect=8.00001314347 mean_iota=-1.22245016085 solver_iterations=3074
evaluation=1164 objective=5.37003606855e-05 qs=5.37001879349e-05 aspect=8.00001314346 mean_iota=-1.22245015059 solver_iterations=3074
evaluation=1165 objective=5.8948643029e-05 qs=5.89484702757e-05 aspect=8.00001314357 mean_iota=-1.22263662392 solver_iterations=3074
evaluation=1166 objective=5.43030938259e-05 qs=5.43029210725e-05 aspect=8.00001314357 mean_iota=-1.22245229874 solver_iterations=3074
evaluation=1167 objective=5.36959997795e-05 qs=5.36958270262e-05 aspect=8.00001314357 mean_iota=-1.22245010311 solver_iterations=3074
evaluation=1168 objective=5.36953889893e-05 qs=5.3695216236e-05 aspect=8.00001314357 mean_iota=-1.22245013276 solver_iterations=3074
evaluation=1169 objective=5.36967470346e-05 qs=5.36965742813e-05 aspect=8.00001314357 mean_iota=-1.22245014309 solver_iterations=3074
evaluation=1170 objective=5.3697734409e-05 qs=5.36975616486e-05 aspect=8.00001314383 mean_iota=-1.22245014337 solver_iterations=3074
evaluation=1171 objective=5.37045557344e-05 qs=5.37043835626e-05 aspect=8.00001312143 mean_iota=-1.22245013588 solver_iterations=3074
evaluation=1172 objective=5.41249217903e-05 qs=5.41247643921e-05 aspect=8.00001254584 mean_iota=-1.22245044239 solver_iterations=3074
evaluation=1173 objective=6.74804363805e-05 qs=6.74793440021e-05 aspect=8.00003305115 mean_iota=-1.22247085684 solver_iterations=3065
evaluation=1174 objective=7.27909032753e-05 qs=7.03979230015e-05 aspect=8.00154692607 mean_iota=-1.22276574679 solver_iterations=3085
evaluation=1175 objective=0.000115472417747 qs=9.22188027722e-05 aspect=7.99517779978 mean_iota=-1.22187869668 solver_iterations=3021
evaluation=1176 objective=8.53987525082e-05 qs=8.53765022118e-05 aspect=7.99985083467 mean_iota=-1.22236797784 solver_iterations=3080
evaluation=1177 objective=5.64292291113e-05 qs=5.64290894492e-05 aspect=8.00001181787 mean_iota=-1.2224470728 solver_iterations=3077
evaluation=1178 objective=5.37239363024e-05 qs=5.37237608816e-05 aspect=8.00001324465 mean_iota=-1.22245024085 solver_iterations=3074
evaluation=1179 objective=5.36958419632e-05 qs=5.36956690877e-05 aspect=8.00001314821 mean_iota=-1.22245016036 solver_iterations=3074
evaluation=1180 objective=5.3697231101e-05 qs=5.36970583462e-05 aspect=8.00001314362 mean_iota=-1.222450153 solver_iterations=3074
evaluation=1181 objective=5.3694963478e-05 qs=5.36947906093e-05 aspect=8.00001314796 mean_iota=-1.22245015202 solver_iterations=3074
evaluation=1182 objective=5.369609469e-05 qs=5.36959215091e-05 aspect=8.00001315982 mean_iota=-1.22245016392 solver_iterations=3074
evaluation=1183 objective=5.37130759927e-05 qs=5.37128991836e-05 aspect=8.00001329696 mean_iota=-1.2224508307 solver_iterations=3074
evaluation=1184 objective=5.39466197001e-05 qs=5.39433521755e-05 aspect=8.00005716227 mean_iota=-1.22243923782 solver_iterations=3067
evaluation=1185 objective=5.42493068659e-05 qs=5.40578239143e-05 aspect=7.99956241235 mean_iota=-1.2224092607 solver_iterations=3065
evaluation=1186 objective=5.41533204426e-05 qs=5.4151819704e-05 aspect=7.99996126063 mean_iota=-1.22248524862 solver_iterations=3066
evaluation=1187 objective=5.37679990877e-05 qs=5.37676809328e-05 aspect=8.0000178369 mean_iota=-1.22245373123 solver_iterations=3074
evaluation=1188 objective=5.3759727472e-05 qs=5.37595426092e-05 aspect=8.00001359642 mean_iota=-1.22245034215 solver_iterations=3074
evaluation=1189 objective=5.36959198216e-05 qs=5.36957464558e-05 aspect=8.00001316684 mean_iota=-1.22245012353 solver_iterations=3074
evaluation=1190 objective=5.36967034691e-05 qs=5.36965306209e-05 aspect=8.00001314718 mean_iota=-1.22245013807 solver_iterations=3074
evaluation=1191 objective=5.36984583856e-05 qs=5.36982856068e-05 aspect=8.00001314453 mean_iota=-1.22245014358 solver_iterations=3074
evaluation=1192 objective=5.36950346998e-05 qs=5.36948621131e-05 aspect=8.00001313723 mean_iota=-1.22245014766 solver_iterations=3074
evaluation=1193 objective=5.36946564855e-05 qs=5.36944831581e-05 aspect=8.00001316539 mean_iota=-1.22245015252 solver_iterations=3074
evaluation=1194 objective=5.36949861037e-05 qs=5.3694812122e-05 aspect=8.00001319021 mean_iota=-1.22245045086 solver_iterations=3074
evaluation=1195 objective=5.37237231586e-05 qs=5.37237101594e-05 aspect=8.00000360544 mean_iota=-1.22247329744 solver_iterations=3074
evaluation=1196 objective=5.36956703237e-05 qs=5.36954754539e-05 aspect=8.00001395958 mean_iota=-1.22244679252 solver_iterations=3074
evaluation=1197 objective=5.36956073224e-05 qs=5.36954166983e-05 aspect=8.00001380667 mean_iota=-1.22244906474 solver_iterations=3074
evaluation=1198 objective=5.36946793409e-05 qs=5.36945038851e-05 aspect=8.00001324597 mean_iota=-1.22244989944 solver_iterations=3074
evaluation=1199 objective=5.36952366678e-05 qs=5.36950631903e-05 aspect=8.00001317109 mean_iota=-1.22245012916 solver_iterations=3074
evaluation=1200 objective=5.36953730388e-05 qs=5.36951999618e-05 aspect=8.00001315587 mean_iota=-1.22245015928 solver_iterations=3074
evaluation=1201 objective=5.36969401943e-05 qs=5.36967674153e-05 aspect=8.00001314454 mean_iota=-1.22245015631 solver_iterations=3074
evaluation=1202 objective=5.36997561112e-05 qs=5.36995833516e-05 aspect=8.00001314381 mean_iota=-1.22245015321 solver_iterations=3074
evaluation=1203 objective=5.36939776215e-05 qs=5.36938045024e-05 aspect=8.00001315747 mean_iota=-1.22245013748 solver_iterations=3074
evaluation=1204 objective=5.36943828262e-05 qs=5.36942106956e-05 aspect=8.00001311986 mean_iota=-1.22245015538 solver_iterations=3074
evaluation=1205 objective=5.36950719106e-05 qs=5.36949008848e-05 aspect=8.00001307768 mean_iota=-1.22245027724 solver_iterations=3074
evaluation=1206 objective=5.36949836662e-05 qs=5.36948085637e-05 aspect=8.00001323263 mean_iota=-1.22244911933 solver_iterations=3074
evaluation=1207 objective=5.36950622963e-05 qs=5.36948871583e-05 aspect=8.00001323397 mean_iota=-1.22244996676 solver_iterations=3074
evaluation=1208 objective=5.36952240508e-05 qs=5.36950502694e-05 aspect=8.00001318262 mean_iota=-1.22245075323 solver_iterations=3074
evaluation=1209 objective=5.36951306357e-05 qs=5.36949576608e-05 aspect=8.00001315199 mean_iota=-1.22245021876 solver_iterations=3074
evaluation=1210 objective=5.36949779548e-05 qs=5.36948051069e-05 aspect=8.00001314716 mean_iota=-1.22245015943 solver_iterations=3074
evaluation=1211 objective=5.36960231579e-05 qs=5.36958503669e-05 aspect=8.000013145 mean_iota=-1.22245014354 solver_iterations=3074
evaluation=1212 objective=5.36975999073e-05 qs=5.36974271208e-05 aspect=8.00001314483 mean_iota=-1.22245014203 solver_iterations=3074
evaluation=1213 objective=5.37010379444e-05 qs=5.37008651888e-05 aspect=8.00001314365 mean_iota=-1.22245014922 solver_iterations=3074
evaluation=1214 objective=5.36950235621e-05 qs=5.36948508938e-05 aspect=8.00001314033 mean_iota=-1.22245014541 solver_iterations=3074
evaluation=1215 objective=5.3694661082e-05 qs=5.36944883138e-05 aspect=8.00001314413 mean_iota=-1.22245018758 solver_iterations=3074
evaluation=1216 objective=5.36948090233e-05 qs=5.36946364993e-05 aspect=8.00001313484 mean_iota=-1.2224506457 solver_iterations=3074
evaluation=1217 objective=5.3694881763e-05 qs=5.36947090456e-05 aspect=8.0000131422 mean_iota=-1.22245011483 solver_iterations=3074
evaluation=1218 objective=5.36941661526e-05 qs=5.36939935818e-05 aspect=8.00001313662 mean_iota=-1.22244998238 solver_iterations=3074
evaluation=1219 objective=5.36945062879e-05 qs=5.36943334703e-05 aspect=8.00001314601 mean_iota=-1.22245002271 solver_iterations=3074
evaluation=1220 objective=5.36946506971e-05 qs=5.36944779391e-05 aspect=8.00001314374 mean_iota=-1.22245009659 solver_iterations=3074
evaluation=1221 objective=5.36949843026e-05 qs=5.36948115108e-05 aspect=8.00001314503 mean_iota=-1.22245014552 solver_iterations=3074
evaluation=1222 objective=5.36962900973e-05 qs=5.36961173238e-05 aspect=8.00001314433 mean_iota=-1.22245016555 solver_iterations=3074
evaluation=1223 objective=5.36986289853e-05 qs=5.36984562306e-05 aspect=8.00001314362 mean_iota=-1.22245016076 solver_iterations=3074
evaluation=1224 objective=5.37024857057e-05 qs=5.3702312954e-05 aspect=8.0000131435 mean_iota=-1.22245015455 solver_iterations=3074
evaluation=1225 objective=5.36945410055e-05 qs=5.36943682522e-05 aspect=8.00001314357 mean_iota=-1.22245014735 solver_iterations=3074
accepted mode=5 iteration=9 objective=5.36945410055e-05
    9   1216     2.68472705e-05     0.034105393444.41792398e-08
evaluation=1226 objective=5.36940734589e-05 qs=5.36938996285e-05 aspect=8.00001318448 mean_iota=-1.22245007945 solver_iterations=3074
evaluation=1227 objective=6.43694836225e-05 qs=6.43677252189e-05 aspect=8.00004193332 mean_iota=-1.22259429642 solver_iterations=3074
evaluation=1228 objective=5.4338810685e-05 qs=5.43386591973e-05 aspect=8.00001230803 mean_iota=-1.22245068586 solver_iterations=3074
evaluation=1229 objective=5.37129513678e-05 qs=5.37127781196e-05 aspect=8.00001316238 mean_iota=-1.2224499299 solver_iterations=3074
evaluation=1230 objective=5.36948354339e-05 qs=5.3694661616e-05 aspect=8.000013184 mean_iota=-1.22245006751 solver_iterations=3074
evaluation=1231 objective=5.36954136372e-05 qs=5.36952398073e-05 aspect=8.00001318446 mean_iota=-1.22245007402 solver_iterations=3074
evaluation=1232 objective=5.36958789484e-05 qs=5.36957051024e-05 aspect=8.00001318507 mean_iota=-1.22245008394 solver_iterations=3074
evaluation=1233 objective=5.3694402433e-05 qs=5.36942284554e-05 aspect=8.00001319006 mean_iota=-1.22245008618 solver_iterations=3074
evaluation=1234 objective=5.41515278197e-05 qs=5.41513387265e-05 aspect=8.00001375112 mean_iota=-1.22244232105 solver_iterations=3070
evaluation=1235 objective=6.36424530863e-05 qs=6.36418295005e-05 aspect=7.9999750283 mean_iota=-1.22241585576 solver_iterations=3081
evaluation=1236 objective=0.000177154720888 qs=0.000177067973075 aspect=7.99970547018 mean_iota=-1.22185586883 solver_iterations=3071
evaluation=1237 objective=0.000147979152301 qs=0.000132539250343 aspect=7.99607063593 mean_iota=-1.22211081607 solver_iterations=3077
evaluation=1238 objective=7.07123611308e-05 qs=7.0699144588e-05 aspect=7.99988503678 mean_iota=-1.22239399287 solver_iterations=3071
evaluation=1239 objective=5.55354190441e-05 qs=5.55352348193e-05 aspect=8.00001357295 mean_iota=-1.22244156011 solver_iterations=3074
evaluation=1240 objective=5.37095778167e-05 qs=5.37094004718e-05 aspect=8.00001331709 mean_iota=-1.22245020453 solver_iterations=3074
evaluation=1241 objective=5.36950881682e-05 qs=5.36949142105e-05 aspect=8.0000131893 mean_iota=-1.22245009361 solver_iterations=3074
evaluation=1242 objective=5.36963807802e-05 qs=5.36962069389e-05 aspect=8.00001318489 mean_iota=-1.22245008133 solver_iterations=3074
evaluation=1243 objective=5.36949770068e-05 qs=5.36948032985e-05 aspect=8.00001317985 mean_iota=-1.22245007803 solver_iterations=3074
evaluation=1244 objective=5.37039098467e-05 qs=5.37037379455e-05 aspect=8.00001311111 mean_iota=-1.22245003335 solver_iterations=3074
evaluation=1245 objective=5.37277547152e-05 qs=5.3727600164e-05 aspect=8.00001243186 mean_iota=-1.22244988455 solver_iterations=3074
evaluation=1246 objective=5.36997950253e-05 qs=5.36994146663e-05 aspect=8.00001950279 mean_iota=-1.22245021894 solver_iterations=3074
evaluation=1247 objective=5.4142558767e-05 qs=5.4010081405e-05 aspect=7.9996360256 mean_iota=-1.22249769799 solver_iterations=3066
evaluation=1248 objective=5.44494416771e-05 qs=5.44493834609e-05 aspect=8.00000762996 mean_iota=-1.22250482376 solver_iterations=3066
evaluation=1249 objective=5.3960519783e-05 qs=5.39601372315e-05 aspect=8.00001955892 mean_iota=-1.22244493784 solver_iterations=3070
evaluation=1250 objective=5.37449397605e-05 qs=5.37447496352e-05 aspect=8.00001378859 mean_iota=-1.22244996649 solver_iterations=3074
evaluation=1251 objective=5.36978653561e-05 qs=5.36976903694e-05 aspect=8.00001322825 mean_iota=-1.22245002735 solver_iterations=3074
evaluation=1252 objective=5.36960637694e-05 qs=5.36958898508e-05 aspect=8.00001318782 mean_iota=-1.22245006943 solver_iterations=3074
evaluation=1253 objective=5.36971998151e-05 qs=5.36970259764e-05 aspect=8.00001318479 mean_iota=-1.22245007401 solver_iterations=3074
evaluation=1254 objective=5.36942818643e-05 qs=5.36941080263e-05 aspect=8.00001318476 mean_iota=-1.22245008294 solver_iterations=3074
evaluation=1255 objective=5.36958074526e-05 qs=5.36956314768e-05 aspect=8.00001326559 mean_iota=-1.22245005792 solver_iterations=3074
evaluation=1256 objective=5.36938056266e-05 qs=5.3693627676e-05 aspect=8.00001333981 mean_iota=-1.22244967868 solver_iterations=3074
evaluation=1257 objective=5.36922988135e-05 qs=5.36922268087e-05 aspect=8.00000848556 mean_iota=-1.22244237311 solver_iterations=3074
evaluation=1258 objective=5.36934868291e-05 qs=5.36932897627e-05 aspect=8.00001403803 mean_iota=-1.22244640654 solver_iterations=3074
evaluation=1259 objective=5.36937461035e-05 qs=5.36935571418e-05 aspect=8.00001374633 mean_iota=-1.22244909926 solver_iterations=3074
evaluation=1260 objective=5.36931461494e-05 qs=5.36929676879e-05 aspect=8.00001335895 mean_iota=-1.22244982235 solver_iterations=3074
evaluation=1261 objective=5.36942894733e-05 qs=5.36941150153e-05 aspect=8.00001320825 mean_iota=-1.2224500877 solver_iterations=3074
evaluation=1262 objective=5.36948054825e-05 qs=5.3694631397e-05 aspect=8.00001319415 mean_iota=-1.22245009676 solver_iterations=3074
evaluation=1263 objective=5.36967233088e-05 qs=5.36965494531e-05 aspect=8.00001318544 mean_iota=-1.2224500923 solver_iterations=3074
evaluation=1264 objective=5.36981823852e-05 qs=5.36980085505e-05 aspect=8.00001318464 mean_iota=-1.22245008082 solver_iterations=3074
evaluation=1265 objective=5.36940606644e-05 qs=5.36938868719e-05 aspect=8.00001318304 mean_iota=-1.22245006909 solver_iterations=3074
evaluation=1266 objective=5.36949759592e-05 qs=5.36948019749e-05 aspect=8.00001319031 mean_iota=-1.22245008022 solver_iterations=3074
evaluation=1267 objective=5.36944081739e-05 qs=5.3694236434e-05 aspect=8.00001310496 mean_iota=-1.2224501584 solver_iterations=3074
evaluation=1268 objective=5.36943390229e-05 qs=5.36941634288e-05 aspect=8.00001325119 mean_iota=-1.22245000788 solver_iterations=3074
evaluation=1269 objective=5.36945792334e-05 qs=5.36944024534e-05 aspect=8.00001329586 mean_iota=-1.22245064742 solver_iterations=3074
evaluation=1270 objective=5.36943002319e-05 qs=5.36941267206e-05 aspect=8.00001317237 mean_iota=-1.22245044391 solver_iterations=3074
evaluation=1271 objective=5.36944110447e-05 qs=5.36942369966e-05 aspect=8.00001319273 mean_iota=-1.22245011517 solver_iterations=3074
evaluation=1272 objective=5.36939097366e-05 qs=5.36937358121e-05 aspect=8.00001318804 mean_iota=-1.22245007299 solver_iterations=3074
evaluation=1273 objective=5.3694544691e-05 qs=5.36943707999e-05 aspect=8.00001318678 mean_iota=-1.22245007172 solver_iterations=3074
evaluation=1274 objective=5.36961113108e-05 qs=5.36959374495e-05 aspect=8.00001318565 mean_iota=-1.22245008231 solver_iterations=3074
evaluation=1275 objective=5.3698218881e-05 qs=5.36980450496e-05 aspect=8.00001318451 mean_iota=-1.22245008007 solver_iterations=3074
evaluation=1276 objective=5.36944406054e-05 qs=5.36942668753e-05 aspect=8.00001318067 mean_iota=-1.22245006678 solver_iterations=3074
evaluation=1277 objective=5.36942129432e-05 qs=5.36940392064e-05 aspect=8.00001318092 mean_iota=-1.22244995607 solver_iterations=3074
evaluation=1278 objective=5.36939972071e-05 qs=5.36938231394e-05 aspect=8.00001319347 mean_iota=-1.2224497159 solver_iterations=3074
evaluation=1279 objective=5.36947799129e-05 qs=5.36946058295e-05 aspect=8.00001319406 mean_iota=-1.22244970813 solver_iterations=3074
evaluation=1280 objective=5.36940300563e-05 qs=5.36938560691e-05 aspect=8.00001319042 mean_iota=-1.22244976637 solver_iterations=3074
evaluation=1281 objective=5.36939505065e-05 qs=5.369377652e-05 aspect=8.00001319039 mean_iota=-1.22244996623 solver_iterations=3074
evaluation=1282 objective=5.36941540158e-05 qs=5.36939801021e-05 aspect=8.00001318763 mean_iota=-1.22245005373 solver_iterations=3074
evaluation=1283 objective=5.36942993146e-05 qs=5.36941254549e-05 aspect=8.00001318559 mean_iota=-1.22245008037 solver_iterations=3074
evaluation=1284 objective=5.36950482712e-05 qs=5.36948744285e-05 aspect=8.00001318494 mean_iota=-1.22245008922 solver_iterations=3074
evaluation=1285 objective=5.36965069342e-05 qs=5.36963331062e-05 aspect=8.00001318439 mean_iota=-1.22245009305 solver_iterations=3074
evaluation=1286 objective=5.36999037313e-05 qs=5.36997299036e-05 aspect=8.00001318437 mean_iota=-1.22245008275 solver_iterations=3074
evaluation=1287 objective=5.89539552425e-05 qs=5.89537814121e-05 aspect=8.00001318448 mean_iota=-1.2226365549 solver_iterations=3074
evaluation=1288 objective=5.42991442379e-05 qs=5.42989704075e-05 aspect=8.00001318448 mean_iota=-1.22245222996 solver_iterations=3074
evaluation=1289 objective=5.3695636307e-05 qs=5.36954624766e-05 aspect=8.00001318448 mean_iota=-1.22245003517 solver_iterations=3074
evaluation=1290 objective=5.36948722828e-05 qs=5.36946984524e-05 aspect=8.00001318448 mean_iota=-1.2224500648 solver_iterations=3074
evaluation=1291 objective=5.36962628117e-05 qs=5.36960889813e-05 aspect=8.00001318448 mean_iota=-1.22245007517 solver_iterations=3074
evaluation=1292 objective=5.36972585946e-05 qs=5.36970847571e-05 aspect=8.00001318474 mean_iota=-1.22245007542 solver_iterations=3074
evaluation=1293 objective=5.37039009173e-05 qs=5.37037276702e-05 aspect=8.00001316234 mean_iota=-1.22245006793 solver_iterations=3074
evaluation=1294 objective=5.41282526033e-05 qs=5.41280941766e-05 aspect=8.00001258677 mean_iota=-1.22245037385 solver_iterations=3074
evaluation=1295 objective=6.74768444937e-05 qs=6.74757494113e-05 aspect=8.00003309203 mean_iota=-1.22247078962 solver_iterations=3065
evaluation=1296 objective=7.27831599719e-05 qs=7.03900529719e-05 aspect=8.00154696703 mean_iota=-1.22276567791 solver_iterations=3085
evaluation=1297 objective=0.000115481152262 qs=9.2227930695e-05 aspect=7.99517784057 mean_iota=-1.22187863843 solver_iterations=3021
evaluation=1298 objective=8.54007464026e-05 qs=8.53785082977e-05 aspect=7.99985087554 mean_iota=-1.22236791358 solver_iterations=3080
evaluation=1299 objective=5.64216370452e-05 qs=5.64214964141e-05 aspect=8.0000118588 mean_iota=-1.22244700661 solver_iterations=3077
evaluation=1300 objective=5.37235278712e-05 qs=5.3723351365e-05 aspect=8.00001328556 mean_iota=-1.22245017303 solver_iterations=3074
evaluation=1301 objective=5.36954102805e-05 qs=5.36952363276e-05 aspect=8.00001318912 mean_iota=-1.22245009244 solver_iterations=3074
evaluation=1302 objective=5.3696760508e-05 qs=5.36965866761e-05 aspect=8.00001318454 mean_iota=-1.22245008508 solver_iterations=3074
evaluation=1303 objective=5.36944720624e-05 qs=5.36942981161e-05 aspect=8.00001318887 mean_iota=-1.2224500841 solver_iterations=3074
evaluation=1304 objective=5.36956983122e-05 qs=5.36955240529e-05 aspect=8.00001320073 mean_iota=-1.22245009601 solver_iterations=3074
evaluation=1305 objective=5.37123323706e-05 qs=5.37121544719e-05 aspect=8.00001333787 mean_iota=-1.22245076244 solver_iterations=3074
evaluation=1306 objective=5.39451754668e-05 qs=5.39419032622e-05 aspect=8.00005720319 mean_iota=-1.22243916853 solver_iterations=3067
evaluation=1307 objective=5.42486462159e-05 qs=5.40571991179e-05 aspect=7.99956245332 mean_iota=-1.22240919352 solver_iterations=3065
evaluation=1308 objective=5.41540510474e-05 qs=5.41525534767e-05 aspect=7.99996130154 mean_iota=-1.22248517915 solver_iterations=3066
evaluation=1309 objective=5.37664198338e-05 qs=5.37661002166e-05 aspect=8.00001787784 mean_iota=-1.22245366257 solver_iterations=3074
evaluation=1310 objective=5.37594571569e-05 qs=5.37592711801e-05 aspect=8.00001363733 mean_iota=-1.22245027394 solver_iterations=3074
evaluation=1311 objective=5.36954608173e-05 qs=5.36952863725e-05 aspect=8.00001320776 mean_iota=-1.22245005562 solver_iterations=3074
evaluation=1312 objective=5.36962521694e-05 qs=5.36960782437e-05 aspect=8.00001318809 mean_iota=-1.22245007018 solver_iterations=3074
evaluation=1313 objective=5.36980209106e-05 qs=5.36978470547e-05 aspect=8.00001318545 mean_iota=-1.22245007569 solver_iterations=3074
evaluation=1314 objective=5.36945754959e-05 qs=5.36944018326e-05 aspect=8.00001317814 mean_iota=-1.2224500797 solver_iterations=3074
evaluation=1315 objective=5.36942029498e-05 qs=5.36940285436e-05 aspect=8.0000132063 mean_iota=-1.22245008453 solver_iterations=3074
evaluation=1316 objective=5.36945362006e-05 qs=5.3694361138e-05 aspect=8.00001323112 mean_iota=-1.22245038261 solver_iterations=3074
evaluation=1317 objective=5.37233460997e-05 qs=5.37233328037e-05 aspect=8.00000364636 mean_iota=-1.22247322749 solver_iterations=3074
evaluation=1318 objective=5.36952365884e-05 qs=5.36950405748e-05 aspect=8.00001400049 mean_iota=-1.22244672408 solver_iterations=3074
evaluation=1319 objective=5.36950853471e-05 qs=5.36948935916e-05 aspect=8.00001384758 mean_iota=-1.22244899663 solver_iterations=3074
evaluation=1320 objective=5.36942650633e-05 qs=5.3694088522e-05 aspect=8.00001328688 mean_iota=-1.22244983148 solver_iterations=3074
evaluation=1321 objective=5.36947028824e-05 qs=5.36945283255e-05 aspect=8.000013212 mean_iota=-1.22245006124 solver_iterations=3074
evaluation=1322 objective=5.36949608639e-05 qs=5.36947867088e-05 aspect=8.00001319678 mean_iota=-1.22245009139 solver_iterations=3074
evaluation=1323 objective=5.36965044711e-05 qs=5.3696330615e-05 aspect=8.00001318545 mean_iota=-1.22245008845 solver_iterations=3074
evaluation=1324 objective=5.36992910361e-05 qs=5.36991171994e-05 aspect=8.00001318472 mean_iota=-1.22245008537 solver_iterations=3074
evaluation=1325 objective=5.36935300975e-05 qs=5.36933559002e-05 aspect=8.00001319838 mean_iota=-1.22245006953 solver_iterations=3074
evaluation=1326 objective=5.3693917481e-05 qs=5.36937442752e-05 aspect=8.00001316077 mean_iota=-1.22245008737 solver_iterations=3074
evaluation=1327 objective=5.36946009695e-05 qs=5.3694428872e-05 aspect=8.00001311859 mean_iota=-1.22245020897 solver_iterations=3074
evaluation=1328 objective=5.36945257433e-05 qs=5.36943495565e-05 aspect=8.00001327354 mean_iota=-1.22244905116 solver_iterations=3074
evaluation=1329 objective=5.36945842305e-05 qs=5.36944080079e-05 aspect=8.00001327488 mean_iota=-1.22244989883 solver_iterations=3074
evaluation=1330 objective=5.36948458563e-05 qs=5.36946709946e-05 aspect=8.00001322353 mean_iota=-1.22245068496 solver_iterations=3074
evaluation=1331 objective=5.36946063001e-05 qs=5.36944322474e-05 aspect=8.0000131929 mean_iota=-1.22245015082 solver_iterations=3074
evaluation=1332 objective=5.36945471214e-05 qs=5.3694373196e-05 aspect=8.00001318808 mean_iota=-1.22245009156 solver_iterations=3074
evaluation=1333 objective=5.36955665296e-05 qs=5.36953926613e-05 aspect=8.00001318591 mean_iota=-1.22245007568 solver_iterations=3074
evaluation=1334 objective=5.36971329569e-05 qs=5.36969590932e-05 aspect=8.00001318574 mean_iota=-1.2224500742 solver_iterations=3074
evaluation=1335 objective=5.37006006493e-05 qs=5.37004268166e-05 aspect=8.00001318456 mean_iota=-1.22245008144 solver_iterations=3074
evaluation=1336 objective=5.36945482486e-05 qs=5.36943745034e-05 aspect=8.00001318124 mean_iota=-1.22245007744 solver_iterations=3074
evaluation=1337 objective=5.36941964188e-05 qs=5.36940225734e-05 aspect=8.00001318505 mean_iota=-1.22245011956 solver_iterations=3074
evaluation=1338 objective=5.36943479515e-05 qs=5.36941743512e-05 aspect=8.00001317575 mean_iota=-1.2224505776 solver_iterations=3074
evaluation=1339 objective=5.36944147803e-05 qs=5.36942409859e-05 aspect=8.00001318311 mean_iota=-1.22245004682 solver_iterations=3074
evaluation=1340 objective=5.36937106519e-05 qs=5.36935370046e-05 aspect=8.00001317753 mean_iota=-1.22244991446 solver_iterations=3074
evaluation=1341 objective=5.36940183767e-05 qs=5.36938444818e-05 aspect=8.00001318692 mean_iota=-1.22244995483 solver_iterations=3074
evaluation=1342 objective=5.36942041564e-05 qs=5.36940303214e-05 aspect=8.00001318465 mean_iota=-1.2224500287 solver_iterations=3074
evaluation=1343 objective=5.36945296197e-05 qs=5.36943557507e-05 aspect=8.00001318594 mean_iota=-1.22245007771 solver_iterations=3074
evaluation=1344 objective=5.36958362452e-05 qs=5.36956623946e-05 aspect=8.00001318524 mean_iota=-1.22245009776 solver_iterations=3074
evaluation=1345 objective=5.36981535433e-05 qs=5.36979797114e-05 aspect=8.00001318453 mean_iota=-1.22245009296 solver_iterations=3074
evaluation=1346 objective=5.37020270929e-05 qs=5.37018532641e-05 aspect=8.00001318441 mean_iota=-1.22245008675 solver_iterations=3074
evaluation=1347 objective=5.36940734589e-05 qs=5.36938996285e-05 aspect=8.00001318448 mean_iota=-1.22245007945 solver_iterations=3074
accepted mode=5 iteration=10 objective=5.36940734589e-05
   10   1337    2.684703673e-05     0.033837183151.104480995e-08
evaluation=1348 objective=5.36939557367e-05 qs=5.36937816344e-05 aspect=8.00001319478 mean_iota=-1.22245006247 solver_iterations=3074
evaluation=1349 objective=6.43670346873e-05 qs=6.436527542e-05 aspect=8.00004194362 mean_iota=-1.2225942797 solver_iterations=3074
evaluation=1350 objective=5.43394775947e-05 qs=5.43393258532e-05 aspect=8.00001231834 mean_iota=-1.22245066864 solver_iterations=3074
evaluation=1351 objective=5.37128019752e-05 qs=5.37126284555e-05 aspect=8.00001317268 mean_iota=-1.2224499129 solver_iterations=3074
evaluation=1352 objective=5.36947261895e-05 qs=5.36945520997e-05 aspect=8.00001319431 mean_iota=-1.22245005056 solver_iterations=3074
evaluation=1353 objective=5.36952910973e-05 qs=5.36951169955e-05 aspect=8.00001319477 mean_iota=-1.22245005707 solver_iterations=3074
evaluation=1354 objective=5.36957685855e-05 qs=5.36955944676e-05 aspect=8.00001319537 mean_iota=-1.222450067 solver_iterations=3074
evaluation=1355 objective=5.36942881771e-05 qs=5.36941139274e-05 aspect=8.00001320037 mean_iota=-1.22245006922 solver_iterations=3074
evaluation=1356 objective=5.41519236168e-05 qs=5.41517342399e-05 aspect=8.00001376143 mean_iota=-1.2224423039 solver_iterations=3070
evaluation=1357 objective=6.36410293998e-05 qs=6.36404063287e-05 aspect=7.99997503861 mean_iota=-1.22241583901 solver_iterations=3081
evaluation=1358 objective=0.000177149387631 qs=0.000177062645885 aspect=7.99970548048 mean_iota=-1.22185585387 solver_iterations=3071
evaluation=1359 objective=0.000147973793736 qs=0.000132533972558 aspect=7.99607064621 mean_iota=-1.22211079684 solver_iterations=3077
evaluation=1360 objective=7.07122163317e-05 qs=7.06990021595e-05 aspect=7.99988504709 mean_iota=-1.22239397798 solver_iterations=3071
evaluation=1361 objective=5.55347050987e-05 qs=5.55345205939e-05 aspect=8.00001358325 mean_iota=-1.22244154331 solver_iterations=3074
evaluation=1362 objective=5.37096797311e-05 qs=5.37095021115e-05 aspect=8.0000133274 mean_iota=-1.2224501876 solver_iterations=3074
evaluation=1363 objective=5.369496708e-05 qs=5.36947928503e-05 aspect=8.00001319961 mean_iota=-1.22245007665 solver_iterations=3074
evaluation=1364 objective=5.3696263701e-05 qs=5.36960895877e-05 aspect=8.0000131952 mean_iota=-1.22245006438 solver_iterations=3074
evaluation=1365 objective=5.36948470788e-05 qs=5.36946730987e-05 aspect=8.00001319015 mean_iota=-1.22245006103 solver_iterations=3074
evaluation=1366 objective=5.3703804672e-05 qs=5.37036325003e-05 aspect=8.00001312142 mean_iota=-1.22245001637 solver_iterations=3074
evaluation=1367 objective=5.3727596536e-05 qs=5.37274417283e-05 aspect=8.00001244217 mean_iota=-1.22244986753 solver_iterations=3074
evaluation=1368 objective=5.36996696389e-05 qs=5.36992888777e-05 aspect=8.0000195131 mean_iota=-1.22245020192 solver_iterations=3074
evaluation=1369 objective=5.41424828064e-05 qs=5.40100129602e-05 aspect=7.99963603593 mean_iota=-1.22249768059 solver_iterations=3066
evaluation=1370 objective=5.44495808179e-05 qs=5.44495224442e-05 aspect=8.00000764027 mean_iota=-1.2225048064 solver_iterations=3066
evaluation=1371 objective=5.39600651079e-05 qs=5.39596821537e-05 aspect=8.00001956922 mean_iota=-1.2224449204 solver_iterations=3070
evaluation=1372 objective=5.37450960134e-05 qs=5.37449056037e-05 aspect=8.0000137989 mean_iota=-1.22244994943 solver_iterations=3074
evaluation=1373 objective=5.36977595868e-05 qs=5.36975843273e-05 aspect=8.00001323856 mean_iota=-1.22245001039 solver_iterations=3074
evaluation=1374 objective=5.36959525062e-05 qs=5.36957783155e-05 aspect=8.00001319813 mean_iota=-1.22245005247 solver_iterations=3074
evaluation=1375 objective=5.369708206e-05 qs=5.36969079493e-05 aspect=8.0000131951 mean_iota=-1.22245005703 solver_iterations=3074
evaluation=1376 objective=5.36941705813e-05 qs=5.36939964714e-05 aspect=8.00001319507 mean_iota=-1.22245006598 solver_iterations=3074
evaluation=1377 objective=5.36956965985e-05 qs=5.36955203491e-05 aspect=8.0000132759 mean_iota=-1.22245004097 solver_iterations=3074
evaluation=1378 objective=5.36936883688e-05 qs=5.36935101432e-05 aspect=8.00001335012 mean_iota=-1.22244966172 solver_iterations=3074
evaluation=1379 objective=5.36921796642e-05 qs=5.36921074843e-05 aspect=8.00000849587 mean_iota=-1.22244235616 solver_iterations=3074
evaluation=1380 objective=5.36933733303e-05 qs=5.36931759745e-05 aspect=8.00001404834 mean_iota=-1.22244638955 solver_iterations=3074
evaluation=1381 objective=5.36936123461e-05 qs=5.36934231008e-05 aspect=8.00001375664 mean_iota=-1.22244908231 solver_iterations=3074
evaluation=1382 objective=5.36930549884e-05 qs=5.36928762514e-05 aspect=8.00001336926 mean_iota=-1.22244980537 solver_iterations=3074
evaluation=1383 objective=5.36941703287e-05 qs=5.36939955984e-05 aspect=8.00001321856 mean_iota=-1.22245007073 solver_iterations=3074
evaluation=1384 objective=5.36947028505e-05 qs=5.36945284928e-05 aspect=8.00001320446 mean_iota=-1.22245007981 solver_iterations=3074
evaluation=1385 objective=5.36966069507e-05 qs=5.3696432823e-05 aspect=8.00001319574 mean_iota=-1.22245007533 solver_iterations=3074
evaluation=1386 objective=5.36980593272e-05 qs=5.36978852206e-05 aspect=8.00001319495 mean_iota=-1.22245006388 solver_iterations=3074
evaluation=1387 objective=5.36939441072e-05 qs=5.36937700427e-05 aspect=8.00001319335 mean_iota=-1.22245005212 solver_iterations=3074
evaluation=1388 objective=5.3694856222e-05 qs=5.36946819657e-05 aspect=8.00001320062 mean_iota=-1.2224500632 solver_iterations=3074
evaluation=1389 objective=5.36942902641e-05 qs=5.36941182539e-05 aspect=8.00001311527 mean_iota=-1.22245014141 solver_iterations=3074
evaluation=1390 objective=5.3694223521e-05 qs=5.36940476536e-05 aspect=8.0000132615 mean_iota=-1.22244999085 solver_iterations=3074
evaluation=1391 objective=5.36944538185e-05 qs=5.36942767643e-05 aspect=8.00001330617 mean_iota=-1.22245063046 solver_iterations=3074
evaluation=1392 objective=5.36941916553e-05 qs=5.36940178723e-05 aspect=8.00001318268 mean_iota=-1.22245042692 solver_iterations=3074
evaluation=1393 objective=5.36942882237e-05 qs=5.36941139035e-05 aspect=8.00001320304 mean_iota=-1.22245009818 solver_iterations=3074
evaluation=1394 objective=5.36938039125e-05 qs=5.36936297161e-05 aspect=8.00001319835 mean_iota=-1.22245005604 solver_iterations=3074
evaluation=1395 objective=5.36944314603e-05 qs=5.36942572972e-05 aspect=8.00001319709 mean_iota=-1.22245005479 solver_iterations=3074
evaluation=1396 objective=5.36959926395e-05 qs=5.36958185063e-05 aspect=8.00001319596 mean_iota=-1.22245006536 solver_iterations=3074
evaluation=1397 objective=5.36981075705e-05 qs=5.36979334671e-05 aspect=8.00001319482 mean_iota=-1.22245006311 solver_iterations=3074
evaluation=1398 objective=5.36943205764e-05 qs=5.36941465745e-05 aspect=8.00001319098 mean_iota=-1.22245004982 solver_iterations=3074
evaluation=1399 objective=5.36940950662e-05 qs=5.36939210576e-05 aspect=8.00001319123 mean_iota=-1.2224499391 solver_iterations=3074
evaluation=1400 objective=5.36938799248e-05 qs=5.3693705585e-05 aspect=8.00001320378 mean_iota=-1.22244969891 solver_iterations=3074
evaluation=1401 objective=5.36946619346e-05 qs=5.36944875791e-05 aspect=8.00001320437 mean_iota=-1.22244969113 solver_iterations=3074
evaluation=1402 objective=5.36939131831e-05 qs=5.36937389239e-05 aspect=8.00001320073 mean_iota=-1.22244974942 solver_iterations=3074
evaluation=1403 objective=5.36938283432e-05 qs=5.36936540847e-05 aspect=8.0000132007 mean_iota=-1.22244994928 solver_iterations=3074
evaluation=1404 objective=5.36940413872e-05 qs=5.36938672015e-05 aspect=8.00001319794 mean_iota=-1.22245003674 solver_iterations=3074
evaluation=1405 objective=5.36941849594e-05 qs=5.36940108277e-05 aspect=8.0000131959 mean_iota=-1.22245006342 solver_iterations=3074
evaluation=1406 objective=5.36949347356e-05 qs=5.36947606209e-05 aspect=8.00001319525 mean_iota=-1.2224500723 solver_iterations=3074
evaluation=1407 objective=5.369639057e-05 qs=5.36962164701e-05 aspect=8.00001319469 mean_iota=-1.22245007611 solver_iterations=3074
evaluation=1408 objective=5.36997864695e-05 qs=5.36996123699e-05 aspect=8.00001319468 mean_iota=-1.22245006587 solver_iterations=3074
evaluation=1409 objective=5.89552401702e-05 qs=5.89550660679e-05 aspect=8.00001319478 mean_iota=-1.22263653767 solver_iterations=3074
evaluation=1410 objective=5.42982103478e-05 qs=5.42980362454e-05 aspect=8.00001319478 mean_iota=-1.22245221279 solver_iterations=3074
evaluation=1411 objective=5.36955434202e-05 qs=5.36953693178e-05 aspect=8.00001319478 mean_iota=-1.22245001818 solver_iterations=3074
evaluation=1412 objective=5.36947426704e-05 qs=5.36945685681e-05 aspect=8.00001319478 mean_iota=-1.22245004785 solver_iterations=3074
evaluation=1413 objective=5.36961395278e-05 qs=5.36959654255e-05 aspect=8.00001319478 mean_iota=-1.22245005821 solver_iterations=3074
evaluation=1414 objective=5.36971364849e-05 qs=5.36969623754e-05 aspect=8.00001319505 mean_iota=-1.22245005847 solver_iterations=3074
evaluation=1415 objective=5.37037394771e-05 qs=5.37035659585e-05 aspect=8.00001317265 mean_iota=-1.22245005091 solver_iterations=3074
evaluation=1416 objective=5.41290244332e-05 qs=5.41288657468e-05 aspect=8.00001259708 mean_iota=-1.22245035673 solver_iterations=3074
evaluation=1417 objective=6.74759179116e-05 qs=6.74748221472e-05 aspect=8.00003310233 mean_iota=-1.22247077284 solver_iterations=3065
evaluation=1418 objective=7.27812076543e-05 qs=7.03880687213e-05 aspect=8.00154697735 mean_iota=-1.22276566071 solver_iterations=3085
evaluation=1419 objective=0.000115483355888 qs=9.22302334523e-05 aspect=7.99517785085 mean_iota=-1.2218786239 solver_iterations=3021
evaluation=1420 objective=8.54012693563e-05 qs=8.5379034323e-05 aspect=7.99985088584 mean_iota=-1.22236789753 solver_iterations=3080
evaluation=1421 objective=5.64198584444e-05 qs=5.64197175686e-05 aspect=8.00001186911 mean_iota=-1.22244699009 solver_iterations=3077
evaluation=1422 objective=5.37234232176e-05 qs=5.37232464374e-05 aspect=8.00001329587 mean_iota=-1.22245015609 solver_iterations=3074
evaluation=1423 objective=5.36953010054e-05 qs=5.36951267804e-05 aspect=8.00001319943 mean_iota=-1.22245007548 solver_iterations=3074
evaluation=1424 objective=5.3696641317e-05 qs=5.36964672131e-05 aspect=8.00001319484 mean_iota=-1.22245006812 solver_iterations=3074
evaluation=1425 objective=5.36943481e-05 qs=5.36941738818e-05 aspect=8.00001319918 mean_iota=-1.22245006715 solver_iterations=3074
evaluation=1426 objective=5.36955979466e-05 qs=5.3695423415e-05 aspect=8.00001321104 mean_iota=-1.22245007906 solver_iterations=3074
evaluation=1427 objective=5.37121499718e-05 qs=5.3711971798e-05 aspect=8.00001334818 mean_iota=-1.22245074537 solver_iterations=3074
evaluation=1428 objective=5.39448270311e-05 qs=5.39415536467e-05 aspect=8.0000572135 mean_iota=-1.22243915123 solver_iterations=3067
evaluation=1429 objective=5.42484797857e-05 qs=5.40570417216e-05 aspect=7.99956246364 mean_iota=-1.22240917673 solver_iterations=3065
evaluation=1430 objective=5.41542166686e-05 qs=5.41527198956e-05 aspect=7.99996131185 mean_iota=-1.22248516181 solver_iterations=3066
evaluation=1431 objective=5.37660400091e-05 qs=5.37657200228e-05 aspect=8.00001788816 mean_iota=-1.22245364544 solver_iterations=3074
evaluation=1432 objective=5.37593833687e-05 qs=5.37591971107e-05 aspect=8.00001364764 mean_iota=-1.22245025688 solver_iterations=3074
evaluation=1433 objective=5.36953458547e-05 qs=5.36951711375e-05 aspect=8.00001321807 mean_iota=-1.22245003864 solver_iterations=3074
evaluation=1434 objective=5.36961363633e-05 qs=5.36959621657e-05 aspect=8.0000131984 mean_iota=-1.22245005322 solver_iterations=3074
evaluation=1435 objective=5.36979097166e-05 qs=5.36977355887e-05 aspect=8.00001319575 mean_iota=-1.22245005874 solver_iterations=3074
evaluation=1436 objective=5.36944582679e-05 qs=5.36942843328e-05 aspect=8.00001318845 mean_iota=-1.22245006277 solver_iterations=3074
evaluation=1437 objective=5.36940876355e-05 qs=5.36939129568e-05 aspect=8.0000132166 mean_iota=-1.22245006757 solver_iterations=3074
evaluation=1438 objective=5.36944234262e-05 qs=5.36942480907e-05 aspect=8.00001324143 mean_iota=-1.22245036557 solver_iterations=3074
evaluation=1439 objective=5.37232495857e-05 qs=5.37232362145e-05 aspect=8.00000365667 mean_iota=-1.22247321001 solver_iterations=3074
evaluation=1440 objective=5.36951267985e-05 qs=5.36949304961e-05 aspect=8.00001401079 mean_iota=-1.22244670698 solver_iterations=3074
evaluation=1441 objective=5.36949544636e-05 qs=5.36947624225e-05 aspect=8.00001385789 mean_iota=-1.2224489796 solver_iterations=3074
evaluation=1442 objective=5.3694159988e-05 qs=5.36939831726e-05 aspect=8.00001329719 mean_iota=-1.22244981447 solver_iterations=3074
evaluation=1443 objective=5.36945689231e-05 qs=5.36943940937e-05 aspect=8.00001322231 mean_iota=-1.22245004428 solver_iterations=3074
evaluation=1444 objective=5.36948544657e-05 qs=5.36946800384e-05 aspect=8.00001320709 mean_iota=-1.22245007445 solver_iterations=3074
evaluation=1445 objective=5.36963942474e-05 qs=5.36962201193e-05 aspect=8.00001319576 mean_iota=-1.22245007147 solver_iterations=3074
evaluation=1446 objective=5.36991734465e-05 qs=5.36989993379e-05 aspect=8.00001319503 mean_iota=-1.22245006843 solver_iterations=3074
evaluation=1447 objective=5.36934159396e-05 qs=5.369324147e-05 aspect=8.00001320869 mean_iota=-1.22245005258 solver_iterations=3074
evaluation=1448 objective=5.36937993089e-05 qs=5.36936258317e-05 aspect=8.00001317107 mean_iota=-1.2224500704 solver_iterations=3074
evaluation=1449 objective=5.36944818376e-05 qs=5.36943094695e-05 aspect=8.0000131289 mean_iota=-1.22245019192 solver_iterations=3074
evaluation=1450 objective=5.36944111621e-05 qs=5.36942347015e-05 aspect=8.00001328385 mean_iota=-1.22244903408 solver_iterations=3074
evaluation=1451 objective=5.36944646616e-05 qs=5.36942881652e-05 aspect=8.00001328519 mean_iota=-1.22244988182 solver_iterations=3074
evaluation=1452 objective=5.36947481895e-05 qs=5.3694573055e-05 aspect=8.00001323384 mean_iota=-1.22245066794 solver_iterations=3074
evaluation=1453 objective=5.36944748177e-05 qs=5.36943004929e-05 aspect=8.00001320321 mean_iota=-1.22245013383 solver_iterations=3074
evaluation=1454 objective=5.36944380922e-05 qs=5.36942638949e-05 aspect=8.00001319838 mean_iota=-1.22245007456 solver_iterations=3074
evaluation=1455 objective=5.36954499154e-05 qs=5.36952757752e-05 aspect=8.00001319622 mean_iota=-1.22245005876 solver_iterations=3074
evaluation=1456 objective=5.36970138092e-05 qs=5.36968396736e-05 aspect=8.00001319605 mean_iota=-1.2224500573 solver_iterations=3074
evaluation=1457 objective=5.37004897403e-05 qs=5.37003156357e-05 aspect=8.00001319487 mean_iota=-1.2224500645 solver_iterations=3074
evaluation=1458 objective=5.36944277535e-05 qs=5.36942537365e-05 aspect=8.00001319155 mean_iota=-1.22245006048 solver_iterations=3074
evaluation=1459 objective=5.36940789841e-05 qs=5.36939048667e-05 aspect=8.00001319535 mean_iota=-1.22245010257 solver_iterations=3074
evaluation=1460 objective=5.36942314791e-05 qs=5.3694057607e-05 aspect=8.00001318606 mean_iota=-1.22245056058 solver_iterations=3074
evaluation=1461 objective=5.36942964651e-05 qs=5.36941223988e-05 aspect=8.00001319342 mean_iota=-1.22245002984 solver_iterations=3074
evaluation=1462 objective=5.36935957452e-05 qs=5.36934218261e-05 aspect=8.00001318784 mean_iota=-1.22244989748 solver_iterations=3074
evaluation=1463 objective=5.36938949759e-05 qs=5.36937208091e-05 aspect=8.00001319723 mean_iota=-1.22244993789 solver_iterations=3074
evaluation=1464 objective=5.36940897833e-05 qs=5.36939156763e-05 aspect=8.00001319496 mean_iota=-1.22245001178 solver_iterations=3074
evaluation=1465 objective=5.3694414717e-05 qs=5.36942405761e-05 aspect=8.00001319625 mean_iota=-1.22245006077 solver_iterations=3074
evaluation=1466 objective=5.36957216513e-05 qs=5.36955475288e-05 aspect=8.00001319555 mean_iota=-1.22245008082 solver_iterations=3074
evaluation=1467 objective=5.36980330309e-05 qs=5.36978589271e-05 aspect=8.00001319484 mean_iota=-1.22245007604 solver_iterations=3074
evaluation=1468 objective=5.37019107601e-05 qs=5.37017366595e-05 aspect=8.00001319472 mean_iota=-1.22245006982 solver_iterations=3074
evaluation=1469 objective=5.36939557367e-05 qs=5.36937816344e-05 aspect=8.00001319478 mean_iota=-1.22245006247 solver_iterations=3074
accepted mode=5 iteration=11 objective=5.36939557367e-05
   11   1458    2.684697787e-05     0.033772271432.761202488e-09
evaluation=1470 objective=5.3693926581e-05 qs=5.36937524105e-05 aspect=8.00001319737 mean_iota=-1.22245005823 solver_iterations=3074
evaluation=1471 objective=6.43664273807e-05 qs=6.4364667897e-05 aspect=8.0000419462 mean_iota=-1.22259427552 solver_iterations=3074
evaluation=1472 objective=5.43396420967e-05 qs=5.43394902915e-05 aspect=8.00001232092 mean_iota=-1.22245066432 solver_iterations=3074
evaluation=1473 objective=5.37127643839e-05 qs=5.37125907962e-05 aspect=8.00001317527 mean_iota=-1.22244990868 solver_iterations=3074
evaluation=1474 objective=5.36946994028e-05 qs=5.36945252448e-05 aspect=8.00001319689 mean_iota=-1.22245004631 solver_iterations=3074
evaluation=1475 objective=5.36952616235e-05 qs=5.36950874535e-05 aspect=8.00001319735 mean_iota=-1.2224500528 solver_iterations=3074
evaluation=1476 objective=5.36957409235e-05 qs=5.36955667374e-05 aspect=8.00001319796 mean_iota=-1.22245006277 solver_iterations=3074
evaluation=1477 objective=5.36942601035e-05 qs=5.36940857856e-05 aspect=8.00001320295 mean_iota=-1.22245006497 solver_iterations=3074
evaluation=1478 objective=5.4152019884e-05 qs=5.41518304361e-05 aspect=8.00001376401 mean_iota=-1.22244229962 solver_iterations=3070
evaluation=1479 objective=6.36406730045e-05 qs=6.36400500623e-05 aspect=7.99997504119 mean_iota=-1.22241583482 solver_iterations=3081
evaluation=1480 objective=0.000177148053553 qs=0.000177061313327 aspect=7.99970548306 mean_iota=-1.22185585014 solver_iterations=3071
evaluation=1481 objective=0.000147972457905 qs=0.000132532656964 aspect=7.99607064879 mean_iota=-1.22211079202 solver_iterations=3077
evaluation=1482 objective=7.07121729942e-05 qs=7.06989594159e-05 aspect=7.99988504967 mean_iota=-1.22239397425 solver_iterations=3071
evaluation=1483 objective=5.5534526922e-05 qs=5.5534342347e-05 aspect=8.00001358584 mean_iota=-1.22244153909 solver_iterations=3074
evaluation=1484 objective=5.37097046434e-05 qs=5.3709526955e-05 aspect=8.00001332998 mean_iota=-1.22245018336 solver_iterations=3074
evaluation=1485 objective=5.36949370196e-05 qs=5.36947627218e-05 aspect=8.00001320219 mean_iota=-1.22245007242 solver_iterations=3074
evaluation=1486 objective=5.36962349838e-05 qs=5.36960608024e-05 aspect=8.00001319778 mean_iota=-1.22245006013 solver_iterations=3074
evaluation=1487 objective=5.36948141892e-05 qs=5.36946401409e-05 aspect=8.00001319274 mean_iota=-1.22245005682 solver_iterations=3074
evaluation=1488 objective=5.37037786528e-05 qs=5.37036064133e-05 aspect=8.000013124 mean_iota=-1.22245001213 solver_iterations=3074
evaluation=1489 objective=5.37275571774e-05 qs=5.37274023054e-05 aspect=8.00001244475 mean_iota=-1.2224498633 solver_iterations=3074
evaluation=1490 objective=5.36996382099e-05 qs=5.36992573479e-05 aspect=8.00001951569 mean_iota=-1.22245019769 solver_iterations=3074
evaluation=1491 objective=5.41424646521e-05 qs=5.40099966886e-05 aspect=7.99963603851 mean_iota=-1.22249767623 solver_iterations=3066
evaluation=1492 objective=5.44496153289e-05 qs=5.44495569157e-05 aspect=8.00000764285 mean_iota=-1.22250480202 solver_iterations=3066
evaluation=1493 objective=5.39599526128e-05 qs=5.39595695577e-05 aspect=8.00001957179 mean_iota=-1.22244491604 solver_iterations=3070
evaluation=1494 objective=5.3745134243e-05 qs=5.3744943762e-05 aspect=8.00001380149 mean_iota=-1.22244994516 solver_iterations=3074
evaluation=1495 objective=5.36977340731e-05 qs=5.36975587452e-05 aspect=8.00001324114 mean_iota=-1.22245000612 solver_iterations=3074
evaluation=1496 objective=5.36959248865e-05 qs=5.36957506277e-05 aspect=8.00001320071 mean_iota=-1.22245004824 solver_iterations=3074
evaluation=1497 objective=5.36970530077e-05 qs=5.36968788289e-05 aspect=8.00001319768 mean_iota=-1.22245005279 solver_iterations=3074
evaluation=1498 objective=5.36941428844e-05 qs=5.36939687063e-05 aspect=8.00001319765 mean_iota=-1.22245006175 solver_iterations=3074
evaluation=1499 objective=5.36956688811e-05 qs=5.36954925631e-05 aspect=8.00001327848 mean_iota=-1.22245003675 solver_iterations=3074
evaluation=1500 objective=5.36936590608e-05 qs=5.36934807662e-05 aspect=8.0000133527 mean_iota=-1.2224496575 solver_iterations=3074
evaluation=1501 objective=5.36921506715e-05 qs=5.36920784477e-05 aspect=8.00000849846 mean_iota=-1.2224423519 solver_iterations=3074
evaluation=1502 objective=5.36933447157e-05 qs=5.36931472873e-05 aspect=8.00001405092 mean_iota=-1.22244638533 solver_iterations=3074
evaluation=1503 objective=5.36935791943e-05 qs=5.3693389878e-05 aspect=8.00001375923 mean_iota=-1.22244907808 solver_iterations=3074
evaluation=1504 objective=5.36930325129e-05 qs=5.36928537069e-05 aspect=8.00001337184 mean_iota=-1.22244980112 solver_iterations=3074
evaluation=1505 objective=5.36941409726e-05 qs=5.36939661739e-05 aspect=8.00001322114 mean_iota=-1.22245006649 solver_iterations=3074
evaluation=1506 objective=5.36946775747e-05 qs=5.36945031489e-05 aspect=8.00001320704 mean_iota=-1.22245007558 solver_iterations=3074
evaluation=1507 objective=5.36965773471e-05 qs=5.36964031513e-05 aspect=8.00001319833 mean_iota=-1.22245007112 solver_iterations=3074
evaluation=1508 objective=5.36980296003e-05 qs=5.36978554255e-05 aspect=8.00001319753 mean_iota=-1.22245005962 solver_iterations=3074
evaluation=1509 objective=5.3693915697e-05 qs=5.36937415644e-05 aspect=8.00001319593 mean_iota=-1.22245004787 solver_iterations=3074
evaluation=1510 objective=5.36948268802e-05 qs=5.36946525557e-05 aspect=8.0000132032 mean_iota=-1.22245005893 solver_iterations=3074
evaluation=1511 objective=5.36942606457e-05 qs=5.36940885677e-05 aspect=8.00001311785 mean_iota=-1.22245013719 solver_iterations=3074
evaluation=1512 objective=5.36941948454e-05 qs=5.36940189094e-05 aspect=8.00001326409 mean_iota=-1.22244998659 solver_iterations=3074
evaluation=1513 objective=5.36944234015e-05 qs=5.36942462786e-05 aspect=8.00001330875 mean_iota=-1.2224506262 solver_iterations=3074
evaluation=1514 objective=5.36941653943e-05 qs=5.36939915433e-05 aspect=8.00001318526 mean_iota=-1.22245042265 solver_iterations=3074
evaluation=1515 objective=5.36942580007e-05 qs=5.36940836123e-05 aspect=8.00001320562 mean_iota=-1.22245009393 solver_iterations=3074
evaluation=1516 objective=5.36937780433e-05 qs=5.36936037787e-05 aspect=8.00001320093 mean_iota=-1.2224500518 solver_iterations=3074
evaluation=1517 objective=5.36944038379e-05 qs=5.36942296067e-05 aspect=8.00001319967 mean_iota=-1.22245005055 solver_iterations=3074
evaluation=1518 objective=5.36959632988e-05 qs=5.36957890974e-05 aspect=8.00001319854 mean_iota=-1.22245006113 solver_iterations=3074
evaluation=1519 objective=5.36980797659e-05 qs=5.36979055944e-05 aspect=8.00001319741 mean_iota=-1.22245005889 solver_iterations=3074
evaluation=1520 objective=5.36942912516e-05 qs=5.36941171816e-05 aspect=8.00001319356 mean_iota=-1.22245004557 solver_iterations=3074
evaluation=1521 objective=5.36940666924e-05 qs=5.36938926157e-05 aspect=8.00001319381 mean_iota=-1.22244993483 solver_iterations=3074
evaluation=1522 objective=5.36938498879e-05 qs=5.36936754798e-05 aspect=8.00001320636 mean_iota=-1.22244969471 solver_iterations=3074
evaluation=1523 objective=5.36946326037e-05 qs=5.36944581801e-05 aspect=8.00001320695 mean_iota=-1.2224496869 solver_iterations=3074
evaluation=1524 objective=5.36938848164e-05 qs=5.3693710489e-05 aspect=8.00001320331 mean_iota=-1.22244974516 solver_iterations=3074
evaluation=1525 objective=5.36937992407e-05 qs=5.3693624914e-05 aspect=8.00001320328 mean_iota=-1.222449945 solver_iterations=3074
evaluation=1526 objective=5.36940133895e-05 qs=5.36938391356e-05 aspect=8.00001320053 mean_iota=-1.22245003251 solver_iterations=3074
evaluation=1527 objective=5.36941564686e-05 qs=5.36939822688e-05 aspect=8.00001319848 mean_iota=-1.22245005919 solver_iterations=3074
evaluation=1528 objective=5.36949076503e-05 qs=5.36947334675e-05 aspect=8.00001319783 mean_iota=-1.22245006803 solver_iterations=3074
evaluation=1529 objective=5.36963620394e-05 qs=5.36961878713e-05 aspect=8.00001319728 mean_iota=-1.22245007187 solver_iterations=3074
evaluation=1530 objective=5.36997590275e-05 qs=5.36995848598e-05 aspect=8.00001319726 mean_iota=-1.22245006159 solver_iterations=3074
evaluation=1531 objective=5.89555594232e-05 qs=5.89553852527e-05 aspect=8.00001319737 mean_iota=-1.22263653335 solver_iterations=3074
evaluation=1532 objective=5.42979813176e-05 qs=5.42978071471e-05 aspect=8.00001319737 mean_iota=-1.22245220847 solver_iterations=3074
evaluation=1533 objective=5.36955199346e-05 qs=5.36953457641e-05 aspect=8.00001319737 mean_iota=-1.22245001395 solver_iterations=3074
evaluation=1534 objective=5.36947107743e-05 qs=5.36945366038e-05 aspect=8.00001319737 mean_iota=-1.22245004361 solver_iterations=3074
evaluation=1535 objective=5.36961090409e-05 qs=5.36959348704e-05 aspect=8.00001319737 mean_iota=-1.22245005397 solver_iterations=3074
evaluation=1536 objective=5.36971060255e-05 qs=5.36969318479e-05 aspect=8.00001319764 mean_iota=-1.22245005424 solver_iterations=3074
evaluation=1537 objective=5.37036990444e-05 qs=5.37035254577e-05 aspect=8.00001317523 mean_iota=-1.22245004668 solver_iterations=3074
evaluation=1538 objective=5.41292140417e-05 qs=5.41290552902e-05 aspect=8.00001259966 mean_iota=-1.22245035246 solver_iterations=3074
evaluation=1539 objective=6.74756849879e-05 qs=6.74745890527e-05 aspect=8.00003310491 mean_iota=-1.22247076867 solver_iterations=3065
evaluation=1540 objective=7.27807196843e-05 qs=7.03875727516e-05 aspect=8.00154697994 mean_iota=-1.22276565641 solver_iterations=3085
evaluation=1541 objective=0.000115483907329 qs=9.22308097259e-05 aspect=7.99517785342 mean_iota=-1.22187862028 solver_iterations=3021
evaluation=1542 objective=8.54014014981e-05 qs=8.53791672342e-05 aspect=7.99985088842 mean_iota=-1.2223678935 solver_iterations=3080
evaluation=1543 objective=5.64194214004e-05 qs=5.64192804632e-05 aspect=8.0000118717 mean_iota=-1.22244698596 solver_iterations=3077
evaluation=1544 objective=5.37233964297e-05 qs=5.37232195808e-05 aspect=8.00001329845 mean_iota=-1.22245015189 solver_iterations=3074
evaluation=1545 objective=5.36952740372e-05 qs=5.3695099744e-05 aspect=8.00001320201 mean_iota=-1.22245007124 solver_iterations=3074
evaluation=1546 objective=5.36966116491e-05 qs=5.36964374771e-05 aspect=8.00001319743 mean_iota=-1.22245006389 solver_iterations=3074
evaluation=1547 objective=5.36943168811e-05 qs=5.36941425947e-05 aspect=8.00001320176 mean_iota=-1.22245006294 solver_iterations=3074
evaluation=1548 objective=5.36955734496e-05 qs=5.36953988497e-05 aspect=8.00001321362 mean_iota=-1.22245007481 solver_iterations=3074
evaluation=1549 objective=5.37121045794e-05 qs=5.37119263367e-05 aspect=8.00001335076 mean_iota=-1.22245074112 solver_iterations=3074
evaluation=1550 objective=5.39447417916e-05 qs=5.39414681116e-05 aspect=8.00005721608 mean_iota=-1.22243914688 solver_iterations=3067
evaluation=1551 objective=5.42484383352e-05 qs=5.40570025342e-05 aspect=7.99956246623 mean_iota=-1.22240917254 solver_iterations=3065
evaluation=1552 objective=5.41542570679e-05 qs=5.41527604947e-05 aspect=7.99996131443 mean_iota=-1.22248515749 solver_iterations=3066
evaluation=1553 objective=5.37659470238e-05 qs=5.37656269451e-05 aspect=8.00001789074 mean_iota=-1.22245364113 solver_iterations=3074
evaluation=1554 objective=5.3759365112e-05 qs=5.37591787835e-05 aspect=8.00001365022 mean_iota=-1.22245025261 solver_iterations=3074
evaluation=1555 objective=5.36953170844e-05 qs=5.36951422989e-05 aspect=8.00001322065 mean_iota=-1.22245003441 solver_iterations=3074
evaluation=1556 objective=5.36961077074e-05 qs=5.36959334416e-05 aspect=8.00001320098 mean_iota=-1.22245004898 solver_iterations=3074
evaluation=1557 objective=5.36978814644e-05 qs=5.36977072683e-05 aspect=8.00001319834 mean_iota=-1.22245005453 solver_iterations=3074
evaluation=1558 objective=5.36944299769e-05 qs=5.36942559737e-05 aspect=8.00001319103 mean_iota=-1.22245005851 solver_iterations=3074
evaluation=1559 objective=5.36940601399e-05 qs=5.3693885393e-05 aspect=8.00001321919 mean_iota=-1.22245006329 solver_iterations=3074
evaluation=1560 objective=5.36943949914e-05 qs=5.36942195875e-05 aspect=8.00001324401 mean_iota=-1.22245036133 solver_iterations=3074
evaluation=1561 objective=5.37232255965e-05 qs=5.37232122063e-05 aspect=8.00000365926 mean_iota=-1.22247320565 solver_iterations=3074
evaluation=1562 objective=5.36950996105e-05 qs=5.36949032357e-05 aspect=8.00001401338 mean_iota=-1.2224467027 solver_iterations=3074
evaluation=1563 objective=5.36949216982e-05 qs=5.36947295856e-05 aspect=8.00001386047 mean_iota=-1.22244897537 solver_iterations=3074
evaluation=1564 objective=5.3694134652e-05 qs=5.3693957768e-05 aspect=8.00001329978 mean_iota=-1.2224498102 solver_iterations=3074
evaluation=1565 objective=5.36945355066e-05 qs=5.36943606088e-05 aspect=8.00001322489 mean_iota=-1.22245004005 solver_iterations=3074
evaluation=1566 objective=5.36948289834e-05 qs=5.36946544879e-05 aspect=8.00001320968 mean_iota=-1.22245007018 solver_iterations=3074
evaluation=1567 objective=5.36963662973e-05 qs=5.3696192101e-05 aspect=8.00001319834 mean_iota=-1.22245006726 solver_iterations=3074
evaluation=1568 objective=5.36991449415e-05 qs=5.36989707646e-05 aspect=8.00001319761 mean_iota=-1.22245006418 solver_iterations=3074
evaluation=1569 objective=5.36933880102e-05 qs=5.36932134724e-05 aspect=8.00001321128 mean_iota=-1.22245004834 solver_iterations=3074
evaluation=1570 objective=5.36937702651e-05 qs=5.36935967199e-05 aspect=8.00001317366 mean_iota=-1.22245006615 solver_iterations=3074
evaluation=1571 objective=5.3694452284e-05 qs=5.36942798481e-05 aspect=8.00001313149 mean_iota=-1.22245018767 solver_iterations=3074
evaluation=1572 objective=5.36943817747e-05 qs=5.36942052456e-05 aspect=8.00001328643 mean_iota=-1.22244902986 solver_iterations=3074
evaluation=1573 objective=5.36944347061e-05 qs=5.36942581411e-05 aspect=8.00001328778 mean_iota=-1.22244987758 solver_iterations=3074
evaluation=1574 objective=5.3694724628e-05 qs=5.36945494252e-05 aspect=8.00001323642 mean_iota=-1.22245066366 solver_iterations=3074
evaluation=1575 objective=5.36944418121e-05 qs=5.36942674191e-05 aspect=8.00001320579 mean_iota=-1.22245012961 solver_iterations=3074
evaluation=1576 objective=5.36944107112e-05 qs=5.36942364457e-05 aspect=8.00001320097 mean_iota=-1.22245007033 solver_iterations=3074
evaluation=1577 objective=5.36954221848e-05 qs=5.36952479765e-05 aspect=8.0000131988 mean_iota=-1.22245005448 solver_iterations=3074
evaluation=1578 objective=5.36969856334e-05 qs=5.36968114296e-05 aspect=8.00001319863 mean_iota=-1.22245005303 solver_iterations=3074
evaluation=1579 objective=5.37004618379e-05 qs=5.37002876652e-05 aspect=8.00001319745 mean_iota=-1.22245006028 solver_iterations=3074
evaluation=1580 objective=5.36943975673e-05 qs=5.36942234821e-05 aspect=8.00001319413 mean_iota=-1.22245005625 solver_iterations=3074
evaluation=1581 objective=5.36940496406e-05 qs=5.3693875455e-05 aspect=8.00001319794 mean_iota=-1.22245009833 solver_iterations=3074
evaluation=1582 objective=5.36942025795e-05 qs=5.36940286393e-05 aspect=8.00001318864 mean_iota=-1.22245055633 solver_iterations=3074
evaluation=1583 objective=5.36942676371e-05 qs=5.36940935026e-05 aspect=8.000013196 mean_iota=-1.22245002558 solver_iterations=3074
evaluation=1584 objective=5.36935667359e-05 qs=5.36933927486e-05 aspect=8.00001319042 mean_iota=-1.22244989326 solver_iterations=3074
evaluation=1585 objective=5.36938648829e-05 qs=5.36936906478e-05 aspect=8.00001319981 mean_iota=-1.22244993364 solver_iterations=3074
evaluation=1586 objective=5.36940619581e-05 qs=5.36938877829e-05 aspect=8.00001319754 mean_iota=-1.22245000754 solver_iterations=3074
evaluation=1587 objective=5.36943863984e-05 qs=5.36942121893e-05 aspect=8.00001319883 mean_iota=-1.22245005653 solver_iterations=3074
evaluation=1588 objective=5.36956932256e-05 qs=5.36955190349e-05 aspect=8.00001319813 mean_iota=-1.22245007659 solver_iterations=3074
evaluation=1589 objective=5.36980035563e-05 qs=5.36978293843e-05 aspect=8.00001319742 mean_iota=-1.22245007179 solver_iterations=3074
evaluation=1590 objective=5.37018820143e-05 qs=5.37017078455e-05 aspect=8.0000131973 mean_iota=-1.22245006559 solver_iterations=3074
evaluation=1591 objective=5.3693926581e-05 qs=5.36937524105e-05 aspect=8.00001319737 mean_iota=-1.22245005823 solver_iterations=3074
accepted mode=5 iteration=12 objective=5.3693926581e-05
finished max_mode=5 status=The step size satisfies xtol. objective=5.3693926581e-05 evaluations=1579 iterations=12 equilibrium_evaluations=1591 nonlinear_iterations=4881498 analytic_jacobians=0 linear_iterations=0
